brand,model,sku,asin,return_units,returns_3p,returns_1p,sellable_units,unsellable_units,sellable_pct,return_pct,top_reason,last_return_at
Tonor,K1,FBA77113,B01ISNU3X4,23,4,19,2,2,50.0,5.7,UNDELIVERABLE_REFUSED,2026-08-29T05:03:32+00:00
Tonor,S20,FBA77117,B078WNW4YW,1,1,0,0,1,0.0,2.4,SWITCHEROO,2026-06-27T04:16:20+00:00
Tonor,G11,FBA79260,B07GVGMW59,14,4,10,2,2,50.0,7.0,UNDELIVERABLE_REFUSED,2026-09-01T12:25:13+00:00
Tonor,TC-777,FBA77101,B07WLWN2ZT,10,1,9,0,1,0.0,14.5,UNWANTED_ITEM,2026-08-27T11:19:38+00:00
Tonor,TC20,FBA77104,B089SJGQBH,1,1,0,1,0,100.0,20.0,UNDELIVERABLE_REFUSED,2026-08-31T09:38:54+00:00
Tonor,TC30,FBA77111,B08CVP2HXP,13,1,12,0,1,0.0,7.5,QUALITY_UNACCEPTABLE,2026-09-05T07:00:44+00:00
Tonor,TM20,FBA77110,B08NDB5NWP,5,2,3,0,2,0.0,4.3,NOT_AS_DESCRIBED,2026-08-26T04:06:36+00:00
Tonor,TC40,FBA77115,B08V1JS3NY,3,1,2,0,1,0.0,33.3,UNDELIVERABLE_REFUSED,2026-09-03T10:39:30+00:00
Audio Array,AM-C1,FBA75673,B0B4DPX2J2,140,17,123,8,9,47.1,5.8,UNDELIVERABLE_REFUSED,2026-08-30T05:27:51+00:00
Audio Array,AM-C2,FBA75674,B0B4G19R58,10,7,3,5,2,71.4,4.9,UNDELIVERABLE_REFUSED,2026-09-05T05:01:36+00:00
Audio Array,AM-C11,FBA75692,B0B4G1HPL5,6,3,3,1,2,33.3,17.6,SWITCHEROO,2026-08-31T05:53:03+00:00
Audio Array,AM-W13,FBA75689,B0B4G59Y8W,18,12,6,12,0,100.0,17.3,DEFECTIVE,2026-09-06T07:43:49+00:00
Audio Array,AM-W14,FBA75691,B0B4G5JG4P,15,8,7,5,3,62.5,9.3,UNDELIVERABLE_REFUSED,2026-08-27T04:02:20+00:00
Audio Array,AA-04,FBA75684,B0B4G7VWXD,8,3,5,2,1,66.7,5.8,UNWANTED_ITEM,2026-07-03T20:20:15+00:00
Audio Array,AM-C3,FBA75675,B0B4G8ZB64,8,3,5,1,2,33.3,7.1,DEFECTIVE,2026-09-05T11:43:48+00:00
Audio Array,AM-C10,FBA75690,B0B4K87PR4,3,1,2,1,0,100.0,2.3,QUALITY_UNACCEPTABLE,2026-08-20T06:22:27+00:00
Audio Array,AM-C5,FBA75677,B0B4KC7VBM,14,5,9,4,1,80.0,4.1,DEFECTIVE,2026-08-19T05:18:42+00:00
Tonor,TC30S,FBA79574,B0B4WTHLX5,3,3,0,2,1,66.7,20.0,UNDELIVERABLE_REFUSED,2026-09-05T03:19:09+00:00
White Mulberry,WM-LOD-WH,FBA76417,B0BFVMDJ2K,27,27,0,7,20,25.9,23.9,UNDELIVERABLE_REFUSED,2026-08-29T04:43:54+00:00
White Mulberry,WM-LOD-IN,FBA76418,B0BFVNS8HS,6,6,0,0,6,0.0,19.4,SWITCHEROO,2026-08-29T11:13:53+00:00
White Mulberry,WM-LOD-BK,FBA76416,B0BFW59TRG,5,5,0,0,5,0.0,20.0,SWITCHEROO,2026-08-07T09:34:30+00:00
White Mulberry,WM-LOD-CF,FBA76415,B0BFWD6SNF,21,21,0,5,16,23.8,20.2,UNDELIVERABLE_REFUSED,2026-09-05T06:10:32+00:00
Audio Array,AA-05,FBA76414,B0BLJVJ2GN,20,5,15,2,3,40.0,4.6,ORDERED_WRONG_ITEM,2026-08-28T16:09:38+00:00
Audio Array,AM-K1,FBA76742,B0BLKBJ5HN,8,8,0,7,1,87.5,72.7,SWITCHEROO,2026-08-15T04:56:56+00:00
Audio Array,AM-C22,FBA76725,B0BLKCSJ7Z,2,1,1,0,1,0.0,50.0,UNDELIVERABLE_REFUSED,2026-08-14T09:35:54+00:00
Audio Array,AM-C17,FBA76720,B0BLKCWZQD,3,3,0,1,2,33.3,75.0,UNDELIVERABLE_REFUSED,2026-07-30T06:56:04+00:00
White Mulberry,WM-SEH04P-CF,FBA76765,B0BMQQQ7YD,1,1,0,0,1,0.0,,SWITCHEROO,2026-06-18T09:01:23+00:00
Audio Array,AM-C28,FBA76862,B0BPLWW72Y,20,7,13,5,2,71.4,3.8,UNDELIVERABLE_REFUSED,2026-09-01T10:07:39+00:00
Audio Array,AI-04 Red,FBA76864,B0BPLZ5CGV,130,17,113,17,0,100.0,8.1,UNDELIVERABLE_REFUSED,2026-09-05T05:00:00+00:00
Audio Array,AI-03,FBA76863,B0BPM2T7BQ,9,2,7,2,0,100.0,11.5,UNDELIVERABLE_REFUSED,2026-08-27T12:39:29+00:00
Audio Array,AM-C29,FBA77011,B0BPMN89NG,3,3,0,2,1,66.7,37.5,UNDELIVERABLE_REFUSED,2026-08-14T08:54:49+00:00
Audio Array,AA-06,FBA76597,B0BQ7H7418,9,3,6,3,0,100.0,7.5,UNDELIVERABLE_REFUSED,2026-09-03T10:50:12+00:00
Tonor,TC310,FBA79113,B0BTCXQQ6M,2,2,0,2,0,100.0,7.1,UNDELIVERABLE_REFUSED,2026-09-06T04:51:12+00:00
Audio Array,AM-C30,FBA78203,B0C4YTNJG7,1,1,0,1,0,100.0,50.0,UNDELIVERABLE_REFUSED,2026-08-19T09:17:10+00:00
Audio Array,AM-C32,FBA78205,B0C539RBGL,2,2,0,1,1,50.0,33.3,DEFECTIVE,2026-09-01T04:07:12+00:00
Audio Array,AM-C33,FBA78420,B0C5957W3P,1,1,0,1,0,100.0,25.0,DEFECTIVE,2026-08-30T11:46:49+00:00
Audio Array,AM-C36,FBA78423,B0C598Q6PT,1,1,0,0,1,0.0,50.0,DEFECTIVE,2026-08-22T03:43:28+00:00
Audio Array,AM-C39,FBA78960,B0CBCB82MT,19,5,14,1,4,20.0,17.0,DEFECTIVE,2026-08-06T09:40:21+00:00
Tonor,TC310+,FBA79114,B0CCV74CL7,10,4,6,3,1,75.0,9.8,UNDELIVERABLE_REFUSED,2026-07-03T10:34:59+00:00
Nexlev,GS-02,FBA78980,B0CDPMX152,51,51,0,37,14,72.5,8.8,UNDELIVERABLE_REFUSED,2026-09-07T03:41:14+00:00
Nexlev,SC-01,FBA78981,B0CDPP45BM,185,185,0,118,67,63.8,12.3,UNDELIVERABLE_REFUSED,2026-09-06T17:38:20+00:00
Nexlev,NP-02,FBA78995,B0CDQ55W2M,1,1,0,0,1,0.0,50.0,QUALITY_UNACCEPTABLE,2026-08-30T07:00:28+00:00
Audio Array,AA-21,FBA78975,B0CF5TCQKL,28,11,17,8,3,72.7,7.6,UNDELIVERABLE_REFUSED,2026-09-01T11:34:24+00:00
Tonor,T20LP,FBA79585,B0CFKHCQ8W,6,6,0,4,2,66.7,16.7,UNDELIVERABLE_REFUSED,2026-09-05T12:46:12+00:00
Audio Array,AM-C3a,FBA79016,B0CH4R1V6S,5,2,3,1,1,50.0,20.8,DEFECTIVE,2026-08-13T08:36:50+00:00
Audio Array,AM-C43,FBA79011,B0CH4RNWJX,25,3,22,2,1,66.7,10.2,UNDELIVERABLE_REFUSED,2026-08-10T06:26:02+00:00
Audio Array,AI-06,FBA79008,B0CH4RT4P8,6,1,5,1,0,100.0,23.1,DEFECTIVE,2026-09-04T11:14:24+00:00
Audio Array,AM-C42,FBA79010,B0CH4T2BJD,1,1,0,1,0,100.0,2.9,UNDELIVERABLE_REFUSED,2026-06-21T04:26:00+00:00
Audio Array,AC-6XL,FBA77171,B0CH4VCD6R,15,4,11,4,0,100.0,2.2,UNDELIVERABLE_REFUSED,2026-08-09T04:58:20+00:00
Audio Array,AM-W45,FBA79005,B0CKHVHVQ1,37,7,30,6,1,85.7,3.7,QUALITY_UNACCEPTABLE,2026-08-16T11:43:25+00:00
Audio Array,AI-10,FBA79103,B0CM6NTWBP,20,3,17,3,0,100.0,10.5,UNDELIVERABLE_REFUSED,2026-08-25T11:59:41+00:00
Audio Array,AI-11,FBA79104,B0CM6NVLT9,33,3,30,3,0,100.0,9.3,DEFECTIVE,2026-08-19T11:09:13+00:00
Audio Array,AI-12,FBA79105,B0CM6WH4ZT,59,22,37,19,3,86.4,30.9,DEFECTIVE,2026-09-02T08:26:21+00:00
Audio Array,AM-W18,FBA79109,B0CM9HYVDM,9,3,6,1,2,33.3,6.1,NOT_COMPATIBLE,2026-07-23T06:32:59+00:00
Audio Array,AM-C44,FBA79106,B0CM9KJZWQ,2,2,0,1,1,50.0,4.3,QUALITY_UNACCEPTABLE,2026-08-30T07:55:31+00:00
Audio Array,AM-W16,FBA79108,B0CM9L1QZG,10,3,7,2,1,66.7,16.4,UNDELIVERABLE_REFUSED,2026-08-10T11:37:34+00:00
Audio Array,AM-W17,FBA79107,B0CM9P5CCK,11,1,10,1,0,100.0,6.7,UNDELIVERABLE_REFUSED,2026-08-13T03:53:29+00:00
White Mulberry,WM-GD07-CB,FBA79167,B0CPFS24ML,134,134,0,84,50,62.7,32.1,UNDELIVERABLE_REFUSED,2026-09-06T12:08:22+00:00
White Mulberry,WM-SE08-CF,FBA79179,B0CPT3Q25C,6,6,0,2,4,33.3,27.3,UNDELIVERABLE_REFUSED,2026-07-15T06:26:59+00:00
Tonor,TD310+,FBA79696,B0CQX3VB1R,12,6,6,3,3,50.0,16.2,UNDELIVERABLE_REFUSED,2026-09-02T05:41:42+00:00
Tonor,TD310,FBA79697,B0CQX4K9P5,20,3,17,2,1,66.7,9.8,UNDELIVERABLE_REFUSED,2026-08-16T07:56:05+00:00
Nexlev,GS-04,FBA79229,B0CQX9ZZMH,2,2,0,0,2,0.0,40.0,UNDELIVERABLE_REFUSED,2026-08-19T06:41:49+00:00
Tonor,TM310,FBA79577,B0CSCT63BL,2,2,0,0,2,0.0,7.1,DEFECTIVE,2026-07-11T11:16:57+00:00
Nexlev,DF-01-BK,FBA79174,B0CW1JJP9S,1,1,0,0,1,0.0,,EXTRA_ITEM,2026-07-01T10:02:10+00:00
Nexlev,MR-01,FBA79263,B0CYSLCRQS,158,158,0,94,64,59.5,17.6,DEFECTIVE,2026-09-05T16:30:57+00:00
Nexlev,T-02,FBA79267,B0D2LD6BYJ,11,11,0,9,2,81.8,17.7,DEFECTIVE,2026-08-31T08:19:55+00:00
Nexlev,HS-01,FBA79272,B0D2LFMY48,1,1,0,0,1,0.0,3.0,UNDELIVERABLE_REFUSED,2026-06-19T09:00:03+00:00
Nexlev,CR-01,FBA79265,B0D2LHNS9B,8,8,0,6,2,75.0,25.0,UNDELIVERABLE_REFUSED,2026-07-26T08:29:20+00:00
Nexlev,SM-01,FBA79276,B0D2LJSQXZ,24,24,0,18,6,75.0,27.3,UNDELIVERABLE_REFUSED,2026-08-29T06:44:08+00:00
Nexlev,HS-02,FBA79273,B0D2LKB4BJ,2,2,0,2,0,100.0,9.5,DEFECTIVE,2026-08-31T06:40:04+00:00
Nexlev,ET-01-BK,FBA79373,B0D2P5TGWK,7,7,0,7,0,100.0,8.4,UNDELIVERABLE_REFUSED,2026-08-29T08:14:24+00:00
Nexlev,ET-02-GN,FBA79374,B0D2P7WLJB,5,5,0,5,0,100.0,5.8,UNDELIVERABLE_REFUSED,2026-08-09T15:26:16+00:00
Nexlev,GS-05,FBA79268,B0D383WQPB,11,11,0,9,2,81.8,5.4,UNDELIVERABLE_REFUSED,2026-09-01T05:32:24+00:00
Audio Array,AM-C46,FBA79380,B0D3M1B4Z8,14,1,13,1,0,100.0,5.2,UNDELIVERABLE_REFUSED,2026-08-18T12:29:56+00:00
Audio Array,AA-19BL,FBA79355,B0D3M86SH1,6,4,2,3,1,75.0,14.0,DAMAGED_BY_FC,2026-08-25T05:03:17+00:00
Nexlev,HM-01,FBA79332,B0D63FKYZ5,1,1,0,1,0,100.0,0.6,UNDELIVERABLE_UNKNOWN,2026-08-18T04:54:04+00:00
Nexlev,SC-03,FBA79277,B0D672NXC8,20,20,0,7,13,35.0,37.0,UNDELIVERABLE_REFUSED,2026-09-03T03:46:41+00:00
Nexlev,EA-01,FBP79350,B0D67727VG,30,30,0,20,10,66.7,10.1,UNDELIVERABLE_REFUSED,2026-09-03T08:29:29+00:00
Nexlev,HD-02,FBA79348,B0D81DLSFT,1,1,0,1,0,100.0,1.2,UNDELIVERABLE_UNKNOWN,2026-09-04T15:06:40+00:00
Nexlev,ETC-05-PI,FBK79347,B0D842173P,1,1,0,1,0,100.0,16.7,UNDELIVERABLE_REFUSED,2026-08-12T08:05:37+00:00
Nexlev,LR-01,FBA79279,B0D8445KJN,2,2,0,2,0,100.0,1.0,QUALITY_UNACCEPTABLE,2026-09-06T04:39:22+00:00
Nexlev,LR-02,FBA79280,B0D845B2DG,9,9,0,9,0,100.0,9.0,UNDELIVERABLE_REFUSED,2026-09-06T06:25:16+00:00
Nexlev,SW-01,FBA79349,B0D9KDQCCM,56,56,0,27,29,48.2,53.8,QUALITY_UNACCEPTABLE,2026-09-05T15:52:12+00:00
Nexlev,HSB-03,FBA79405,B0D9KFP4MG,19,19,0,16,3,84.2,10.5,UNDELIVERABLE_REFUSED,2026-09-07T04:27:41+00:00
Nexlev,LE-03,FBA79443,B0D9KFQG8Q,4,4,0,4,0,100.0,40.0,UNDELIVERABLE_REFUSED,2026-08-30T09:15:59+00:00
Nexlev,FS-01,FBA79404,B0D9KFZYG8,5,5,0,3,2,60.0,2.2,UNDELIVERABLE_REFUSED,2026-07-27T05:34:43+00:00
White Mulberry,WM-GS1M-BK,FBA79476,B0DB5VG39T,9,9,0,6,3,66.7,1.3,UNDELIVERABLE_REFUSED,2026-08-24T06:15:41+00:00
White Mulberry,WM-GS2M-BK,FBA79477,B0DB5VVPSB,7,7,0,5,2,71.4,5.3,MISSING_PARTS,2026-08-25T03:56:19+00:00
White Mulberry,WM-HA1M-BK,FBA79478,B0DB5W4TCP,1,1,0,0,1,0.0,1.7,NEVER_ARRIVED,2026-09-06T06:25:08+00:00
White Mulberry,WM-HA2M-BK,FBA79479,B0DB5YTQZV,7,7,0,1,6,14.3,3.2,UNDELIVERABLE_REFUSED,2026-09-06T07:50:46+00:00
Nexlev,LE-02,FBA79440,B0DCGHKRXX,5,5,0,4,1,80.0,9.1,UNDELIVERABLE_REFUSED,2026-08-25T08:55:18+00:00
Nexlev,VC-01,FBA79452,B0DCGHVN81,131,131,0,60,71,45.8,17.2,UNDELIVERABLE_REFUSED,2026-09-06T20:43:54+00:00
Nexlev,HSB-04,FBA79406,B0DCK3N2JJ,44,44,0,34,10,77.3,29.5,UNDELIVERABLE_REFUSED,2026-09-06T22:59:55+00:00
Nexlev,LE-04,FBA79469,B0DCK4DR1B,5,5,0,5,0,100.0,22.7,UNDELIVERABLE_REFUSED,2026-08-06T04:29:48+00:00
Nexlev,VC-02,FBA79463,B0DCK56Q85,9,9,0,3,6,33.3,9.6,UNDELIVERABLE_REFUSED,2026-09-05T11:55:30+00:00
Nexlev,MR-02,FBA79439,B0DCK7ZH5P,69,69,0,47,22,68.1,13.2,UNDELIVERABLE_REFUSED,2026-09-07T03:51:42+00:00
Nexlev,VC-03,FBA79480,B0DDC3GVZW,2,2,0,2,0,100.0,7.4,QUALITY_UNACCEPTABLE,2026-08-26T11:56:44+00:00
Nexlev,CM-02-PR,FBA79472,B0DFCDZWND,6,6,0,4,2,66.7,8.2,UNDELIVERABLE_UNKNOWN,2026-08-11T11:38:19+00:00
Nexlev,KE-01,FBA79488,B0DFCG2VGS,6,6,0,3,3,50.0,8.2,DEFECTIVE,2026-08-10T12:34:56+00:00
Nexlev,KE-02,FBA79489,B0DFD123P5,3,3,0,2,1,66.7,9.1,DEFECTIVE,2026-06-24T05:31:15+00:00
Audio Array,AM-W35,FBA79448,B0DFMKY4TT,2,1,1,1,0,100.0,11.1,NEVER_ARRIVED,2026-07-01T06:36:02+00:00
Audio Array,AM-W32,FBA79445,B0DFMLS8JG,5,5,0,4,1,80.0,7.8,NO_REASON_GIVEN,2026-08-05T10:56:00+00:00
Audio Array,AM-W33,FBA79446,B0DFMMTWLY,6,3,3,3,0,100.0,8.7,DEFECTIVE,2026-08-22T08:02:20+00:00
Audio Array,AM-W36,FBA79449,B0DFMNGFTD,2,1,1,1,0,100.0,4.7,QUALITY_UNACCEPTABLE,2026-07-30T04:19:58+00:00
Nexlev,TM-02,FBA79481,B0DFMRG2K4,1,1,0,1,0,100.0,25.0,UNDELIVERABLE_REFUSED,2026-06-19T07:05:52+00:00
Nexlev,MR-01 HEPA Filter,FBA79436,B0DGTGKPJR,1,1,0,1,0,100.0,10.0,UNDELIVERABLE_REFUSED,2026-08-23T09:27:07+00:00
Nexlev,TIC-03,FBA79474,B0DJFH4K8B,3,3,0,3,0,100.0,10.7,DEFECTIVE,2026-08-07T10:43:54+00:00
Nexlev,TI-02,FBA79473,B0DJFH6RTL,4,4,0,2,2,50.0,8.0,UNAUTHORIZED_PURCHASE,2026-08-02T10:01:00+00:00
Nexlev,TIC-04,FBA79475,B0DJFJZMC6,1,1,0,1,0,100.0,100.0,UNDELIVERABLE_REFUSED,2026-06-13T07:49:07+00:00
Nexlev,TM-01,FBA79467,B0DK9LYT4P,4,4,0,2,2,50.0,3.3,SWITCHEROO,2026-08-27T09:11:11+00:00
Nexlev,VC-05,FBA79566,B0DKJSCLBD,1,1,0,0,1,0.0,1.4,SWITCHEROO,2026-06-29T04:38:20+00:00
Nexlev,BR-01,FBA79570,B0DKJXRXKM,18,18,0,9,9,50.0,20.9,DEFECTIVE,2026-08-14T08:42:58+00:00
Nexlev,EA-02,FBA79573,B0DKK15YNJ,23,23,0,20,3,87.0,14.6,UNDELIVERABLE_REFUSED,2026-08-20T09:11:48+00:00
Nexlev,CFM-01,FBA79590,B0DM6BB3VT,34,34,0,22,12,64.7,10.7,UNDELIVERABLE_REFUSED,2026-08-02T05:11:27+00:00
Nexlev,MG-01,FBA79596,B0DMT19RWC,1,1,0,1,0,100.0,8.3,QUALITY_UNACCEPTABLE,2026-08-10T12:41:09+00:00
Nexlev,CF-01,FBA79484,B0DNJF1BLS,1,1,0,0,1,0.0,16.7,DAMAGED_BY_CARRIER,2026-07-27T11:28:39+00:00
Nexlev,SC-04,FBA79567,B0DNJS23HS,194,194,0,100,94,51.5,20.9,UNDELIVERABLE_REFUSED,2026-09-07T04:29:15+00:00
White Mulberry,MS1ML,FBA79613,B0DP2VVRND,11,11,0,5,6,45.5,2.0,UNDELIVERABLE_REFUSED,2026-08-31T20:04:08+00:00
White Mulberry,WM1ML,FBA79612,B0DP2WC5VW,11,11,0,7,4,63.6,13.9,UNDELIVERABLE_REFUSED,2026-08-22T03:31:31+00:00
White Mulberry,VLMS1ML,FBA79615,B0DP2Z5DQ9,11,11,0,7,4,63.6,15.9,UNDELIVERABLE_REFUSED,2026-08-27T11:56:51+00:00
White Mulberry,MS2ML,FBA79614,B0DP313R77,1,1,0,0,1,0.0,25.0,NEVER_ARRIVED,2026-07-15T04:08:20+00:00
White Mulberry,HD1ML,FBA79616,B0DP3194QN,1,1,0,1,0,100.0,6.7,UNDELIVERABLE_REFUSED,2026-07-28T13:36:01+00:00
White Mulberry,HDWF1ML,FBA79617,B0DP32F346,2,2,0,0,2,0.0,1.0,QUALITY_UNACCEPTABLE,2026-09-01T18:22:36+00:00
White Mulberry,WM-MDL-WH,FBA79658,B0DQ1PKNSP,1,1,0,0,1,0.0,,SWITCHEROO,2026-06-15T08:53:22+00:00
White Mulberry,WM-MODL-WH,FBA79662,B0DQ4YWSMC,5,5,0,1,4,20.0,33.3,DEFECTIVE,2026-07-03T14:02:46+00:00
White Mulberry,WM-MODL-BK,FBA79661,B0DQ51R95T,1,1,0,0,1,0.0,50.0,UNDELIVERABLE_REFUSED,2026-07-25T05:35:32+00:00
Nexlev,V-01 RG,FBK79271,B0DQ8W1RBV,7,7,0,3,4,42.9,4.0,UNDELIVERABLE_REFUSED,2026-08-27T07:51:47+00:00
Nexlev,V-03,FBA79493,B0DQCWRG3H,184,184,0,159,25,86.4,15.8,UNDELIVERABLE_REFUSED,2026-09-07T05:07:38+00:00
White Mulberry,WM-LODN-WH,FBA79667,B0DQPK7MFH,1,1,0,0,1,0.0,,SWITCHEROO,2026-06-11T10:43:03+00:00
Audio Array,AA-26,FBA79694,B0DT6T6N6B,56,11,45,8,3,72.7,6.0,NOT_COMPATIBLE,2026-08-22T12:27:46+00:00
Nexlev,V-02,FBA79492,B0DT6Y7KJM,3,3,0,1,2,33.3,21.4,UNDELIVERABLE_REFUSED,2026-08-07T06:28:04+00:00
Nexlev,SPM-01,FBA79699,B0DTYDTKN8,7,7,0,4,3,57.1,53.8,UNDELIVERABLE_REFUSED,2026-08-25T08:43:58+00:00
Nexlev,MGS-02,FBA79686,B0DV94R4QD,2,2,0,1,1,50.0,20.0,UNDELIVERABLE_UNKNOWN,2026-08-24T03:27:18+00:00
Nexlev,AP-03,FBA79692,B0DVC58QPZ,2,2,0,0,2,0.0,8.7,QUALITY_UNACCEPTABLE,2026-07-19T06:51:35+00:00
Nexlev,ST-01,FBA79679,B0DVC7VJP1,73,73,0,46,27,63.0,23.5,UNDELIVERABLE_REFUSED,2026-08-21T12:26:28+00:00
Nexlev,HU-02,FBA79682,B0DVC8NYY2,12,12,0,8,4,66.7,20.7,DEFECTIVE,2026-08-11T05:09:59+00:00
Nexlev,CFM-02,FBA79689,B0DVSZ2VVJ,8,8,0,2,6,25.0,42.1,UNDELIVERABLE_REFUSED,2026-09-04T04:15:13+00:00
Audio Array,AM-S1,FBA79482,B0DXFPM4N2,39,9,30,3,6,33.3,7.3,UNDELIVERABLE_REFUSED,2026-09-07T03:58:57+00:00
Nexlev,KM-01,FBK79591,B0F29SZCVF,3,3,0,2,1,66.7,16.7,UNDELIVERABLE_UNKNOWN,2026-09-04T10:49:02+00:00
Nexlev,SPM-01 Set of 2 Mops,FBA79717,B0F2MZ9BJS,2,2,0,2,0,100.0,28.6,UNDELIVERABLE_UNKNOWN,2026-07-12T07:41:01+00:00
Nexlev,LR-02 Set of 2 blades,FBA79607,B0F2N11VTN,1,1,0,0,1,0.0,33.3,NOT_COMPATIBLE,2026-07-09T05:29:45+00:00
Nexlev,SC-04 Set of 2 Mops,FBK79714,B0F2N1HTBT,1,1,0,0,1,0.0,11.1,NOT_COMPATIBLE,2026-08-16T10:59:01+00:00
Nexlev,MR-02 HEPA Filter,FBA79721,B0F2N4N83Y,12,12,0,2,10,16.7,54.5,UNDELIVERABLE_REFUSED,2026-08-13T05:12:11+00:00
Nexlev,SC-05,FBA79652,B0F43P6D23,310,310,0,130,180,41.9,18.7,UNDELIVERABLE_REFUSED,2026-09-06T05:00:06+00:00
Nexlev,VC-03 HEPA,FBA79775,B0F67775SH,4,4,0,1,3,25.0,36.4,DEFECTIVE,2026-09-02T12:20:55+00:00
Nexlev,SC-01 Set of Spares,FBA79771,B0F678L8YT,4,4,0,2,2,50.0,20.0,DEFECTIVE,2026-09-01T05:00:55+00:00
Nexlev,AP-03 HEPA,FBA79778,B0F67BW7SF,1,1,0,0,1,0.0,11.1,DEFECTIVE,2026-07-09T14:37:51+00:00
Nexlev,VC-01 HEPA,FBA79773,B0F74DJYG6,28,28,0,5,23,17.9,59.6,NOT_COMPATIBLE,2026-09-02T06:48:00+00:00
Audio Array,SB-01,FBA79708,B0FFB6YJM1,67,24,43,12,12,50.0,14.6,QUALITY_UNACCEPTABLE,2026-09-05T03:17:13+00:00
Audio Array,AH-50,FBA79813,B0FG88HVQ8,65,17,48,17,0,100.0,5.5,UNDELIVERABLE_REFUSED,2026-09-04T10:09:28+00:00
White Mulberry,TVLF1ML,FBA79790,B0FHVWHQHR,25,25,0,17,8,68.0,23.6,UNDELIVERABLE_REFUSED,2026-09-06T03:51:38+00:00
Nexlev,ETC-08-BL,FBA79707,B0FJ1ZB4G9,2,2,0,2,0,100.0,4.9,UNDELIVERABLE_REFUSED,2026-08-06T22:04:55+00:00
Audio Array,GB-02 (AM-C43 + AI-11),FBA79825,B0FJ2DT13L,4,2,2,0,2,0.0,6.5,NO_REASON_GIVEN,2026-07-29T12:36:06+00:00
Audio Array,KB-01 (AM-W32 + AI-12),FBA79822,B0FJ2J6MTF,2,2,0,2,0,100.0,25.0,DEFECTIVE,2026-07-04T22:23:41+00:00
Audio Array,GB-05 (AM-C43 + AI-06),FBA79832,B0FJ8S53GW,2,1,1,1,0,100.0,33.3,QUALITY_UNACCEPTABLE,2026-06-14T07:58:12+00:00
Nexlev,KE-03,FBA79809,B0FJ8SFNRH,1,1,0,0,1,0.0,16.7,NOT_AS_DESCRIBED,2026-06-19T04:43:13+00:00
Audio Array,GB-03 (AI-12 + AM-C43),FBA79830,B0FJ8TSQK1,55,18,37,13,5,72.2,17.6,UNDELIVERABLE_REFUSED,2026-09-06T11:42:14+00:00
Nexlev,ETC-07-WH,FBA79673,B0FJG5PFGQ,4,4,0,4,0,100.0,7.7,UNDELIVERABLE_REFUSED,2026-09-06T08:14:33+00:00
Audio Array,AM-C47,FBA80141,B0FJS57732,18,18,0,12,6,66.7,14.8,DEFECTIVE,2026-09-06T11:16:16+00:00
Audio Array,SB-01,FBK79708,B0FJS7JZ4V,8,8,0,6,2,75.0,88.9,DEFECTIVE,2026-08-14T10:23:58+00:00
Audio Array,AM-C42,FBK79010,B0FLYJFC22,2,2,0,1,1,50.0,50.0,DAMAGED_BY_CARRIER,2026-07-14T06:28:39+00:00
Nexlev,SC-04 Spare Set,FBA79843,B0FMF1D9NV,4,4,0,1,3,25.0,12.5,DEFECTIVE,2026-08-30T05:15:38+00:00
White Mulberry,TVCT1ML,FBK79788,B0FN4D3C89,14,14,0,5,9,35.7,25.0,DEFECTIVE,2026-08-16T09:26:34+00:00
White Mulberry,TVMF1ML,FBK79789,B0FN4DSQ6P,164,164,0,114,50,69.5,29.3,UNDELIVERABLE_REFUSED,2026-09-05T09:15:43+00:00
White Mulberry,POSS-01,FBK79786,B0FN4FPJ83,9,9,0,5,4,55.6,15.3,DEFECTIVE,2026-07-29T05:06:32+00:00
White Mulberry,TVCF1ML,FBK79787,B0FN4GQ9HT,33,33,0,21,12,63.6,15.9,UNDELIVERABLE_REFUSED,2026-09-06T07:10:33+00:00
White Mulberry,TVFM1ML,FBK79791,B0FN4HDM6Z,17,17,0,4,13,23.5,20.7,NOT_COMPATIBLE,2026-08-30T03:32:20+00:00
White Mulberry,HDMSP1ML,FBK79792,B0FN4JG97R,5,5,0,3,2,60.0,29.4,UNDELIVERABLE_REFUSED,2026-08-05T14:19:48+00:00
Audio Array,UB-02 (AM-S1 + AA-21),FBA79845,B0FN7B3KWS,4,1,3,0,1,0.0,18.2,UNDELIVERABLE_UNKNOWN,2026-07-15T11:13:01+00:00
Audio Array,AM-C11X Pro,FBA79846,B0FN7C25VS,1,1,0,1,0,100.0,33.3,UNDELIVERABLE_UNKNOWN,2026-08-19T04:55:21+00:00
White Mulberry,HDGS1ML,FBK79793,B0FN81FD8M,2,2,0,1,1,50.0,40.0,UNDELIVERABLE_REFUSED,2026-08-06T10:50:32+00:00
Nexlev,CFM-03,FBA79849,B0FPGDVVCX,13,13,0,11,2,84.6,14.4,UNDELIVERABLE_UNKNOWN,2026-08-23T04:30:17+00:00
Audio Array,AM-W22,FBA79816,B0FPR962YS,4,1,3,1,0,100.0,6.5,UNDELIVERABLE_UNKNOWN,2026-08-16T06:11:03+00:00
Audio Array,AH-60-BL,FBA79841,B0FQBTRM28,9,2,7,0,2,0.0,6.1,UNDELIVERABLE_REFUSED,2026-07-30T09:18:35+00:00
Audio Array,AH-60-RD,FBA79840,B0FQBWV1ST,2,1,1,1,0,100.0,3.1,UNDELIVERABLE_REFUSED,2026-08-16T09:20:15+00:00
Audio Array,AH-40 SL,FBA79838,B0FQBX8J17,19,3,16,3,0,100.0,5.5,UNDELIVERABLE_REFUSED,2026-08-21T11:42:30+00:00
Audio Array,AH-45 BK,FBA79839,B0FQBXS6Y2,54,6,48,4,2,66.7,6.7,DEFECTIVE,2026-09-04T19:00:35+00:00
Audio Array,AC-3XL,FBA79820,B0FQJWWDVK,9,6,3,6,0,100.0,8.7,NOT_COMPATIBLE,2026-09-05T11:55:09+00:00
Audio Array,AA-25M,FBA79903,B0FR5DLXH9,11,11,0,8,3,72.7,20.4,UNDELIVERABLE_REFUSED,2026-09-06T08:38:20+00:00
Nexlev,PB-01,FBA79812,B0FS6TB7CP,62,62,0,41,21,66.1,31.3,DEFECTIVE,2026-09-03T11:04:12+00:00
Nexlev,MC-01,FBA79811,B0FSF1N457,26,26,0,22,4,84.6,13.7,UNDELIVERABLE_REFUSED,2026-09-02T07:58:43+00:00
Audio Array,PB-10 (AM-C2+AI-04+AH-60-BL),FBA79904,B0FTVQQVDC,8,1,7,1,0,100.0,7.1,UNDELIVERABLE_REFUSED,2026-07-12T19:38:15+00:00
Audio Array,PB-14 (AM-C43+AH-40-SL+AI-12),FBA79908,B0FTVV1QJY,5,5,0,2,3,40.0,11.1,UNDELIVERABLE_REFUSED,2026-09-04T05:51:24+00:00
Audio Array,AM-W20,FBA79909,B0FVM17Q4W,13,11,2,6,5,54.5,50.0,UNDELIVERABLE_REFUSED,2026-09-04T19:49:57+00:00
Nexlev,SC-05 SC-05 - Set of Spares,FBA79912,B0FYNKYJFN,1,1,0,0,1,0.0,100.0,MISSING_PARTS,2026-06-30T03:24:59+00:00
Audio Array,AM-W19,FBA79967,B0G2C2RCXN,3,3,0,3,0,100.0,27.3,UNDELIVERABLE_REFUSED,2026-08-09T07:27:46+00:00
Audio Array,AM-W47 Wired,FBA79959,B0G39ZHDYP,54,21,33,17,4,81.0,8.2,UNDELIVERABLE_REFUSED,2026-09-02T09:14:59+00:00
Audio Array,AM-W47 Wireless,FBA79960,B0G3B152FR,36,13,23,7,6,53.8,8.4,QUALITY_UNACCEPTABLE,2026-08-31T04:46:30+00:00
Audio Array,AM-W24,FBA79958,B0G3Q59X8C,10,1,9,1,0,100.0,10.6,UNDELIVERABLE_REFUSED,2026-08-30T10:07:42+00:00
Audio Array,AM-C48,FBA79842,B0G4DNF8RZ,5,4,1,1,3,25.0,4.4,SWITCHEROO,2026-08-04T08:04:02+00:00
Audio Array,AI-13,FBA79961,B0G53H49BS,93,18,75,16,2,88.9,10.8,QUALITY_UNACCEPTABLE,2026-09-04T09:02:32+00:00
Audio Array,AM-Mix10,FBA79966,B0G53KWRVW,15,6,9,3,3,50.0,17.6,UNDELIVERABLE_REFUSED,2026-08-21T06:58:36+00:00
Audio Array,BE-4T,FBA79962,B0G53LZNY3,11,6,5,5,1,83.3,25.6,QUALITY_UNACCEPTABLE,2026-08-13T11:08:39+00:00
Audio Array,AI-14,FBA79968,B0G53M9258,34,12,22,7,5,58.3,11.6,QUALITY_UNACCEPTABLE,2026-08-30T05:23:40+00:00
Audio Array,M8,FBA79972,B0GCP1J2HC,21,9,12,7,2,77.8,10.3,QUALITY_UNACCEPTABLE,2026-07-31T04:35:51+00:00
Audio Array,AM-S1,FBA79974,B0GD8JSPB1,8,8,0,5,3,62.5,26.7,UNDELIVERABLE_REFUSED,2026-09-01T06:54:28+00:00
Nexlev,SP-01,FBA79971,B0GGHZWMVW,76,76,0,35,41,46.1,14.4,UNDELIVERABLE_REFUSED,2026-09-06T09:06:24+00:00
Nexlev,SPM-01,FBK80015,B0GKNGWLJ2,16,16,0,6,10,37.5,59.3,UNDELIVERABLE_REFUSED,2026-09-03T03:47:15+00:00
Audio Array,AM-W22,FBA80016,B0GKPXQ8G3,6,1,5,1,0,100.0,14.3,UNDELIVERABLE_REFUSED,2026-07-07T19:35:54+00:00
Nexlev,SS-02,FBK80024,B0GLHC8CB3,8,8,0,8,0,100.0,11.9,UNDELIVERABLE_REFUSED,2026-09-05T16:05:48+00:00
Nexlev,MR-03,FBA79984,B0GM1CZC7Y,9,9,0,7,2,77.8,5.3,UNDELIVERABLE_REFUSED,2026-09-05T03:23:42+00:00
Audio Array,A3-XLR,FBA79956,B0GMPGNXX3,3,3,0,3,0,100.0,9.4,UNDELIVERABLE_REFUSED,2026-08-30T07:54:46+00:00
Nexlev,DH-01,FBA79991,B0GN85NZQN,69,69,0,52,17,75.4,15.0,UNDELIVERABLE_REFUSED,2026-09-01T09:31:34+00:00
Nexlev,CAP-05,FBA79989,B0GN86G345,10,10,0,8,2,80.0,15.9,DEFECTIVE,2026-09-03T07:25:48+00:00
Audio Array,AK-61 Neo,FBA79981,B0GN8MFDGZ,4,2,2,2,0,100.0,11.8,DEFECTIVE,2026-09-06T07:51:27+00:00
Audio Array,AK-37-W,FBA79980,B0GN8MMKY1,4,2,2,2,0,100.0,7.7,QUALITY_UNACCEPTABLE,2026-07-19T12:25:45+00:00
Audio Array,AK-61 Pro,FBA79982,B0GN8MPYPG,13,5,8,5,0,100.0,33.3,UNDELIVERABLE_REFUSED,2026-09-01T04:50:50+00:00
Audio Array,AK-37-B,FBA79979,B0GN8RQJRG,7,3,4,3,0,100.0,16.7,UNDELIVERABLE_REFUSED,2026-07-13T08:46:27+00:00
Nexlev,ST-03,FBA79993,B0GN8WW6BC,24,24,0,16,8,66.7,22.9,UNDELIVERABLE_REFUSED,2026-09-06T05:24:46+00:00
Nexlev,ST-02,FBA79992,B0GN94YDY2,13,13,0,9,4,69.2,14.3,UNDELIVERABLE_REFUSED,2026-09-05T09:21:34+00:00
Audio Array,AM-S2,FBA79848,B0GN97RFPR,63,15,48,15,0,100.0,10.0,UNDELIVERABLE_REFUSED,2026-08-24T07:17:03+00:00
Audio Array,AH-50 Ear Cushion,FBA79814,B0GNM35G8X,2,2,0,1,1,50.0,15.4,UNDELIVERABLE_UNKNOWN,2026-07-09T10:07:12+00:00
Audio Array,W5,FBA79998,B0GW8YC59C,1,1,0,1,0,100.0,50.0,UNDELIVERABLE_REFUSED,2026-06-19T06:02:58+00:00
Audio Array,AM-C49,FBA79996,B0GW8Z556N,10,8,2,6,2,75.0,13.2,DEFECTIVE,2026-08-30T07:41:44+00:00
Audio Array,AM-C52,FBA80010,B0GW8ZQRFK,4,2,2,2,0,100.0,33.3,DEFECTIVE,2026-08-29T11:55:36+00:00
Audio Array,AM-W32 Pro,FBA80003,B0GW92TTMS,1,1,0,1,0,100.0,12.5,UNDELIVERABLE_REFUSED,2026-08-12T08:08:42+00:00
Audio Array,JTG800,FBA79999,B0GW92TVVC,1,1,0,1,0,100.0,12.5,UNDELIVERABLE_REFUSED,2026-08-14T06:21:34+00:00
Audio Array,BE-4,FBA80084,B0GXP97CZG,34,18,16,16,2,88.9,19.4,DEFECTIVE,2026-09-07T05:13:26+00:00
Audio Array,M6,FBA80085,B0GXPBHDRF,26,5,21,4,1,80.0,11.6,UNDELIVERABLE_REFUSED,2026-08-31T03:47:02+00:00
Audio Array,UB-04 (AM-S2+AA-21+AI-04+AM-C2),FBA80104,B0GXY7YJWP,2,2,0,1,1,50.0,66.7,UNWANTED_ITEM,2026-07-28T05:11:26+00:00
Audio Array,PB-15 (AH-50+AM-C2+AI-04),FBA80074,B0GY827J9C,5,5,0,2,3,40.0,25.0,UNDELIVERABLE_REFUSED,2026-08-31T06:14:06+00:00
Audio Array,PB-17 (AH-40-SL+AM-C43+AI-13),FBA80076,B0GY857139,2,2,0,1,1,50.0,25.0,UNDELIVERABLE_REFUSED,2026-08-14T10:05:59+00:00
Nexlev,SC-01_Mop_Cloth,FBA80113,B0GYS6CJD9,2,2,0,0,2,0.0,7.1,MISSING_PARTS,2026-08-20T06:52:11+00:00
Audio Array,AI-13,FBA80128,B0H1H3K6B2,1,1,0,1,0,100.0,11.1,SWITCHEROO,2026-07-25T06:38:27+00:00
Audio Array,AM-S2,FBA80143,B0H1MTP2ZP,2,2,0,1,1,50.0,33.3,UNDELIVERABLE_UNKNOWN,2026-07-23T09:52:19+00:00
Audio Array,UB-06 (AM-S2+AA-22),FBA80106,B0H2FCK54H,2,2,0,1,1,50.0,40.0,UNDELIVERABLE_REFUSED,2026-07-28T08:07:56+00:00
Audio Array,AM-C5 White,FBA80142,B0H3LHF2WW,9,9,0,8,1,88.9,14.5,NOT_COMPATIBLE,2026-08-30T03:53:35+00:00
Tonor,ORCA001,,B09Z5Q194D,1,0,1,0,0,0.0,50.0,,
Audio Array,AM-C4,,B0B4DS678Q,2,0,2,0,0,0.0,7.7,,
Audio Array,AM-W12,,B0B4G763WS,5,0,5,0,0,0.0,5.4,,
Audio Array,AA-01,,B0B4G8PH2P,3,0,3,0,0,0.0,7.5,,
Audio Array,AA-03,,B0B4G94VP3,15,0,15,0,0,0.0,9.4,,
Audio Array,AA-02,,B0B4JRQP22,6,0,6,0,0,0.0,5.1,,
Tonor,TC30+,,B0BG8CJXHH,1,0,1,0,0,0.0,12.5,,
Tonor,TC30S+,,B0BRCR2QQ7,1,0,1,0,0,0.0,9.1,,
Tonor,TD510,,B0BRKFP94K,1,0,1,0,0,0.0,8.3,,
Tonor,TC-777 PRO,,B0BYHHSLPC,11,0,11,0,0,0.0,5.8,,
Audio Array,AM-C11X,,B0CBC7QMNV,1,0,1,0,0,0.0,4.3,,
Audio Array,AA-19,,B0CF5R3V95,11,0,11,0,0,0.0,4.0,,
Audio Array,AA-20,,B0CF5RRTDJ,1,0,1,0,0,0.0,2.9,,
Audio Array,AA-22,,B0CF5SHL15,1,0,1,0,0,0.0,1.3,,
Audio Array,AM-C41,,B0CH4PMR8K,2,0,2,0,0,0.0,2.3,,
Audio Array,AA-25,,B0CJR76Y7G,3,0,3,0,0,0.0,2.6,,
Audio Array,AM-C45,,B0D3LZWTHV,1,0,1,0,0,0.0,2.0,,
Audio Array,AA-19WL,,B0D3Q2T5XX,2,0,2,0,0,0.0,11.1,,
Audio Array,AM-W34,,B0DFMLXD9S,2,0,2,0,0,0.0,4.9,,
Audio Array,AM-C11 Pro,,B0DN6MNS1X,1,0,1,0,0,0.0,3.2,,
Audio Array,AM-C47,,B0FF9R3GKK,3,0,3,0,0,0.0,8.1,,
Audio Array,"UB-01 (AI-04, AM-S1, AA-21, AM-C2)",,B0FJ2JJZL3,1,0,1,0,0,0.0,16.7,,
Audio Array,PB-03 (AI-04 Red + AM-C11 x 2),,B0FJ8S5XJ8,3,0,3,0,0,0.0,60.0,,
Audio Array,PB-06 (AA-05 + AM-C44 + AI-04),,B0FJ8TWCQZ,1,0,1,0,0,0.0,25.0,,
Audio Array,PB-09 (AM-C45 + AI-06 + AA-05),,B0FN7FYZM3,2,0,2,0,0,0.0,40.0,,
Audio Array,PB-12 (AM-C11+AA-05+AI-04+AH-60-RD),,B0FTVVLNS9,3,0,3,0,0,0.0,12.5,,
Audio Array,AM-W23,,B0G3Q517Y2,11,0,11,0,0,0.0,12.2,,
Audio Array,AM-Pro8,,B0G53CB72D,1,0,1,0,0,0.0,25.0,,
Audio Array,AM-Pro12,,B0G53KWRWH,1,0,1,0,0,0.0,20.0,,
Audio Array,MT-12,,B0GN2LHJY4,2,0,2,0,0,0.0,4.4,,
Audio Array,AM-W36 Pro,,B0GW92316G,7,0,7,0,0,0.0,21.2,,
