return-date,order-id,sku,asin,fnsku,product-name,quantity,fulfillment-center-id,detailed-disposition,reason,license-plate-number,customer-comments
2026-08-13T04:48:10+00:00,404-6324309-7981102,FBA79167,B0CPFS24ML,X001Y5UYX1,"White Mulberry Gaming Desk, Computer Desk with Carbon Fiber Surface, Z Shaped Gaming Table, Computer Table, Workstation, Home Office Desk with Cup Holder and Headphone Holder | (110 * 60 * 75 CM)",1,DEL4,SELLABLE,QUALITY_UNACCEPTABLE,LPNDEL4AA4102160,
2026-08-11T11:51:11+00:00,408-4243093-0310705,FBA76415,B0BFWD6SNF,X001MZYX7L,"White Mulberry L Shaped Computer Table | Spacious Study Table for Home with Monitor Raising Shelf, Engineered Wood Top & Steel Legs for Home, Office, Gaming & Study, Carbon Fiber (130+130)*45 * 77cm",1,BOX8,SELLABLE,UNDELIVERABLE_REFUSED,LPNBOX805075,
2026-08-11T10:49:24+00:00,402-1757790-4813166,FBA76417,B0BFVMDJ2K,X001MZZQ8V,White Mulberry L Shape Table | Gaming Table with Monitor Raising Shelf | L-Shape Corner Work Table for Home Office | Engineered Wood & Sturdy Steel Legs | DIY Assembly | L(130+130)*45 * 77cm | White,1,BLX1,SELLABLE,MISSING_PARTS,LPNBLX1C147938,
2026-08-11T04:49:13+00:00,404-7030549-6170726,FBA79167,B0CPFS24ML,X001Y5UYX1,"White Mulberry Gaming Desk, Computer Desk with Carbon Fiber Surface, Z Shaped Gaming Table, Computer Table, Workstation, Home Office Desk with Cup Holder and Headphone Holder | (110 * 60 * 75 CM)",1,DEL4,CARRIER_DAMAGED,UNDELIVERABLE_UNKNOWN,LPNDEL4AA3927577,
2026-08-11T03:26:32+00:00,407-5653447-6833150,FBA79167,B0CPFS24ML,X001Y5UYX1,"White Mulberry Gaming Desk, Computer Desk with Carbon Fiber Surface, Z Shaped Gaming Table, Computer Table, Workstation, Home Office Desk with Cup Holder and Headphone Holder | (110 * 60 * 75 CM)",1,BOM5,SELLABLE,UNDELIVERABLE_REFUSED,LPNBOM5F5783823,
2026-08-10T10:48:28+00:00,402-0176535-5909903,FBA76418,B0BFVNS8HS,X001N01O8V,"White Mulberry L Shaped Computer Table | Spacious L Shape Study Table For Home with Monitor Raising Shelf, Engineered Wood Top & Steel Legs for Home, Office, Gaming & Study, Brown, (130+130)*45 * 77cm",1,SHTI,CARRIER_DAMAGED,DEFECTIVE,LPNSHTI00022464,
2026-08-10T05:23:57+00:00,402-7622598-2821105,FBA76417,B0BFVMDJ2K,X001MZZQ8V,White Mulberry L Shape Table | Gaming Table with Monitor Raising Shelf | L-Shape Corner Work Table for Home Office | Engineered Wood & Sturdy Steel Legs | DIY Assembly | L(130+130)*45 * 77cm | White,1,LMAA,CARRIER_DAMAGED,UNDELIVERABLE_REFUSED,LPNLMAA0038855,
2026-08-10T03:47:35+00:00,403-2119465-2573122,FBA79167,B0CPFS24ML,X001Y5UYX1,"White Mulberry Gaming Desk, Computer Desk with Carbon Fiber Surface, Z Shaped Gaming Table, Computer Table, Workstation, Home Office Desk with Cup Holder and Headphone Holder | (110 * 60 * 75 CM)",1,BLR8,SELLABLE,NEVER_ARRIVED,LPNBLR8Z5626839,
2026-08-08T12:52:24+00:00,403-2838541-3676319,FBA76417,B0BFVMDJ2K,X001MZZQ8V,White Mulberry L Shape Table | Gaming Table with Monitor Raising Shelf | L-Shape Corner Work Table for Home Office | Engineered Wood & Sturdy Steel Legs | DIY Assembly | L(130+130)*45 * 77cm | White,1,BOX8,CARRIER_DAMAGED,UNDELIVERABLE_REFUSED,LPNBOX803289,
2026-08-08T10:18:58+00:00,405-7850971-2276314,FBA76417,B0BFVMDJ2K,X001MZZQ8V,White Mulberry L Shape Table | Gaming Table with Monitor Raising Shelf | L-Shape Corner Work Table for Home Office | Engineered Wood & Sturdy Steel Legs | DIY Assembly | L(130+130)*45 * 77cm | White,1,BLX1,CUSTOMER_DAMAGED,SWITCHEROO,LPNBLX1C147177,
2026-08-07T09:34:30+00:00,404-3811269-4362753,FBA76416,B0BFW59TRG,X001N02VPV,"White Mulberry L-Shape Corner Desk | Monitor Raising Shelf | Made of P2 Grade Melamine Particle Board & Sturdy Steel Leg | Suitable for Office, Home, Gaming, Streaming | Black |L(130+130)*B45*H77cm",1,BOX8,CUSTOMER_DAMAGED,DEFECTIVE,LPNBOX803995,
2026-08-07T08:25:49+00:00,402-6667473-0837146,FBA76417,B0BFVMDJ2K,X001MZZQ8V,White Mulberry L Shape Table | Gaming Table with Monitor Raising Shelf | L-Shape Corner Work Table for Home Office | Engineered Wood & Sturdy Steel Legs | DIY Assembly | L(130+130)*45 * 77cm | White,1,HDX8,CUSTOMER_DAMAGED,DEFECTIVE,LPNSDEGA030355,
2026-08-07T07:00:10+00:00,402-2911452-8384342,FBA79167,B0CPFS24ML,X001Y5UYX1,"White Mulberry Gaming Desk, Computer Desk with Carbon Fiber Surface, Z Shaped Gaming Table, Computer Table, Workstation, Home Office Desk with Cup Holder and Headphone Holder | (110 * 60 * 75 CM)",1,BLR8,SELLABLE,UNDELIVERABLE_UNKNOWN,LPNBLR8Z5603551,
2026-08-07T06:36:03+00:00,404-2047067-9361955,FBA79167,B0CPFS24ML,X001Y5UYX1,"White Mulberry Gaming Desk, Computer Desk with Carbon Fiber Surface, Z Shaped Gaming Table, Computer Table, Workstation, Home Office Desk with Cup Holder and Headphone Holder | (110 * 60 * 75 CM)",1,BLR8,SELLABLE,UNDELIVERABLE_REFUSED,LPNBLR8Z5603538,
2026-08-06T11:02:35+00:00,403-3721138-4471529,FBA76417,B0BFVMDJ2K,X001MZZQ8V,White Mulberry L Shape Table | Gaming Table with Monitor Raising Shelf | L-Shape Corner Work Table for Home Office | Engineered Wood & Sturdy Steel Legs | DIY Assembly | L(130+130)*45 * 77cm | White,1,LMAA,SELLABLE,UNDELIVERABLE_REFUSED,LPNLMAA0038212,
2026-08-06T08:24:02+00:00,405-5419611-6593119,FBA79167,B0CPFS24ML,X001Y5UYX1,"White Mulberry Gaming Desk, Computer Desk with Carbon Fiber Surface, Z Shaped Gaming Table, Computer Table, Workstation, Home Office Desk with Cup Holder and Headphone Holder | (110 * 60 * 75 CM)",1,BOM5,SELLABLE,UNDELIVERABLE_REFUSED,LPNBOM5F5392676,
2026-08-05T16:04:54+00:00,406-5202996-6653931,FBA76417,B0BFVMDJ2K,X001MZZQ8V,White Mulberry L Shape Table | Gaming Table with Monitor Raising Shelf | L-Shape Corner Work Table for Home Office | Engineered Wood & Sturdy Steel Legs | DIY Assembly | L(130+130)*45 * 77cm | White,1,HDX8,CUSTOMER_DAMAGED,QUALITY_UNACCEPTABLE,LPNSDEGA030423,
2026-08-05T11:34:34+00:00,404-4345027-5589908,FBA79167,B0CPFS24ML,X001Y5UYX1,"White Mulberry Gaming Desk, Computer Desk with Carbon Fiber Surface, Z Shaped Gaming Table, Computer Table, Workstation, Home Office Desk with Cup Holder and Headphone Holder | (110 * 60 * 75 CM)",1,DEL4,SELLABLE,UNDELIVERABLE_REFUSED,LPNDEL4AA3506842,
2026-08-05T04:09:18+00:00,171-5613988-4743569,FBA76416,B0BFW59TRG,X001N02VPV,"White Mulberry L-Shape Corner Desk | Monitor Raising Shelf | Made of P2 Grade Melamine Particle Board & Sturdy Steel Leg | Suitable for Office, Home, Gaming, Streaming | Black |L(130+130)*B45*H77cm",1,HDX8,CUSTOMER_DAMAGED,SWITCHEROO,LPNSDEGA041206,
2026-08-05T03:30:59+00:00,406-7786517-2639532,FBA79167,B0CPFS24ML,X001Y5UYX1,"White Mulberry Gaming Desk, Computer Desk with Carbon Fiber Surface, Z Shaped Gaming Table, Computer Table, Workstation, Home Office Desk with Cup Holder and Headphone Holder | (110 * 60 * 75 CM)",1,DEL4,SELLABLE,QUALITY_UNACCEPTABLE,LPNDEL4AA3295677,
2026-08-04T12:26:09+00:00,171-0791839-3261155,FBA76417,B0BFVMDJ2K,X001MZZQ8V,White Mulberry L Shape Table | Gaming Table with Monitor Raising Shelf | L-Shape Corner Work Table for Home Office | Engineered Wood & Sturdy Steel Legs | DIY Assembly | L(130+130)*45 * 77cm | White,1,BLX1,CUSTOMER_DAMAGED,SWITCHEROO,LPNBLX1C026891,
2026-08-04T06:07:48+00:00,405-9077507-2841150,FBA79167,B0CPFS24ML,X001Y5UYX1,"White Mulberry Gaming Desk, Computer Desk with Carbon Fiber Surface, Z Shaped Gaming Table, Computer Table, Workstation, Home Office Desk with Cup Holder and Headphone Holder | (110 * 60 * 75 CM)",1,BOM5,CARRIER_DAMAGED,UNDELIVERABLE_REFUSED,LPNBOM5F5357241,
2026-08-03T11:54:27+00:00,407-2963374-4668338,FBA79167,B0CPFS24ML,X001Y5UYX1,"White Mulberry Gaming Desk, Computer Desk with Carbon Fiber Surface, Z Shaped Gaming Table, Computer Table, Workstation, Home Office Desk with Cup Holder and Headphone Holder | (110 * 60 * 75 CM)",1,BLR8,SELLABLE,UNDELIVERABLE_REFUSED,LPNBLR8Z5868854,
2026-08-03T11:11:06+00:00,402-0799942-3913130,FBA79167,B0CPFS24ML,X001Y5UYX1,"White Mulberry Gaming Desk, Computer Desk with Carbon Fiber Surface, Z Shaped Gaming Table, Computer Table, Workstation, Home Office Desk with Cup Holder and Headphone Holder | (110 * 60 * 75 CM)",1,BLR8,CUSTOMER_DAMAGED,MISSING_PARTS,LPNBLR8Z5647924,
2026-08-03T11:09:56+00:00,171-3212841-0025903,FBA79167,B0CPFS24ML,X001Y5UYX1,"White Mulberry Gaming Desk, Computer Desk with Carbon Fiber Surface, Z Shaped Gaming Table, Computer Table, Workstation, Home Office Desk with Cup Holder and Headphone Holder | (110 * 60 * 75 CM)",1,DEL4,CUSTOMER_DAMAGED,QUALITY_UNACCEPTABLE,LPNDEL4AA3295313,
2026-08-03T10:19:52+00:00,408-1630154-3368349,FBA79167,B0CPFS24ML,X001Y5UYX1,"White Mulberry Gaming Desk, Computer Desk with Carbon Fiber Surface, Z Shaped Gaming Table, Computer Table, Workstation, Home Office Desk with Cup Holder and Headphone Holder | (110 * 60 * 75 CM)",1,DEL4,CARRIER_DAMAGED,UNDELIVERABLE_UNKNOWN,LPNDEL4AA3295311,
2026-08-03T05:50:43+00:00,404-1710473-0863512,FBA76417,B0BFVMDJ2K,X001MZZQ8V,White Mulberry L Shape Table | Gaming Table with Monitor Raising Shelf | L-Shape Corner Work Table for Home Office | Engineered Wood & Sturdy Steel Legs | DIY Assembly | L(130+130)*45 * 77cm | White,1,SHTI,SELLABLE,UNDELIVERABLE_REFUSED,LPNSHTI00020621,
2026-08-03T03:19:12+00:00,403-2569648-5570715,FBA79167,B0CPFS24ML,X001Y5UYX1,"White Mulberry Gaming Desk, Computer Desk with Carbon Fiber Surface, Z Shaped Gaming Table, Computer Table, Workstation, Home Office Desk with Cup Holder and Headphone Holder | (110 * 60 * 75 CM)",1,BLR8,SELLABLE,UNDELIVERABLE_REFUSED,LPNBLR8Z5867438,
2026-08-02T06:31:06+00:00,405-1537134-2221953,FBA76417,B0BFVMDJ2K,X001MZZQ8V,White Mulberry L Shape Table | Gaming Table with Monitor Raising Shelf | L-Shape Corner Work Table for Home Office | Engineered Wood & Sturdy Steel Legs | DIY Assembly | L(130+130)*45 * 77cm | White,1,LMAA,CARRIER_DAMAGED,MISSING_PARTS,LPNLMAA0036823,
2026-08-02T04:34:30+00:00,404-7016860-8648335,FBA79167,B0CPFS24ML,X001Y5UYX1,"White Mulberry Gaming Desk, Computer Desk with Carbon Fiber Surface, Z Shaped Gaming Table, Computer Table, Workstation, Home Office Desk with Cup Holder and Headphone Holder | (110 * 60 * 75 CM)",1,BOM5,CUSTOMER_DAMAGED,QUALITY_UNACCEPTABLE,LPNBOM5F5381970,
2026-08-02T04:27:39+00:00,407-3986975-2175551,FBA79167,B0CPFS24ML,X001Y5UYX1,"White Mulberry Gaming Desk, Computer Desk with Carbon Fiber Surface, Z Shaped Gaming Table, Computer Table, Workstation, Home Office Desk with Cup Holder and Headphone Holder | (110 * 60 * 75 CM)",1,BOM5,CUSTOMER_DAMAGED,QUALITY_UNACCEPTABLE,LPNBOM5F5340936,
2026-08-01T05:18:35+00:00,408-0577309-2249902,FBA79167,B0CPFS24ML,X001Y5UYX1,"White Mulberry Gaming Desk, Computer Desk with Carbon Fiber Surface, Z Shaped Gaming Table, Computer Table, Workstation, Home Office Desk with Cup Holder and Headphone Holder | (110 * 60 * 75 CM)",1,BOM5,SELLABLE,UNDELIVERABLE_REFUSED,LPNBOM5F5347997,
2026-07-31T03:10:48+00:00,171-1820218-7036339,FBA79167,B0CPFS24ML,X001Y5UYX1,"White Mulberry Gaming Desk, Computer Desk with Carbon Fiber Surface, Z Shaped Gaming Table, Computer Table, Workstation, Home Office Desk with Cup Holder and Headphone Holder | (110 * 60 * 75 CM)",1,DEL4,SELLABLE,UNDELIVERABLE_REFUSED,LPNDEL4AA3294246,
2026-07-30T12:23:40+00:00,408-0606410-5685925,FBA79167,B0CPFS24ML,X001Y5UYX1,"White Mulberry Gaming Desk, Computer Desk with Carbon Fiber Surface, Z Shaped Gaming Table, Computer Table, Workstation, Home Office Desk with Cup Holder and Headphone Holder | (110 * 60 * 75 CM)",1,DEL4,SELLABLE,UNDELIVERABLE_REFUSED,LPNDEL4AA3294235,
2026-07-30T08:59:40+00:00,408-9348995-6881901,FBA76415,B0BFWD6SNF,X001MZYX7L,"White Mulberry L Shaped Computer Table | Spacious Study Table for Home with Monitor Raising Shelf, Engineered Wood Top & Steel Legs for Home, Office, Gaming & Study, Carbon Fiber (130+130)*45 * 77cm",1,SHTI,CARRIER_DAMAGED,NO_REASON_GIVEN,LPNSHTI00019884,
2026-07-30T06:42:06+00:00,171-1836113-8921918,FBA79167,B0CPFS24ML,X001Y5UYX1,"White Mulberry Gaming Desk, Computer Desk with Carbon Fiber Surface, Z Shaped Gaming Table, Computer Table, Workstation, Home Office Desk with Cup Holder and Headphone Holder | (110 * 60 * 75 CM)",1,BLR8,SELLABLE,NEVER_ARRIVED,LPNBLR8Z4557810,
2026-07-30T04:21:43+00:00,171-6944189-1713116,FBA79167,B0CPFS24ML,X001Y5UYX1,"White Mulberry Gaming Desk, Computer Desk with Carbon Fiber Surface, Z Shaped Gaming Table, Computer Table, Workstation, Home Office Desk with Cup Holder and Headphone Holder | (110 * 60 * 75 CM)",1,DEL4,SELLABLE,UNDELIVERABLE_UNKNOWN,LPNDEL4AA3223907,
2026-07-29T09:20:59+00:00,402-1171479-7728325,FBA76417,B0BFVMDJ2K,X001MZZQ8V,White Mulberry L Shape Table | Gaming Table with Monitor Raising Shelf | L-Shape Corner Work Table for Home Office | Engineered Wood & Sturdy Steel Legs | DIY Assembly | L(130+130)*45 * 77cm | White,1,BLX1,CUSTOMER_DAMAGED,MISSING_PARTS,LPNBLX1C144566,
2026-07-29T08:33:25+00:00,404-2653226-6108369,FBA76417,B0BFVMDJ2K,X001MZZQ8V,White Mulberry L-Shape Corner Desk |DIY Assembly| Monitor Raising Shelf | Engineered Wood & Sturdy Steel Leg|Perfect for Office Home Gaming Study Desk Computer Table|L(130+130)*45 * 77cm|White,1,SHTI,CARRIER_DAMAGED,UNDELIVERABLE_REFUSED,LPNSHTI00019633,
2026-07-29T06:11:44+00:00,403-2313250-3972354,FBA76418,B0BFVNS8HS,X001N01O8V,"White Mulberry L Shaped Computer Table | Spacious L Shape Study Table For Home with Monitor Raising Shelf, Engineered Wood Top & Steel Legs for Home, Office, Gaming & Study, Brown, (130+130)*45 * 77cm",1,SBOB,CARRIER_DAMAGED,UNDELIVERABLE_UNKNOWN,LPNSBOB1413728,
2026-07-28T11:10:45+00:00,407-9054555-0446702,FBA76418,B0BFVNS8HS,X001N01O8V,"White Mulberry L Shaped Computer Table | Spacious L Shape Study Table For Home with Monitor Raising Shelf, Engineered Wood Top & Steel Legs for Home, Office, Gaming & Study, Brown, (130+130)*45 * 77cm",1,SPUN,CARRIER_DAMAGED,SWITCHEROO,LPNSPUN67672,
2026-07-28T07:46:35+00:00,405-6020258-7291511,FBA76417,B0BFVMDJ2K,X001MZZQ8V,White Mulberry L-Shape Corner Desk |DIY Assembly| Monitor Raising Shelf | Engineered Wood & Sturdy Steel Leg|Perfect for Office Home Gaming Study Desk Computer Table|L(130+130)*45 * 77cm|White,1,SHTI,CARRIER_DAMAGED,NOT_COMPATIBLE,LPNSHTI00019448,
2026-07-28T04:44:32+00:00,405-7534977-3736323,FBA79167,B0CPFS24ML,X001Y5UYX1,"White Mulberry Gaming Desk, Computer Desk with Carbon Fiber Surface, Z Shaped Gaming Table, Computer Table, Workstation, Home Office Desk with Cup Holder and Headphone Holder | (110 * 60 * 75 CM)",1,BLR7,CUSTOMER_DAMAGED,MISORDERED,LPNBLR7Y8845174,
2026-07-28T03:21:19+00:00,405-9579967-1481947,FBA79167,B0CPFS24ML,X001Y5UYX1,"White Mulberry Gaming Desk, Computer Desk with Carbon Fiber Surface, Z Shaped Gaming Table, Computer Table, Workstation, Home Office Desk with Cup Holder and Headphone Holder | (110 * 60 * 75 CM)",1,DEL4,SELLABLE,UNDELIVERABLE_UNKNOWN,LPNDEL4AA3223355,
2026-07-27T06:59:02+00:00,406-0188498-6564362,FBA76418,B0BFVNS8HS,X001N01O8V,"White Mulberry L Shaped Computer Table | Spacious L Shape Study Table For Home with Monitor Raising Shelf, Engineered Wood Top & Steel Legs for Home, Office, Gaming & Study, Brown, (130+130)*45 * 77cm",1,LMAA,CARRIER_DAMAGED,SWITCHEROO,LPNLMAA0035400,
2026-07-27T06:42:46+00:00,406-9294192-6209956,FBA79167,B0CPFS24ML,X001Y5UYX1,"White Mulberry Gaming Desk, Computer Desk with Carbon Fiber Surface, Z Shaped Gaming Table, Computer Table, Workstation, Home Office Desk with Cup Holder and Headphone Holder | (110 * 60 * 75 CM)",1,BLR8,SELLABLE,NEVER_ARRIVED,LPNBLR8Z5710013,
2026-07-27T04:53:29+00:00,403-9163496-9054753,FBA76418,B0BFVNS8HS,X001N01O8V,"White Mulberry L Shaped Computer Table | Spacious L Shape Study Table For Home with Monitor Raising Shelf, Engineered Wood Top & Steel Legs for Home, Office, Gaming & Study, Brown, (130+130)*45 * 77cm",1,LMAA,CARRIER_DAMAGED,SWITCHEROO,LPNLMAA0035227,
2026-07-26T10:55:59+00:00,408-3511631-9103556,FBA79167,B0CPFS24ML,X001Y5UYX1,"White Mulberry Gaming Desk, Computer Desk with Carbon Fiber Surface, Z Shaped Gaming Table, Computer Table, Workstation, Home Office Desk with Cup Holder and Headphone Holder | (110 * 60 * 75 CM)",1,BOM5,SELLABLE,UNDELIVERABLE_UNKNOWN,LPNBOM5F5395488,
2026-07-26T08:15:32+00:00,403-8563327-8798763,FBA79167,B0CPFS24ML,X001Y5UYX1,"White Mulberry Gaming Desk, Computer Desk with Carbon Fiber Surface, Z Shaped Gaming Table, Computer Table, Workstation, Home Office Desk with Cup Holder and Headphone Holder | (110 * 60 * 75 CM)",1,DEL4,SELLABLE,UNDELIVERABLE_REFUSED,LPNDEL4AA3222964,
2026-07-26T07:43:33+00:00,406-4058123-7697930,FBA79167,B0CPFS24ML,X001Y5UYX1,"White Mulberry Gaming Desk, Computer Desk with Carbon Fiber Surface, Z Shaped Gaming Table, Computer Table, Workstation, Home Office Desk with Cup Holder and Headphone Holder | (110 * 60 * 75 CM)",1,HYD8,CUSTOMER_DAMAGED,NEVER_ARRIVED,LPNHYD8EO41766,
2026-07-25T21:22:21+00:00,406-2085588-9139550,FBA79167,B0CPFS24ML,X001Y5UYX1,"White Mulberry Gaming Desk, Computer Desk with Carbon Fiber Surface, Z Shaped Gaming Table, Computer Table, Workstation, Home Office Desk with Cup Holder and Headphone Holder | (110 * 60 * 75 CM)",1,CCX1,SELLABLE,UNDELIVERABLE_REFUSED,LPNCCX1B2367945,
2026-07-25T10:16:27+00:00,402-8544536-1245141,FBA79167,B0CPFS24ML,X001Y5UYX1,"White Mulberry Gaming Desk, Computer Desk with Carbon Fiber Surface, Z Shaped Gaming Table, Computer Table, Workstation, Home Office Desk with Cup Holder and Headphone Holder | (110 * 60 * 75 CM)",1,DEL4,CUSTOMER_DAMAGED,SWITCHEROO,LPNDEL4AA3222672,
2026-07-25T05:35:32+00:00,408-6129419-6664325,FBA79661,B0DQ51R95T,X00270AWN9,White Mulberry |120X60CM Table Top|Motorized Sit Stand Desk|Multi-Purpose Electric Height Adjustable Ergonomic Desk - Office Work study Table|3 Year Warranty|Digital screen Advance Memory Preset-Black,1,LMAA,CARRIER_DAMAGED,UNDELIVERABLE_REFUSED,LPNLMAA0034585,
2026-07-25T04:45:49+00:00,408-5932668-4465162,FBA79167,B0CPFS24ML,X001Y5UYX1,"White Mulberry Gaming Desk, Computer Desk with Carbon Fiber Surface, Z Shaped Gaming Table, Computer Table, Workstation, Home Office Desk with Cup Holder and Headphone Holder | (110 * 60 * 75 CM)",1,DEL4,SELLABLE,UNDELIVERABLE_UNKNOWN,LPNDEL4AA3222490,
2026-07-24T12:42:34+00:00,407-4230035-1926766,FBA79167,B0CPFS24ML,X001Y5UYX1,"White Mulberry Gaming Desk, Computer Desk with Carbon Fiber Surface, Z Shaped Gaming Table, Computer Table, Workstation, Home Office Desk with Cup Holder and Headphone Holder | (110 * 60 * 75 CM)",1,DEL4,SELLABLE,UNDELIVERABLE_UNKNOWN,LPNDEL4AA3222373,
2026-07-24T11:44:40+00:00,406-1945699-5469161,FBA79167,B0CPFS24ML,X001Y5UYX1,"White Mulberry Gaming Desk, Computer Desk with Carbon Fiber Surface, Z Shaped Gaming Table, Computer Table, Workstation, Home Office Desk with Cup Holder and Headphone Holder | (110 * 60 * 75 CM)",1,HYD8,CARRIER_DAMAGED,UNDELIVERABLE_UNKNOWN,LPNHYD8EM28936,
2026-07-24T09:40:44+00:00,403-7086508-4762721,FBA79167,B0CPFS24ML,X001Y5UYX1,"White Mulberry Gaming Desk, Computer Desk with Carbon Fiber Surface, Z Shaped Gaming Table, Computer Table, Workstation, Home Office Desk with Cup Holder and Headphone Holder | (110 * 60 * 75 CM)",1,HYD8,CARRIER_DAMAGED,UNDELIVERABLE_UNKNOWN,LPNHYD8EM28894,
2026-07-23T06:31:08+00:00,402-0561625-1326723,FBA76417,B0BFVMDJ2K,X001MZZQ8V,White Mulberry L-Shape Corner Desk |DIY Assembly| Monitor Raising Shelf | Engineered Wood & Sturdy Steel Leg|Perfect for Office Home Gaming Study Desk Computer Table|L(130+130)*45 * 77cm|White,1,LMAA,CARRIER_DAMAGED,UNDELIVERABLE_REFUSED,LPNLMAA0033952,
2026-07-23T02:17:04+00:00,403-5587976-4285904,FBA76416,B0BFW59TRG,X001N02VPV,"White Mulberry L-Shape Corner Desk | Monitor Raising Shelf | Made of P2 Grade Melamine Particle Board & Sturdy Steel Leg | Suitable for Office, Home, Gaming, Streaming | Black |L(130+130)*B45*H77cm",1,BLX1,CARRIER_DAMAGED,UNDELIVERABLE_REFUSED,LPNBLX1C098375,
2026-07-22T06:19:14+00:00,403-2527216-9017108,FBA79167,B0CPFS24ML,X001Y5UYX1,"White Mulberry Gaming Desk, Computer Desk with Carbon Fiber Surface, Z Shaped Gaming Table, Computer Table, Workstation, Home Office Desk with Cup Holder and Headphone Holder | (110 * 60 * 75 CM)",1,BOM5,CUSTOMER_DAMAGED,NO_REASON_GIVEN,LPNBOM5F5901709,
2026-07-21T11:34:26+00:00,403-9275551-1277144,FBA76417,B0BFVMDJ2K,X001MZZQ8V,White Mulberry L-Shape Corner Desk |DIY Assembly| Monitor Raising Shelf | Engineered Wood & Sturdy Steel Leg|Perfect for Office Home Gaming Study Desk Computer Table|L(130+130)*45 * 77cm|White,1,SPUN,CARRIER_DAMAGED,SWITCHEROO,LPNSPUN65212,
2026-07-20T14:27:48+00:00,402-7800453-8105920,FBA76417,B0BFVMDJ2K,X001MZZQ8V,White Mulberry L-Shape Corner Desk |DIY Assembly| Monitor Raising Shelf | Engineered Wood & Sturdy Steel Leg|Perfect for Office Home Gaming Study Desk Computer Table|L(130+130)*45 * 77cm|White,1,BLX1,SELLABLE,DEFECTIVE,LPNBLX1C122860,
2026-07-20T10:57:40+00:00,406-6235473-9511564,FBA76415,B0BFWD6SNF,X001MZYX7L,"White Mulberry L Shaped Computer Table | Spacious Study Table for Home with Monitor Raising Shelf, Engineered Wood Top & Steel Legs for Home, Office, Gaming & Study, Carbon Fiber (130+130)*45 * 77cm",1,LMAA,CARRIER_DAMAGED,QUALITY_UNACCEPTABLE,LPNLMAA0033150,
2026-07-19T07:46:40+00:00,406-2615755-2712327,FBA79167,B0CPFS24ML,X001Y5UYX1,"White Mulberry Gaming Desk, Computer Desk with Carbon Fiber Surface, Z Shaped Gaming Table, Computer Table, Workstation, Home Office Desk with Cup Holder and Headphone Holder | (110 * 60 * 75 CM)",1,DEL4,SELLABLE,UNDELIVERABLE_REFUSED,LPNDEL4AA3277650,
2026-07-19T07:33:20+00:00,408-4449822-0069144,FBA79167,B0CPFS24ML,X001Y5UYX1,"White Mulberry Gaming Desk, Computer Desk with Carbon Fiber Surface, Z Shaped Gaming Table, Computer Table, Workstation, Home Office Desk with Cup Holder and Headphone Holder | (110 * 60 * 75 CM)",1,BLR8,SELLABLE,UNDELIVERABLE_UNKNOWN,LPNBLR8Z4290048,
2026-07-19T05:00:11+00:00,404-1321279-6548337,FBA79167,B0CPFS24ML,X001Y5UYX1,"White Mulberry Gaming Desk, Computer Desk with Carbon Fiber Surface, Z Shaped Gaming Table, Computer Table, Workstation, Home Office Desk with Cup Holder and Headphone Holder | (110 * 60 * 75 CM)",1,DEL4,CUSTOMER_DAMAGED,NEVER_ARRIVED,LPNDEL4AA3228959,
2026-07-18T16:40:14+00:00,404-2830745-8517131,FBA76415,B0BFWD6SNF,X001MZYX7L,"White Mulberry L Shaped Computer Table | Spacious Study Table for Home with Monitor Raising Shelf, Engineered Wood Top & Steel Legs for Home, Office, Gaming & Study, Carbon Fiber (130+130)*45 * 77cm",1,HDX8,CUSTOMER_DAMAGED,NO_REASON_GIVEN,LPNSDEGA003031,
2026-07-18T06:35:25+00:00,407-0032753-7899572,FBA76415,B0BFWD6SNF,X001MZYX7L,"White Mulberry L Shaped Computer Table | Spacious Study Table for Home with Monitor Raising Shelf, Engineered Wood Top & Steel Legs for Home, Office, Gaming & Study, Carbon Fiber (130+130)*45 * 77cm",1,SHTI,CARRIER_DAMAGED,MISSING_PARTS,LPNSHTI00016894,
2026-07-18T04:23:42+00:00,404-2137215-8512345,FBA79167,B0CPFS24ML,X001Y5UYX1,"White Mulberry Gaming Desk, Computer Desk with Carbon Fiber Surface, Z Shaped Gaming Table, Computer Table, Workstation, Home Office Desk with Cup Holder and Headphone Holder | (110 * 60 * 75 CM)",1,BOM5,SELLABLE,UNDELIVERABLE_UNKNOWN,LPNBOM5F5860048,
2026-07-18T04:20:37+00:00,407-7803173-5803508,FBA79167,B0CPFS24ML,X001Y5UYX1,"White Mulberry Gaming Desk, Computer Desk with Carbon Fiber Surface, Z Shaped Gaming Table, Computer Table, Workstation, Home Office Desk with Cup Holder and Headphone Holder | (110 * 60 * 75 CM)",1,BOM5,CUSTOMER_DAMAGED,NEVER_ARRIVED,LPNBOM5F5860047,
2026-07-17T06:10:46+00:00,406-9466812-0307530,FBA76417,B0BFVMDJ2K,X001MZZQ8V,White Mulberry L-Shape Corner Desk |DIY Assembly| Monitor Raising Shelf | Engineered Wood & Sturdy Steel Leg|Perfect for Office Home Gaming Study Desk Computer Table|L(130+130)*45 * 77cm|White,1,SHTI,CARRIER_DAMAGED,MISORDERED,LPNSHTI00015771,
2026-07-17T05:36:35+00:00,404-4881025-9701134,FBA76415,B0BFWD6SNF,X001MZYX7L,"White Mulberry L Shaped Computer Table | Spacious Study Table for Home with Monitor Raising Shelf, Engineered Wood Top & Steel Legs for Home, Office, Gaming & Study, Carbon Fiber (130+130)*45 * 77cm",1,HDX8,CUSTOMER_DAMAGED,QUALITY_UNACCEPTABLE,LPNSDEGA022034,
2026-07-17T04:27:08+00:00,403-7070034-4251513,FBA79167,B0CPFS24ML,X001Y5UYX1,"White Mulberry Gaming Desk, Computer Desk with Carbon Fiber Surface, Z Shaped Gaming Table, Computer Table, Workstation, Home Office Desk with Cup Holder and Headphone Holder | (110 * 60 * 75 CM)",1,BOM5,CUSTOMER_DAMAGED,DEFECTIVE,LPNBOM5F5880090,
2026-07-16T04:23:29+00:00,402-7083284-9815526,FBA79167,B0CPFS24ML,X001Y5UYX1,"White Mulberry Gaming Desk, Computer Desk with Carbon Fiber Surface, Z Shaped Gaming Table, Computer Table, Workstation, Home Office Desk with Cup Holder and Headphone Holder | (110 * 60 * 75 CM)",1,BLR8,CARRIER_DAMAGED,UNDELIVERABLE_UNKNOWN,LPNBLR8Z4288074,
2026-07-15T06:26:59+00:00,406-4377845-3815554,FBA79179,B0CPT3Q25C,X001Y62M1H,White Mulberry Height Adjustable Table for Office Work | Electric Desk with Memory Preset Controller | Standing Table | Adjustable Standing Desk for Home Office & Study | 120x60cm Carbon Fibre,1,SHTI,CARRIER_DAMAGED,UNDELIVERABLE_REFUSED,LPNSHTI00015258,
2026-07-15T04:04:13+00:00,402-9813575-3732337,FBA79167,B0CPFS24ML,X001Y5UYX1,"White Mulberry Gaming Desk, Computer Desk with Carbon Fiber Surface, Z Shaped Gaming Table, Computer Table, Workstation, Home Office Desk with Cup Holder and Headphone Holder | (110 * 60 * 75 CM)",1,BLR8,SELLABLE,UNDELIVERABLE_UNKNOWN,LPNBLR8Z4740222,
2026-07-15T04:03:54+00:00,405-2194455-2222741,FBA79167,B0CPFS24ML,X001Y5UYX1,"White Mulberry Gaming Desk, Computer Desk with Carbon Fiber Surface, Z Shaped Gaming Table, Computer Table, Workstation, Home Office Desk with Cup Holder and Headphone Holder | (110 * 60 * 75 CM)",1,BLR8,SELLABLE,UNDELIVERABLE_UNKNOWN,LPNBLR8Z3463901,
2026-07-14T11:35:26+00:00,404-1923155-9840369,FBA79167,B0CPFS24ML,X001Y5UYX1,"White Mulberry Gaming Desk, Computer Desk with Carbon Fiber Surface, Z Shaped Gaming Table, Computer Table, Workstation, Home Office Desk with Cup Holder and Headphone Holder | (110 * 60 * 75 CM)",1,HYD8,SELLABLE,UNDELIVERABLE_REFUSED,LPNHYD8ES18705,
2026-07-14T10:22:02+00:00,404-6435287-4639504,FBA79167,B0CPFS24ML,X001Y5UYX1,"White Mulberry Gaming Desk, Computer Desk with Carbon Fiber Surface, Z Shaped Gaming Table, Computer Table, Workstation, Home Office Desk with Cup Holder and Headphone Holder | (110 * 60 * 75 CM)",1,HYD8,SELLABLE,NEVER_ARRIVED,LPNHYD8EO08417,
2026-07-14T10:20:12+00:00,402-9517562-6803567,FBA79167,B0CPFS24ML,X001Y5UYX1,"White Mulberry Gaming Desk, Computer Desk with Carbon Fiber Surface, Z Shaped Gaming Table, Computer Table, Workstation, Home Office Desk with Cup Holder and Headphone Holder | (110 * 60 * 75 CM)",1,HYD8,SELLABLE,UNDELIVERABLE_REFUSED,LPNHYD8EO08416,
2026-07-14T04:29:52+00:00,403-9285316-3177122,FBA79167,B0CPFS24ML,X001Y5UYX1,"White Mulberry Gaming Desk, Computer Desk with Carbon Fiber Surface, Z Shaped Gaming Table, Computer Table, Workstation, Home Office Desk with Cup Holder and Headphone Holder | (110 * 60 * 75 CM)",1,BLR8,DAMAGED,UNDELIVERABLE_REFUSED,LPNBLR8Z4739955,
2026-07-13T10:39:08+00:00,406-6722735-1149137,FBA76415,B0BFWD6SNF,X001MZYX7L,"White Mulberry L Shaped Computer Table | Spacious Study Table for Home with Monitor Raising Shelf, Engineered Wood Top & Steel Legs for Home, Office, Gaming & Study, Carbon Fiber (130+130)*45 * 77cm",1,SPUN,CARRIER_DAMAGED,SWITCHEROO,LPNSPUN63412,
2026-07-13T07:03:07+00:00,405-0681203-5996333,FBA79167,B0CPFS24ML,X001Y5UYX1,"White Mulberry Gaming Desk, Computer Desk with Carbon Fiber Surface, Z Shaped Gaming Table, Computer Table, Workstation, Home Office Desk with Cup Holder and Headphone Holder | (110 * 60 * 75 CM)",1,BLR8,SELLABLE,NEVER_ARRIVED,LPNBLR8Z4739661,
2026-07-12T18:38:59+00:00,408-6399475-0434747,FBA79179,B0CPT3Q25C,X001Y62M1H,White Mulberry Height Adjustable Table for Office Work | Electric Desk with Memory Preset Controller | Standing Table | Adjustable Standing Desk for Home Office & Study | 120x60cm Carbon Fibre,1,HDX8,SELLABLE,UNDELIVERABLE_REFUSED,LPNSDEGA045352,
2026-07-12T12:11:34+00:00,405-3614422-8705902,FBA79167,B0CPFS24ML,X001Y5UYX1,"White Mulberry Gaming Desk, Computer Desk with Carbon Fiber Surface, Z Shaped Gaming Table, Computer Table, Workstation, Home Office Desk with Cup Holder and Headphone Holder | (110 * 60 * 75 CM)",1,BLR7,CUSTOMER_DAMAGED,NOT_COMPATIBLE,LPNBLR7Y8671012,
2026-07-12T11:18:57+00:00,171-1476461-2065906,FBA79167,B0CPFS24ML,X001Y5UYX1,"White Mulberry Gaming Desk, Computer Desk with Carbon Fiber Surface, Z Shaped Gaming Table, Computer Table, Workstation, Home Office Desk with Cup Holder and Headphone Holder | (110 * 60 * 75 CM)",1,DEL4,CUSTOMER_DAMAGED,MISSING_PARTS,LPNDEL4AA3731833,
2026-07-12T09:48:52+00:00,407-1690927-4321928,FBA79167,B0CPFS24ML,X001Y5UYX1,"White Mulberry Gaming Desk, Computer Desk with Carbon Fiber Surface, Z Shaped Gaming Table, Computer Table, Workstation, Home Office Desk with Cup Holder and Headphone Holder | (110 * 60 * 75 CM)",1,BLR7,CARRIER_DAMAGED,UNDELIVERABLE_REFUSED,LPNBLR7Y8670945,
2026-07-11T15:19:09+00:00,407-1918094-9025938,FBA76415,B0BFWD6SNF,X001MZYX7L,"White Mulberry L Shaped Computer Table | Spacious Study Table for Home with Monitor Raising Shelf, Engineered Wood Top & Steel Legs for Home, Office, Gaming & Study, Carbon Fiber (130+130)*45 * 77cm",1,HDX8,SELLABLE,UNDELIVERABLE_REFUSED,LPNSDEGA049360,
2026-07-11T04:41:50+00:00,402-4732739-0177111,FBA79167,B0CPFS24ML,X001Y5UYX1,"White Mulberry Gaming Desk, Computer Desk with Carbon Fiber Surface, Z Shaped Gaming Table, Computer Table, Workstation, Home Office Desk with Cup Holder and Headphone Holder | (110 * 60 * 75 CM)",1,BLR8,SELLABLE,UNDELIVERABLE_REFUSED,LPNBLR8Z3333062,
2026-07-10T11:34:53+00:00,402-4127261-8261957,FBA76415,B0BFWD6SNF,X001MZYX7L,"White Mulberry L Shaped Computer Table | Spacious Study Table for Home with Monitor Raising Shelf, Engineered Wood Top & Steel Legs for Home, Office, Gaming & Study, Carbon Fiber (130+130)*45 * 77cm",1,SHTI,SELLABLE,QUALITY_UNACCEPTABLE,LPNSHTI00014264,
2026-07-10T11:22:36+00:00,402-4627500-7082749,FBA79167,B0CPFS24ML,X001Y5UYX1,"White Mulberry Gaming Desk, Computer Desk with Carbon Fiber Surface, Z Shaped Gaming Table, Computer Table, Workstation, Home Office Desk with Cup Holder and Headphone Holder | (110 * 60 * 75 CM)",1,DEL4,SELLABLE,UNDELIVERABLE_UNKNOWN,LPNDEL4AA3300048,
2026-07-10T08:11:09+00:00,407-2441104-3469917,FBA79167,B0CPFS24ML,X001Y5UYX1,"White Mulberry Gaming Desk, Computer Desk with Carbon Fiber Surface, Z Shaped Gaming Table, Computer Table, Workstation, Home Office Desk with Cup Holder and Headphone Holder | (110 * 60 * 75 CM)",1,BLR8,SELLABLE,UNDELIVERABLE_REFUSED,LPNBLR8Z3342252,
2026-07-10T03:24:58+00:00,404-4351909-9563522,FBA79167,B0CPFS24ML,X001Y5UYX1,"White Mulberry Gaming Desk, Computer Desk with Carbon Fiber Surface, Z Shaped Gaming Table, Computer Table, Workstation, Home Office Desk with Cup Holder and Headphone Holder | (110 * 60 * 75 CM)",1,DEL4,SELLABLE,UNDELIVERABLE_REFUSED,LPNDEL4AA3919248,
2026-07-09T04:11:50+00:00,402-4684050-2008333,FBA79167,B0CPFS24ML,X001Y5UYX1,"White Mulberry Gaming Desk, Computer Desk with Carbon Fiber Surface, Z Shaped Gaming Table, Computer Table, Workstation, Home Office Desk with Cup Holder and Headphone Holder | (110 * 60 * 75 CM)",1,BLR8,DAMAGED,UNDELIVERABLE_REFUSED,LPNBLR8Z4305793,
2026-07-08T20:07:54+00:00,171-5139545-1381155,FBA79167,B0CPFS24ML,X001Y5UYX1,"White Mulberry Gaming Desk, Computer Desk with Carbon Fiber Surface, Z Shaped Gaming Table, Computer Table, Workstation, Home Office Desk with Cup Holder and Headphone Holder | (110 * 60 * 75 CM)",1,CCX1,CARRIER_DAMAGED,UNDELIVERABLE_REFUSED,LPNCCX1A7424707,
2026-07-08T06:12:17+00:00,406-6599709-8196355,FBA79167,B0CPFS24ML,X001Y5UYX1,"White Mulberry Gaming Desk, Computer Desk with Carbon Fiber Surface, Z Shaped Gaming Table, Computer Table, Workstation, Home Office Desk with Cup Holder and Headphone Holder | (110 * 60 * 75 CM)",1,DEL4,SELLABLE,UNDELIVERABLE_UNKNOWN,LPNDEL4AA3951631,
2026-07-07T14:57:35+00:00,403-7360454-8443505,FBA76415,B0BFWD6SNF,X001MZYX7L,"White Mulberry L Shaped Computer Table | Spacious Study Table for Home with Monitor Raising Shelf, Engineered Wood Top & Steel Legs for Home, Office, Gaming & Study, Carbon Fiber (130+130)*45 * 77cm",1,HDX8,CARRIER_DAMAGED,UNDELIVERABLE_REFUSED,LPNSDEGA048066,
2026-07-07T12:17:02+00:00,404-3937409-4657901,FBA79167,B0CPFS24ML,X001Y5UYX1,"White Mulberry Gaming Desk, Computer Desk with Carbon Fiber Surface, Z Shaped Gaming Table, Computer Table, Workstation, Home Office Desk with Cup Holder and Headphone Holder | (110 * 60 * 75 CM)",1,DEL4,CARRIER_DAMAGED,UNDELIVERABLE_UNKNOWN,LPNDEL4AA3951212,
2026-07-07T09:02:25+00:00,406-5155095-5494705,FBA76415,B0BFWD6SNF,X001MZYX7L,"White Mulberry L Shaped Computer Table | Spacious L Shape Study Table For Home with Monitor Raising Shelf, Engineered Wood Top & Steel Legs for Home, Office, Gaming & Study, Black, (130+130)*45 * 77cm",1,LMAA,CARRIER_DAMAGED,SWITCHEROO,LPNLMAA0027050,
2026-07-06T21:23:52+00:00,406-6590377-2621105,FBA79167,B0CPFS24ML,X001Y5UYX1,"White Mulberry Gaming Desk, Computer Desk with Carbon Fiber Surface, Z Shaped Gaming Table, Computer Table, Workstation, Home Office Desk with Cup Holder and Headphone Holder | (110 * 60 * 75 CM)",1,BLR8,SELLABLE,UNDELIVERABLE_REFUSED,LPNBLR8Z4815212,
2026-07-06T21:22:13+00:00,407-1625560-1723518,FBA79167,B0CPFS24ML,X001Y5UYX1,"White Mulberry Gaming Desk, Computer Desk with Carbon Fiber Surface, Z Shaped Gaming Table, Computer Table, Workstation, Home Office Desk with Cup Holder and Headphone Holder | (110 * 60 * 75 CM)",1,BLR8,SELLABLE,UNDELIVERABLE_REFUSED,LPNBLR8Z4815211,
2026-07-06T12:33:49+00:00,404-5401376-5513111,FBA79167,B0CPFS24ML,X001Y5UYX1,"White Mulberry Gaming Desk, Computer Desk with Carbon Fiber Surface, Z Shaped Gaming Table, Computer Table, Workstation, Home Office Desk with Cup Holder and Headphone Holder | (110 * 60 * 75 CM)",1,HYD8,CUSTOMER_DAMAGED,SWITCHEROO,LPNHYD8EJ59560,
2026-07-05T20:21:02+00:00,408-9802796-1211539,FBA79167,B0CPFS24ML,X001Y5UYX1,"White Mulberry Gaming Desk, Computer Desk with Carbon Fiber Surface, Z Shaped Gaming Table, Computer Table, Workstation, Home Office Desk with Cup Holder and Headphone Holder | (110 * 60 * 75 CM)",1,CCX1,SELLABLE,UNDELIVERABLE_REFUSED,LPNCCX1A8722775,
2026-07-05T07:23:15+00:00,407-2308442-1499512,FBA79167,B0CPFS24ML,X001Y5UYX1,"White Mulberry Gaming Desk, Computer Desk with Carbon Fiber Surface, Z Shaped Gaming Table, Computer Table, Workstation, Home Office Desk with Cup Holder and Headphone Holder | (110 * 60 * 75 CM)",1,BLR8,SELLABLE,UNDELIVERABLE_REFUSED,LPNBLR8Z4813630,
2026-07-05T06:48:36+00:00,407-8970250-4543519,FBA79167,B0CPFS24ML,X001Y5UYX1,"White Mulberry Gaming Desk, Computer Desk with Carbon Fiber Surface, Z Shaped Gaming Table, Computer Table, Workstation, Home Office Desk with Cup Holder and Headphone Holder | (110 * 60 * 75 CM)",1,BLR8,SELLABLE,UNDELIVERABLE_REFUSED,LPNBLR8Z4814250,
2026-07-05T04:41:04+00:00,405-1245096-1377920,FBA79167,B0CPFS24ML,X001Y5UYX1,"White Mulberry Gaming Desk, Computer Desk with Carbon Fiber Surface, Z Shaped Gaming Table, Computer Table, Workstation, Home Office Desk with Cup Holder and Headphone Holder | (110 * 60 * 75 CM)",1,BOM5,SELLABLE,UNDELIVERABLE_REFUSED,LPNBOM5F5826513,
2026-07-04T12:12:23+00:00,404-7913029-6157962,FBA79167,B0CPFS24ML,X001Y5UYX1,"White Mulberry Gaming Desk, Computer Desk with Carbon Fiber Surface, Z Shaped Gaming Table, Computer Table, Workstation, Home Office Desk with Cup Holder and Headphone Holder | (110 * 60 * 75 CM)",1,HYD8,SELLABLE,UNDELIVERABLE_UNKNOWN,LPNHYD8EJ58729,
2026-07-04T08:48:05+00:00,405-3423037-8257160,FBA79167,B0CPFS24ML,X001Y5UYX1,"White Mulberry Gaming Desk, Computer Desk with Carbon Fiber Surface, Z Shaped Gaming Table, Computer Table, Workstation, Home Office Desk with Cup Holder and Headphone Holder | (110 * 60 * 75 CM)",1,DEL4,CUSTOMER_DAMAGED,DAMAGED_BY_FC,LPNDEL4AA3108992,
2026-07-04T04:21:28+00:00,405-3646440-7662737,FBA79167,B0CPFS24ML,X001Y5UYX1,"White Mulberry Gaming Desk, Computer Desk with Carbon Fiber Surface, Z Shaped Gaming Table, Computer Table, Workstation, Home Office Desk with Cup Holder and Headphone Holder | (110 * 60 * 75 CM)",1,BOM5,SELLABLE,UNDELIVERABLE_UNKNOWN,LPNBOM5F5455146,
2026-07-03T19:29:57+00:00,403-0547582-3197132,FBA79167,B0CPFS24ML,X001Y5UYX1,"White Mulberry Gaming Desk, Computer Desk with Carbon Fiber Surface, Z Shaped Gaming Table, Computer Table, Workstation, Home Office Desk with Cup Holder and Headphone Holder | (110 * 60 * 75 CM)",1,CCX1,SELLABLE,UNDELIVERABLE_REFUSED,LPNCCX1B4102605,
2026-07-03T14:02:46+00:00,171-7464293-7220360,FBA79662,B0DQ4YWSMC,X00270AW07,White Mulberry Height Adjustable Table For Office Work | Electric Standing Desk 120x60cm White | Motorized Sit Stand Desk With Digital Screen & Memory Presets | White Ergonomic Home Office Workstation,1,SBOB,CUSTOMER_DAMAGED,NO_REASON_GIVEN,LPNSBOB1392052,
2026-07-03T11:38:57+00:00,403-6645337-2467540,FBA79167,B0CPFS24ML,X001Y5UYX1,"White Mulberry Gaming Desk, Computer Desk with Carbon Fiber Surface, Z Shaped Gaming Table, Computer Table, Workstation, Home Office Desk with Cup Holder and Headphone Holder | (110 * 60 * 75 CM)",1,DEL4,CARRIER_DAMAGED,UNDELIVERABLE_REFUSED,LPNDEL4AA2082724,
2026-07-02T17:30:33+00:00,402-1004506-0818747,FBA79167,B0CPFS24ML,X001Y5UYX1,"White Mulberry Gaming Desk, Computer Desk with Carbon Fiber Surface, Z Shaped Gaming Table, Computer Table, Workstation, Home Office Desk with Cup Holder and Headphone Holder | (110 * 60 * 75 CM)",1,BLR8,SELLABLE,UNDELIVERABLE_REFUSED,LPNBLR8Z5514346,
2026-07-02T14:56:15+00:00,407-7003476-1816350,FBA79167,B0CPFS24ML,X001Y5UYX1,"White Mulberry Gaming Desk, Computer Desk with Carbon Fiber Surface, Z Shaped Gaming Table, Computer Table, Workstation, Home Office Desk with Cup Holder and Headphone Holder | (110 * 60 * 75 CM)",1,DEL4,SELLABLE,NO_REASON_GIVEN,LPNDEL4AA3108265,
2026-07-02T11:24:54+00:00,408-9621782-0261114,FBA79167,B0CPFS24ML,X001Y5UYX1,"White Mulberry Gaming Desk, Computer Desk with Carbon Fiber Surface, Z Shaped Gaming Table, Computer Table, Workstation, Home Office Desk with Cup Holder and Headphone Holder | (110 * 60 * 75 CM)",1,DEL4,SELLABLE,UNDELIVERABLE_UNKNOWN,LPNDEL4AA3950616,
2026-07-02T06:41:10+00:00,403-6072724-5581966,FBA79167,B0CPFS24ML,X001Y5UYX1,"White Mulberry Gaming Desk, Computer Desk with Carbon Fiber Surface, Z Shaped Gaming Table, Computer Table, Workstation, Home Office Desk with Cup Holder and Headphone Holder | (110 * 60 * 75 CM)",1,BLR8,SELLABLE,DEFECTIVE,LPNBLR8Z4303742,
2026-07-01T22:20:26+00:00,402-4598141-9561917,FBA79167,B0CPFS24ML,X001Y5UYX1,"White Mulberry Gaming Desk, Computer Desk with Carbon Fiber Surface, Z Shaped Gaming Table, Computer Table, Workstation, Home Office Desk with Cup Holder and Headphone Holder | (110 * 60 * 75 CM)",1,CCX1,SELLABLE,UNDELIVERABLE_REFUSED,LPNCCX1B4170658,
2026-07-01T15:09:10+00:00,402-3081497-7409144,FBA76415,B0BFWD6SNF,X001MZYX7L,"White Mulberry L Shaped Computer Table | Spacious L Shape Study Table For Home with Monitor Raising Shelf, Engineered Wood Top & Steel Legs for Home, Office, Gaming & Study, Black, (130+130)*45 * 77cm",1,BLX1,CUSTOMER_DAMAGED,SWITCHEROO,LPNBLX1C093497,
2026-07-01T09:24:20+00:00,405-3824107-9644368,FBA79167,B0CPFS24ML,X001Y5UYX1,"White Mulberry Gaming Desk, Computer Desk with Carbon Fiber Surface, Z Shaped Gaming Table, Computer Table, Workstation, Home Office Desk with Cup Holder and Headphone Holder | (110 * 60 * 75 CM)",1,BOM5,SELLABLE,UNDELIVERABLE_UNKNOWN,LPNBOM5F5465051,
2026-07-01T06:49:32+00:00,404-6104605-6788338,FBA79167,B0CPFS24ML,X001Y5UYX1,"White Mulberry Gaming Desk, Computer Desk with Carbon Fiber Surface, Z Shaped Gaming Table, Computer Table, Workstation, Home Office Desk with Cup Holder and Headphone Holder | (110 * 60 * 75 CM)",1,BOM5,SELLABLE,UNDELIVERABLE_REFUSED,LPNBOM5F5435891,
2026-07-01T05:46:54+00:00,407-2497737-1874765,FBA79167,B0CPFS24ML,X001Y5UYX1,"White Mulberry Gaming Desk, Computer Desk with Carbon Fiber Surface, Z Shaped Gaming Table, Computer Table, Workstation, Home Office Desk with Cup Holder and Headphone Holder | (110 * 60 * 75 CM)",1,BOM5,SELLABLE,UNDELIVERABLE_REFUSED,LPNBOM5F5407228,
2026-07-01T03:55:07+00:00,403-6044286-1801115,FBA79167,B0CPFS24ML,X001Y5UYX1,"White Mulberry Gaming Desk, Computer Desk with Carbon Fiber Surface, Z Shaped Gaming Table, Computer Table, Workstation, Home Office Desk with Cup Holder and Headphone Holder | (110 * 60 * 75 CM)",1,CCX2,SELLABLE,UNDELIVERABLE_REFUSED,LPNCCX2B2262224,
2026-06-29T12:22:41+00:00,405-6904525-0069903,FBA79167,B0CPFS24ML,X001Y5UYX1,"White Mulberry Gaming Desk, Computer Desk with Carbon Fiber Surface, Z Shaped Gaming Table, Computer Table, Workstation, Home Office Desk with Cup Holder and Headphone Holder | (110 * 60 * 75 CM)",1,HYD8,CUSTOMER_DAMAGED,DEFECTIVE,LPNHYD8EF20503,
2026-06-28T19:38:03+00:00,402-4296829-1337133,FBA79167,B0CPFS24ML,X001Y5UYX1,"White Mulberry Gaming Desk, Computer Desk with Carbon Fiber Surface, Z Shaped Gaming Table, Computer Table, Workstation, Home Office Desk with Cup Holder and Headphone Holder | (110 * 60 * 75 CM)",1,CCX1,CARRIER_DAMAGED,UNDELIVERABLE_REFUSED,LPNCCX1B2440445,
2026-06-28T08:39:43+00:00,402-6090489-2032337,FBA79167,B0CPFS24ML,X001Y5UYX1,"White Mulberry Gaming Desk, Computer Desk with Carbon Fiber Surface, Z Shaped Gaming Table, Computer Table, Workstation, Home Office Desk with Cup Holder and Headphone Holder | (110 * 60 * 75 CM)",1,BLR7,CARRIER_DAMAGED,UNDELIVERABLE_REFUSED,LPNBLR7Y7855923,
2026-06-27T11:00:01+00:00,408-3896665-0021948,FBA79167,B0CPFS24ML,X001Y5UYX1,"White Mulberry Gaming Desk, Computer Desk with Carbon Fiber Surface, Z Shaped Gaming Table, Computer Table, Workstation, Home Office Desk with Cup Holder and Headphone Holder | (110 * 60 * 75 CM)",1,BLR7,SELLABLE,SWITCHEROO,LPNBLR7Y7855626,
2026-06-27T10:32:22+00:00,407-5462207-4616334,FBA76416,B0BFW59TRG,X001N02VPV,"White Mulberry L-Shape Corner Desk | Monitor Raising Shelf | Made of P2 Grade Melamine Particle Board & Sturdy Steel Leg | Suitable for Office, Home, Gaming, Streaming | Black |L(130+130)*B45*H77cm",1,SBOB,CUSTOMER_DAMAGED,SWITCHEROO,LPNSBOB1388621,
2026-06-26T18:08:18+00:00,171-5586406-9945900,FBA76417,B0BFVMDJ2K,X001MZZQ8V,"White Mulberry L Shaped Computer Table | Spacious L Shape Study Table for Home with Monitor Raising Shelf, Engineered Wood Top & Steel Legs for Home, Office, Gaming & Study, White, 130+130×45×77 cm",1,SBOB,CUSTOMER_DAMAGED,DEFECTIVE,LPNSBOB1388302,
2026-06-26T06:57:42+00:00,405-2746376-7486724,FBA76417,B0BFVMDJ2K,X001MZZQ8V,"White Mulberry L Shaped Computer Table | Spacious L Shape Study Table for Home with Monitor Raising Shelf, Engineered Wood Top & Steel Legs for Home, Office, Gaming & Study, White, 130+130×45×77 cm",1,BLX1,SELLABLE,UNDELIVERABLE_REFUSED,LPNBLX1C140655,
2026-06-26T05:19:18+00:00,406-4442109-5330751,FBA79167,B0CPFS24ML,X001Y5UYX1,"White Mulberry Gaming Desk, Computer Desk with Carbon Fiber Surface, Z Shaped Gaming Table, Computer Table, Workstation, Home Office Desk with Cup Holder and Headphone Holder | (110 * 60 * 75 CM)",1,DEL4,SELLABLE,UNDELIVERABLE_REFUSED,LPNDEL4AA3990308,
2026-06-25T18:24:43+00:00,405-2433007-9289947,FBA76417,B0BFVMDJ2K,X001MZZQ8V,"White Mulberry L Shaped Computer Table | Spacious L Shape Study Table for Home with Monitor Raising Shelf, Engineered Wood Top & Steel Legs for Home, Office, Gaming & Study, White, 130+130×45×77 cm",1,SBOB,CUSTOMER_DAMAGED,QUALITY_UNACCEPTABLE,LPNSBOB1387687,
2026-06-25T10:05:58+00:00,407-3034951-4675566,FBA79167,B0CPFS24ML,X001Y5UYX1,"White Mulberry Gaming Desk, Computer Desk with Carbon Fiber Surface, Z Shaped Gaming Table, Computer Table, Workstation, Home Office Desk with Cup Holder and Headphone Holder | (110 * 60 * 75 CM)",1,MAA4,SELLABLE,UNDELIVERABLE_UNKNOWN,LPNMAA4Z2273850,
2026-06-24T08:29:31+00:00,402-0120877-0312362,FBA76416,B0BFW59TRG,X001N02VPV,"White Mulberry L-Shape Corner Desk | Monitor Raising Shelf | Made of P2 Grade Melamine Particle Board & Sturdy Steel Leg | Suitable for Office, Home, Gaming, Streaming | Black |L(130+130)*B45*H77cm",1,SPUN,CARRIER_DAMAGED,SWITCHEROO,LPNSPUN59333,
2026-06-24T06:17:22+00:00,403-8864299-1768360,FBA79167,B0CPFS24ML,X001Y5UYX1,"White Mulberry Gaming Desk, Computer Desk with Carbon Fiber Surface, Z Shaped Gaming Table, Computer Table, Workstation, Home Office Desk with Cup Holder and Headphone Holder | (110 * 60 * 75 CM)",1,BLR7,CUSTOMER_DAMAGED,QUALITY_UNACCEPTABLE,LPNBLR7Y7854241,
2026-06-23T15:36:47+00:00,402-8717460-5700310,FBA79662,B0DQ4YWSMC,X00270AW07,White Mulberry Height Adjustable Table For Office Work | Electric Standing Desk 120x60cm White | Motorized Sit Stand Desk With Digital Screen & Memory Presets | White Ergonomic Home Office Workstation,1,HDX8,CUSTOMER_DAMAGED,DEFECTIVE,LPNHDX8A005873,
2026-06-23T11:54:27+00:00,403-7688253-5273167,FBA79167,B0CPFS24ML,X001Y5UYX1,"White Mulberry Gaming Desk, Computer Desk with Carbon Fiber Surface, Z Shaped Gaming Table, Computer Table, Workstation, Home Office Desk with Cup Holder and Headphone Holder | (110 * 60 * 75 CM)",1,BOM5,SELLABLE,UNDELIVERABLE_REFUSED,LPNBOM5F5694482,
2026-06-23T09:27:19+00:00,408-9857262-4357961,FBA79167,B0CPFS24ML,X001Y5UYX1,"White Mulberry Gaming Desk, Computer Desk with Carbon Fiber Surface, Z Shaped Gaming Table, Computer Table, Workstation, Home Office Desk with Cup Holder and Headphone Holder | (110 * 60 * 75 CM)",1,BLR7,SELLABLE,UNDELIVERABLE_REFUSED,LPNBLR7Y7853975,
2026-06-23T08:32:44+00:00,404-2029470-0977929,FBA79167,B0CPFS24ML,X001Y5UYX1,"White Mulberry Gaming Desk, Computer Desk with Carbon Fiber Surface, Z Shaped Gaming Table, Computer Table, Workstation, Home Office Desk with Cup Holder and Headphone Holder | (110 * 60 * 75 CM)",1,DEL4,SELLABLE,UNDELIVERABLE_UNKNOWN,LPNDEL4AA3925027,
2026-06-23T06:25:18+00:00,408-7120729-6837923,FBA76417,B0BFVMDJ2K,X001MZZQ8V,"White Mulberry L Shaped Computer Table | Spacious L Shape Study Table for Home with Monitor Raising Shelf, Engineered Wood Top & Steel Legs for Home, Office, Gaming & Study, White, 130+130×45×77 cm",1,SBOB,SELLABLE,UNDELIVERABLE_REFUSED,LPNSBOB1385946,
2026-06-23T05:29:18+00:00,403-5101653-2865108,FBA76417,B0BFVMDJ2K,X001MZZQ8V,"White Mulberry L Shaped Computer Table | Spacious L Shape Study Table for Home with Monitor Raising Shelf, Engineered Wood Top & Steel Legs for Home, Office, Gaming & Study, White, 130+130×45×77 cm",1,HDX8,CUSTOMER_DAMAGED,QUALITY_UNACCEPTABLE,LPNHDX8005941,
2026-06-22T15:00:37+00:00,408-2886313-6344340,FBA76415,B0BFWD6SNF,X001MZYX7L,"White Mulberry L Shaped Computer Table | Spacious L Shape Study Table For Home with Monitor Raising Shelf, Engineered Wood Top & Steel Legs for Home, Office, Gaming & Study, Black, (130+130)*45 * 77cm",1,SBOB,CUSTOMER_DAMAGED,SWITCHEROO,LPNSBOB1385291,
2026-06-22T15:00:11+00:00,403-4065197-2565940,FBA79179,B0CPT3Q25C,X001Y62M1H,White Mulberry Height Adjustable Table for Office Work | Electric Desk with Memory Preset Controller | Standing Table | Adjustable Standing Desk for Home Office & Study | 120x60cm Carbon Fibre,1,SBOB,CUSTOMER_DAMAGED,SWITCHEROO,LPNSBOB1385290,
2026-06-22T13:49:32+00:00,171-3328269-2691534,FBA79662,B0DQ4YWSMC,X00270AW07,White Mulberry Height Adjustable Table For Office Work | Electric Standing Desk 120x60cm White | Motorized Sit Stand Desk With Digital Screen & Memory Presets | White Ergonomic Home Office Workstation,1,BLX1,SELLABLE,UNDELIVERABLE_REFUSED,LPNBLX1C049419,
2026-06-22T13:44:52+00:00,407-2806960-6949923,FBA76415,B0BFWD6SNF,X001MZYX7L,"White Mulberry L Shaped Computer Table | Spacious L Shape Study Table For Home with Monitor Raising Shelf, Engineered Wood Top & Steel Legs for Home, Office, Gaming & Study, Black, (130+130)*45 * 77cm",1,BLX1,CUSTOMER_DAMAGED,MISORDERED,LPNBLX1C049418,
2026-06-22T12:43:38+00:00,402-2531413-4073130,FBA79167,B0CPFS24ML,X001Y5UYX1,"White Mulberry Gaming Desk, Computer Desk with Carbon Fiber Surface, Z Shaped Gaming Table, Computer Table, Workstation, Home Office Desk with Cup Holder and Headphone Holder | (110 * 60 * 75 CM)",1,HYD8,CARRIER_DAMAGED,UNDELIVERABLE_REFUSED,LPNHYD8EF41160,
2026-06-22T09:02:33+00:00,404-4254275-9061104,FBA79167,B0CPFS24ML,X001Y5UYX1,"White Mulberry Gaming Desk, Computer Desk with Carbon Fiber Surface, Z Shaped Gaming Table, Computer Table, Workstation, Home Office Desk with Cup Holder and Headphone Holder | (110 * 60 * 75 CM)",1,HYD8,SELLABLE,QUALITY_UNACCEPTABLE,LPNHYD8ED01352,
2026-06-22T06:27:11+00:00,407-5289320-1468336,FBA79167,B0CPFS24ML,X001Y5UYX1,"White Mulberry Gaming Desk, Computer Desk with Carbon Fiber Surface, Z Shaped Gaming Table, Computer Table, Workstation, Home Office Desk with Cup Holder and Headphone Holder | (110 * 60 * 75 CM)",1,BLR7,CARRIER_DAMAGED,UNDELIVERABLE_UNKNOWN,LPNBLR7Y7287766,
2026-06-21T15:48:42+00:00,408-1433377-1765942,FBA76415,B0BFWD6SNF,X001MZYX7L,"White Mulberry L Shaped Computer Table | Spacious L Shape Study Table For Home with Monitor Raising Shelf, Engineered Wood Top & Steel Legs for Home, Office, Gaming & Study, Black, (130+130)*45 * 77cm",1,SBOB,CUSTOMER_DAMAGED,MISORDERED,LPNSBOB1385218,
2026-06-21T09:50:13+00:00,405-1204534-8479517,FBA79167,B0CPFS24ML,X001Y5UYX1,"White Mulberry Gaming Desk, Computer Desk with Carbon Fiber Surface, Z Shaped Gaming Table, Computer Table, Workstation, Home Office Desk with Cup Holder and Headphone Holder | (110 * 60 * 75 CM)",1,DEL4,SELLABLE,UNDELIVERABLE_REFUSED,LPNDEL4AA4027730,
2026-06-21T08:35:03+00:00,171-0025867-6612374,FBA79167,B0CPFS24ML,X001Y5UYX1,"White Mulberry Gaming Desk, Computer Desk with Carbon Fiber Surface, Z Shaped Gaming Table, Computer Table, Workstation, Home Office Desk with Cup Holder and Headphone Holder | (110 * 60 * 75 CM)",1,BLR7,SELLABLE,UNDELIVERABLE_REFUSED,LPNBLR7Y7853300,
2026-06-20T13:05:37+00:00,402-8590404-8535510,FBA79167,B0CPFS24ML,X001Y5UYX1,"White Mulberry Gaming Desk, Computer Desk with Carbon Fiber Surface, Z Shaped Gaming Table, Computer Table, Workstation, Home Office Desk with Cup Holder and Headphone Holder | (110 * 60 * 75 CM)",1,MAA4,SELLABLE,UNDELIVERABLE_REFUSED,LPNMAA4G898204,
2026-06-19T14:24:04+00:00,403-3269966-6849104,FBA76415,B0BFWD6SNF,X001MZYX7L,"White Mulberry L Shaped Computer Table | Spacious L Shape Study Table For Home with Monitor Raising Shelf, Engineered Wood Top & Steel Legs for Home, Office, Gaming & Study, Black, (130+130)*45 * 77cm",1,HDX8,SELLABLE,UNDELIVERABLE_REFUSED,LPNHDX8A004693,
2026-06-18T09:53:43+00:00,408-1513827-8090763,FBA79167,B0CPFS24ML,X001Y5UYX1,"White Mulberry Gaming Desk, Computer Desk with Carbon Fiber Surface, Z Shaped Gaming Table, Computer Table, Workstation, Home Office Desk with Cup Holder and Headphone Holder | (110 * 60 * 75 CM)",1,MAA4,CUSTOMER_DAMAGED,NEVER_ARRIVED,LPNMAA4Z2273003,
2026-06-18T09:01:23+00:00,402-6972876-7770702,FBA76765,B0BMQQQ7YD,X001O7YYCV,"White Mulberry Motorized Height Adjustable Sit-Stand Desk | Electronic Height Adjustable | Motor & Memory Preset Controller | Office, Workstation or Home | Carbon Fibre | 120 * 60*H(75-118) cm",1,SPUN,CARRIER_DAMAGED,SWITCHEROO,LPNSPUN58279,
2026-06-18T06:34:47+00:00,171-5595331-6677926,FBA79179,B0CPT3Q25C,X001Y62M1H,White Mulberry Height Adjustable Table for Office Work | Electric Desk with Memory Preset Controller | Standing Table | Adjustable Standing Desk for Home Office & Study | 120x60cm Carbon Fibre,1,SPUN,CARRIER_DAMAGED,UNDELIVERABLE_UNKNOWN,LPNSPUN58332,
2026-06-18T06:13:54+00:00,405-9716650-4190754,FBA76415,B0BFWD6SNF,X001MZYX7L,"White Mulberry L Shaped Computer Table | Spacious L Shape Study Table For Home with Monitor Raising Shelf, Engineered Wood Top & Steel Legs for Home, Office, Gaming & Study, Black, (130+130)*45 * 77cm",1,SPUN,CARRIER_DAMAGED,SWITCHEROO,LPNSPUN58348,
2026-06-18T05:06:11+00:00,405-0242402-8315559,FBA79167,B0CPFS24ML,X001Y5UYX1,"White Mulberry Gaming Desk, Computer Desk with Carbon Fiber Surface, Z Shaped Gaming Table, Computer Table, Workstation, Home Office Desk with Cup Holder and Headphone Holder | (110 * 60 * 75 CM)",1,HYD8,CARRIER_DAMAGED,UNDELIVERABLE_REFUSED,LPNHYD8DY89222,
2026-06-18T03:18:32+00:00,403-8790017-7829152,FBA79167,B0CPFS24ML,X001Y5UYX1,"White Mulberry Gaming Desk, Computer Desk with Carbon Fiber Surface, Z Shaped Gaming Table, Computer Table, Workstation, Home Office Desk with Cup Holder and Headphone Holder | (110 * 60 * 75 CM)",1,HYD8,CARRIER_DAMAGED,UNDELIVERABLE_REFUSED,LPNHYD8DY89148,
2026-06-17T17:18:11+00:00,408-3294486-3424329,FBA79167,B0CPFS24ML,X001Y5UYX1,"White Mulberry Gaming Desk, Computer Desk with Carbon Fiber Surface, Z Shaped Gaming Table, Computer Table, Workstation, Home Office Desk with Cup Holder and Headphone Holder | (110 * 60 * 75 CM)",1,CCX1,DAMAGED,UNDELIVERABLE_REFUSED,LPNCCX1B4206954,
2026-06-17T11:01:26+00:00,171-3399563-8885966,FBA76415,B0BFWD6SNF,X001MZYX7L,"White Mulberry L Shaped Computer Table | Spacious L Shape Study Table For Home with Monitor Raising Shelf, Engineered Wood Top & Steel Legs for Home, Office, Gaming & Study, Black, (130+130)*45 * 77cm",1,LMAA,CARRIER_DAMAGED,QUALITY_UNACCEPTABLE,LPNLMAA0019039,
2026-06-15T09:24:30+00:00,171-3194001-5187538,FBA79167,B0CPFS24ML,X001Y5UYX1,"White Mulberry Gaming Desk, Computer Desk with Carbon Fiber Surface, Z Shaped Gaming Table, Computer Table, Workstation, Home Office Desk with Cup Holder and Headphone Holder | (110 * 60 * 75 CM)",1,HYD8,SELLABLE,UNDELIVERABLE_UNKNOWN,LPNHYD8DY92591,
2026-06-15T08:53:22+00:00,406-3765893-9779536,FBA79658,B0DQ1PKNSP,X0026ZHXR3,"White Mulberry Manual Height Adjustable Table for Office Work | 120×60 cm Ergonomic Sit Stand Desk for Office Work & Study Multi-Purpose Standing Desk with 80 Kg Load Capacity, White, 3 Year Warranty",1,HDX8,CUSTOMER_DAMAGED,SWITCHEROO,LPNHDX8A0002233,
2026-06-14T11:15:53+00:00,171-1282309-9677932,FBA79167,B0CPFS24ML,X001Y5UYX1,"White Mulberry Gaming Desk, Computer Desk with Carbon Fiber Surface, Z Shaped Gaming Table, Computer Table, Workstation, Home Office Desk with Cup Holder and Headphone Holder | (110 * 60 * 75 CM)",1,MAA4,SELLABLE,UNDELIVERABLE_REFUSED,LPNMAA4Z2198432,
2026-06-14T06:26:57+00:00,407-1845667-2313146,FBA79167,B0CPFS24ML,X001Y5UYX1,"White Mulberry Gaming Desk, Computer Desk with Carbon Fiber Surface, Z Shaped Gaming Table, Computer Table, Workstation, Home Office Desk with Cup Holder and Headphone Holder | (110 * 60 * 75 CM)",1,DEL4,SELLABLE,UNDELIVERABLE_REFUSED,LPNDEL4AA3677498,
2026-06-13T12:21:24+00:00,405-5466299-6857906,FBA79179,B0CPT3Q25C,X001Y62M1H,White Mulberry Height Adjustable Table for Office Work | Electric Desk with Memory Preset Controller | Standing Table | Adjustable Standing Desk for Home Office & Study | 120x60cm Carbon Fibre,1,SBOB,CARRIER_DAMAGED,UNDELIVERABLE_REFUSED,LPNSBOB1375958,
2026-06-13T12:20:57+00:00,404-9976514-7382743,FBA79662,B0DQ4YWSMC,X00270AW07,White Mulberry |120X60CM Table Top|Motorized Sit Stand Desk|Multi-Purpose Electric Height Adjustable Ergonomic Desk - Office Work study Table|3 Year Warranty|Digital screen Advance Memory Preset-White,1,SBOB,CUSTOMER_DAMAGED,DEFECTIVE,LPNSBOB1375957,
2026-06-12T11:47:28+00:00,407-2845785-4936332,FBA79179,B0CPT3Q25C,X001Y62M1H,White Mulberry Height Adjustable Table for Office Work | Electric Desk with Memory Preset Controller | Standing Table | Adjustable Standing Desk for Home Office & Study | 120x60cm Carbon Fibre,1,SHTI,SELLABLE,UNDELIVERABLE_UNKNOWN,LPNSHTI00009280,
2026-06-11T12:39:34+00:00,405-0836953-9114742,FBA76417,B0BFVMDJ2K,X001MZZQ8V,"White Mulberry L Shaped Computer Table | Spacious L Shape Study Table for Home with Monitor Raising Shelf, Engineered Wood Top & Steel Legs for Home, Office, Gaming & Study, White, 130+130×45×77 cm",1,HDX8,SELLABLE,MISSING_PARTS,LPNHDX8A001607,
2026-06-11T10:43:03+00:00,407-7053626-1929962,FBA79667,B0DQPK7MFH,X0027512Z1,White Mulberry L-Shape Corner Desk with Shelf|DIY Assembly| Monitor Raising Shelf |Engineered Wood & Sturdy Steel Leg|Perfect for Computer Table Office Home Gaming Study Desk|L(130+130)*45*77cm|White,1,SCUY,CARRIER_DAMAGED,SWITCHEROO,LPNSCUY00017897,
2026-06-10T22:26:08+00:00,404-0639682-6860336,FBA79167,B0CPFS24ML,X001Y5UYX1,"White Mulberry Gaming Desk, Computer Desk with Carbon Fiber Surface, Z Shaped Gaming Table, Computer Table, Workstation, Home Office Desk with Cup Holder and Headphone Holder | (110 * 60 * 75 CM)",1,CCX1,CARRIER_DAMAGED,UNDELIVERABLE_REFUSED,LPNCX1B4784440,
2026-06-10T12:14:02+00:00,171-1027170-0049924,FBA79167,B0CPFS24ML,X001Y5UYX1,"White Mulberry Gaming Desk, Computer Desk with Carbon Fiber Surface, Z Shaped Gaming Table, Computer Table, Workstation, Home Office Desk with Cup Holder and Headphone Holder | (110 * 60 * 75 CM)",1,MAA4,SELLABLE,UNDELIVERABLE_REFUSED,LPNMAA4Z2407733,
2026-06-10T08:20:03+00:00,406-6295410-5869130,FBA79662,B0DQ4YWSMC,X00270AW07,White Mulberry Height Adjustable Table For Office Work | Electric Standing Desk 120x60cm White | Motorized Sit Stand Desk With Digital Screen & Memory Presets | White Ergonomic Home Office Workstation,1,BLX1,CUSTOMER_DAMAGED,MISSING_PARTS,LPNBLX1C159057,
2026-06-10T05:42:02+00:00,405-8329990-8940345,FBA79167,B0CPFS24ML,X001Y5UYX1,"White Mulberry Gaming Desk, Computer Desk with Carbon Fiber Surface, Z Shaped Gaming Table, Computer Table, Workstation, Home Office Desk with Cup Holder and Headphone Holder | (110 * 60 * 75 CM)",1,BLR7,SELLABLE,UNDELIVERABLE_REFUSED,LPNBLR7Y4745942,
2026-06-10T04:51:41+00:00,405-7954322-6131539,FBA79167,B0CPFS24ML,X001Y5UYX1,"White Mulberry Gaming Desk, Computer Desk with Carbon Fiber Surface, Z Shaped Gaming Table, Computer Table, Workstation, Home Office Desk with Cup Holder and Headphone Holder | (110 * 60 * 75 CM)",1,BOM5,CARRIER_DAMAGED,UNDELIVERABLE_REFUSED,LPNBOM5F5675078,
2026-06-10T03:51:05+00:00,407-5527946-4998741,FBA79167,B0CPFS24ML,X001Y5UYX1,"White Mulberry Gaming Desk, Computer Desk with Carbon Fiber Surface, Z Shaped Gaming Table, Computer Table, Workstation, Home Office Desk with Cup Holder and Headphone Holder | (110 * 60 * 75 CM)",1,BLR7,SELLABLE,UNDELIVERABLE_REFUSED,LPNBLR7Y7287766,
2026-06-08T09:59:30+00:00,404-4052225-7064331,FBA79167,B0CPFS24ML,X001Y5UYX1,"White Mulberry Gaming Desk, Computer Desk with Carbon Fiber Surface, Z Shaped Gaming Table, Computer Table, Workstation, Home Office Desk with Cup Holder and Headphone Holder | (110 * 60 * 75 CM)",1,DEL4,SELLABLE,DEFECTIVE,LPNDEL4AA3631375,
2026-06-08T08:59:50+00:00,404-3123106-0929939,FBK76387,B0BF4S7V8C,X00242V9DH,"White Mulberry Alloy Steel Manual Height Adjustable Desk | Ergonomic Design | Ecofriendly Desk | Sit Stand Desk for Office, Home & Study Table| 1200Mm X 600Mm | White",1,SPUN,CARRIER_DAMAGED,SWITCHEROO,LPNSPUN56234,
2026-06-08T08:59:02+00:00,408-8800113-8391502,FBA79658,B0DQ1PKNSP,X0026ZHXR3,White Mulberry |120X60CM Table Top|Manual Sit Stand Desk|Multi-Purpose Manual Height Adjustable Ergonomic Desk - Office Work Study Table|3 Year Warranty| 80 Kg Weight Carrying Capacity - White,1,SPUN,CARRIER_DAMAGED,QUALITY_UNACCEPTABLE,LPNSPUN56235,
2026-06-08T08:43:30+00:00,407-4254200-0562712,FBA79167,B0CPFS24ML,X001Y5UYX1,"White Mulberry Gaming Desk, Computer Desk with Carbon Fiber Surface, Z Shaped Gaming Table, Computer Table, Workstation, Home Office Desk with Cup Holder and Headphone Holder | (110 * 60 * 75 CM)",1,DEL4,SELLABLE,UNDELIVERABLE_REFUSED,LPNDEL4AA3631346,
2026-06-07T16:09:41+00:00,405-9852474-3831538,FBA79167,B0CPFS24ML,X001Y5UYX1,"White Mulberry Gaming Desk, Computer Desk with Carbon Fiber Surface, Z Shaped Gaming Table, Computer Table, Workstation, Home Office Desk with Cup Holder and Headphone Holder | (110 * 60 * 75 CM)",1,CCX1,CARRIER_DAMAGED,UNDELIVERABLE_UNKNOWN,LPNCCX1B4179343,
2026-06-07T11:20:49+00:00,406-9783608-9093148,FBA79658,B0DQ1PKNSP,X0026ZHXR3,"White Mulberry Manual Height Adjustable Table for Office Work | 120×60 cm Ergonomic Sit Stand Desk for Office Work & Study Multi-Purpose Standing Desk with 80 Kg Load Capacity, White, 3 Year Warranty",1,LMAA,CARRIER_DAMAGED,SWITCHEROO,LPNLMAA0016237,
2026-06-07T10:24:17+00:00,406-6392223-8173930,FBA76416,B0BFW59TRG,X001N02VPV,"White Mulberry L-Shape Corner Desk | Monitor Raising Shelf | Made of P2 Grade Melamine Particle Board & Sturdy Steel Leg | Suitable for Office, Home, Gaming, Streaming | Black |L(130+130)*B45*H77cm",1,BLX1,CUSTOMER_DAMAGED,SWITCHEROO,LPNBLX1C047099,
2026-06-06T10:45:59+00:00,406-9111649-3125130,FBA79167,B0CPFS24ML,X001Y5UYX1,"White Mulberry Gaming Desk, Computer Desk with Carbon Fiber Surface, Z Shaped Gaming Table, Computer Table, Workstation, Home Office Desk with Cup Holder and Headphone Holder | (110 * 60 * 75 CM)",1,BOM5,SELLABLE,UNDELIVERABLE_UNKNOWN,LPNBOM5F5579985,
2026-06-05T09:54:50+00:00,405-7328472-7893901,FBA79167,B0CPFS24ML,X001Y5UYX1,"White Mulberry Gaming Desk, Computer Desk with Carbon Fiber Surface, Z Shaped Gaming Table, Computer Table, Workstation, Home Office Desk with Cup Holder and Headphone Holder | (110 * 60 * 75 CM)",1,DEL4,SELLABLE,QUALITY_UNACCEPTABLE,LPNDEL4AA3679697,
2026-06-05T08:35:28+00:00,404-9218549-9930734,FBA79659,B0DQ1NV8D2,X0026ZDA2F,"White Mulberry Manual Height Adjustable Table for Office Work | 120×60 cm Ergonomic Sit Stand Desk for Office Work & Study Multi-Purpose Standing Desk with 80 Kg Load Capacity, Black, 3 Year Warranty",1,SDEG,SELLABLE,UNDELIVERABLE_REFUSED,LPNSDEGF082043,
2026-06-05T08:17:03+00:00,171-6540897-0152357,FBA79167,B0CPFS24ML,X001Y5UYX1,"White Mulberry Gaming Desk, Computer Desk with Carbon Fiber Surface, Z Shaped Gaming Table, Computer Table, Workstation, Home Office Desk with Cup Holder and Headphone Holder | (110 * 60 * 75 CM)",1,DEL4,SELLABLE,QUALITY_UNACCEPTABLE,LPNDEL4AA3679650,
2026-06-05T04:33:06+00:00,171-6354444-3723505,FBA79167,B0CPFS24ML,X001Y5UYX1,"White Mulberry Gaming Desk, Computer Desk with Carbon Fiber Surface, Z Shaped Gaming Table, Computer Table, Workstation, Home Office Desk with Cup Holder and Headphone Holder | (110 * 60 * 75 CM)",1,BOM5,CUSTOMER_DAMAGED,MISORDERED,LPNBOM5F5574228,
2026-06-05T04:28:18+00:00,406-6103690-9310748,FBA79167,B0CPFS24ML,X001Y5UYX1,"White Mulberry Gaming Desk, Computer Desk with Carbon Fiber Surface, Z Shaped Gaming Table, Computer Table, Workstation, Home Office Desk with Cup Holder and Headphone Holder | (110 * 60 * 75 CM)",1,DEL4,SELLABLE,UNDELIVERABLE_UNKNOWN,LPNDEL4AA3679535,
2026-06-04T03:47:36+00:00,406-2278126-7841949,FBA79167,B0CPFS24ML,X001Y5UYX1,"White Mulberry Gaming Desk, Computer Desk with Carbon Fiber Surface, Z Shaped Gaming Table, Computer Table, Workstation, Home Office Desk with Cup Holder and Headphone Holder | (110 * 60 * 75 CM)",1,DEL4,SELLABLE,UNDELIVERABLE_UNKNOWN,LPNDEL4AA3679185,
2026-06-01T09:32:55+00:00,402-3794541-2581168,FBA79167,B0CPFS24ML,X001Y5UYX1,"White Mulberry Gaming Desk, Computer Desk with Carbon Fiber Surface, Z Shaped Gaming Table, Computer Table, Workstation, Home Office Desk with Cup Holder and Headphone Holder | (110 * 60 * 75 CM)",1,BLR7,SELLABLE,UNDELIVERABLE_REFUSED,LPNBLR7Y4743333,
2026-06-01T04:42:36+00:00,408-0143238-4374708,FBA79167,B0CPFS24ML,X001Y5UYX1,"White Mulberry Gaming Desk, Computer Desk with Carbon Fiber Surface, Z Shaped Gaming Table, Computer Table, Workstation, Home Office Desk with Cup Holder and Headphone Holder | (110 * 60 * 75 CM)",1,BOM5,SELLABLE,UNDELIVERABLE_REFUSED,LPNBOM5F5524445,
2026-06-01T03:58:27+00:00,406-4355667-6072332,FBA79167,B0CPFS24ML,X001Y5UYX1,"White Mulberry Gaming Desk, Computer Desk with Carbon Fiber Surface, Z Shaped Gaming Table, Computer Table, Workstation, Home Office Desk with Cup Holder and Headphone Holder | (110 * 60 * 75 CM)",1,BLR7,SELLABLE,DEFECTIVE,LPNBLR7Y4743158,
2026-05-31T09:10:34+00:00,404-2518539-4406712,FBA79167,B0CPFS24ML,X001Y5UYX1,"White Mulberry Gaming Desk, Computer Desk with Carbon Fiber Surface, Z Shaped Gaming Table, Computer Table, Workstation, Home Office Desk with Cup Holder and Headphone Holder | (110 * 60 * 75 CM)",1,DEL4,CUSTOMER_DAMAGED,MISSING_PARTS,LPNDEL4AA3976607,
2026-05-30T22:18:28+00:00,407-1474707-0478726,FBA79167,B0CPFS24ML,X001Y5UYX1,"White Mulberry Gaming Desk, Computer Desk with Carbon Fiber Surface, Z Shaped Gaming Table, Computer Table, Workstation, Home Office Desk with Cup Holder and Headphone Holder | (110 * 60 * 75 CM)",1,CCX1,SELLABLE,UNDELIVERABLE_REFUSED,LPNCCX1B4554643,
2026-05-30T04:13:42+00:00,406-7941139-9225906,FBA79167,B0CPFS24ML,X001Y5UYX1,"White Mulberry Gaming Desk, Computer Desk with Carbon Fiber Surface, Z Shaped Gaming Table, Computer Table, Workstation, Home Office Desk with Cup Holder and Headphone Holder | (110 * 60 * 75 CM)",1,BOM5,CARRIER_DAMAGED,UNDELIVERABLE_REFUSED,LPNBOM5F5507643,
2026-05-29T23:01:15+00:00,405-0096078-8521126,FBA79167,B0CPFS24ML,X001Y5UYX1,"White Mulberry Gaming Desk, Computer Desk with Carbon Fiber Surface, Z Shaped Gaming Table, Computer Table, Workstation, Home Office Desk with Cup Holder and Headphone Holder | (110 * 60 * 75 CM)",1,CCX1,SELLABLE,UNDELIVERABLE_REFUSED,LPNCCX1B2941120,
2026-05-29T15:27:20+00:00,404-8418070-5981124,FBA79167,B0CPFS24ML,X001Y5UYX1,"White Mulberry Gaming Desk, Computer Desk with Carbon Fiber Surface, Z Shaped Gaming Table, Computer Table, Workstation, Home Office Desk with Cup Holder and Headphone Holder | (110 * 60 * 75 CM)",1,CCX1,SELLABLE,UNDELIVERABLE_REFUSED,LPNCCX1B4508596,
2026-05-29T05:18:33+00:00,171-0407209-4266756,FBA79167,B0CPFS24ML,X001Y5UYX1,"White Mulberry Gaming Desk, Computer Desk with Carbon Fiber Surface, Z Shaped Gaming Table, Computer Table, Workstation, Home Office Desk with Cup Holder and Headphone Holder | (110 * 60 * 75 CM)",1,DEL4,CUSTOMER_DAMAGED,QUALITY_UNACCEPTABLE,LPNDEL4AA3937926,
2026-05-28T11:56:49+00:00,407-4902279-0189155,FBA79167,B0CPFS24ML,X001Y5UYX1,"White Mulberry Gaming Desk, Computer Desk with Carbon Fiber Surface, Z Shaped Gaming Table, Computer Table, Workstation, Home Office Desk with Cup Holder and Headphone Holder | (110 * 60 * 75 CM)",1,BLR7,SELLABLE,SWITCHEROO,LPNBLR7Y7363000,
2026-05-28T08:40:02+00:00,408-1128142-0248321,FBA79167,B0CPFS24ML,X001Y5UYX1,"White Mulberry Gaming Desk, Computer Desk with Carbon Fiber Surface, Z Shaped Gaming Table, Computer Table, Workstation, Home Office Desk with Cup Holder and Headphone Holder | (110 * 60 * 75 CM)",1,DEL4,SELLABLE,DAMAGED_BY_FC,LPNDEL4AA3937756,
2026-05-28T06:36:17+00:00,402-4776409-4471512,FBA79167,B0CPFS24ML,X001Y5UYX1,"White Mulberry Gaming Desk, Computer Desk with Carbon Fiber Surface, Z Shaped Gaming Table, Computer Table, Workstation, Home Office Desk with Cup Holder and Headphone Holder | (110 * 60 * 75 CM)",1,BLR7,SELLABLE,MISSING_PARTS,LPNBLR7Y7286354,
2026-05-27T12:42:16+00:00,404-6762038-7137955,FBA79167,B0CPFS24ML,X001Y5UYX1,"White Mulberry Gaming Desk, Computer Desk with Carbon Fiber Surface, Z Shaped Gaming Table, Computer Table, Workstation, Home Office Desk with Cup Holder and Headphone Holder | (110 * 60 * 75 CM)",1,DEL4,SELLABLE,UNDELIVERABLE_UNKNOWN,LPNDEL4AA3937575,
2026-05-27T09:44:17+00:00,403-3444915-0085109,FBA79167,B0CPFS24ML,X001Y5UYX1,"White Mulberry Gaming Desk, Computer Desk with Carbon Fiber Surface, Z Shaped Gaming Table, Computer Table, Workstation, Home Office Desk with Cup Holder and Headphone Holder | (110 * 60 * 75 CM)",1,BLR7,SELLABLE,UNDELIVERABLE_UNKNOWN,LPNBLR7Y7362686,
2026-05-27T09:25:47+00:00,405-8410325-7933918,FBA79658,B0DQ1PKNSP,X0026ZHXR3,White Mulberry |120X60CM Table Top|Manual Sit Stand Desk|Multi-Purpose Manual Height Adjustable Ergonomic Desk - Office Work Study Table|3 Year Warranty| 80 Kg Weight Carrying Capacity - White,1,SPUN,CARRIER_DAMAGED,SWITCHEROO,LPNSPUN53913,
2026-05-26T23:02:43+00:00,407-0645348-4574732,FBA79167,B0CPFS24ML,X001Y5UYX1,"White Mulberry Gaming Desk, Computer Desk with Carbon Fiber Surface, Z Shaped Gaming Table, Computer Table, Workstation, Home Office Desk with Cup Holder and Headphone Holder | (110 * 60 * 75 CM)",1,CCX1,CUSTOMER_DAMAGED,QUALITY_UNACCEPTABLE,LPNCCX1B5292913,
2026-05-26T11:06:29+00:00,402-2949127-9513917,FBA79167,B0CPFS24ML,X001Y5UYX1,"White Mulberry Gaming Desk, Computer Desk with Carbon Fiber Surface, Z Shaped Gaming Table, Computer Table, Workstation, Home Office Desk with Cup Holder and Headphone Holder | (110 * 60 * 75 CM)",1,DEL4,SELLABLE,UNDELIVERABLE_REFUSED,LPNDEL4AA3937227,
2026-05-26T08:48:10+00:00,403-5510263-6469912,FBA79167,B0CPFS24ML,X001Y5UYX1,"White Mulberry Gaming Desk, Computer Desk with Carbon Fiber Surface, Z Shaped Gaming Table, Computer Table, Workstation, Home Office Desk with Cup Holder and Headphone Holder | (110 * 60 * 75 CM)",1,BLR7,SELLABLE,UNDELIVERABLE_REFUSED,LPNBLR7Y7273675,
2026-05-25T15:22:25+00:00,402-5203149-1906724,FBA79167,B0CPFS24ML,X001Y5UYX1,"White Mulberry Gaming Desk, Computer Desk with Carbon Fiber Surface, Z Shaped Gaming Table, Computer Table, Workstation, Home Office Desk with Cup Holder and Headphone Holder | (110 * 60 * 75 CM)",1,CCX1,SELLABLE,NEVER_ARRIVED,LPNCCX1B5331017,
2026-05-24T09:24:39+00:00,171-7709339-0701117,FBA79167,B0CPFS24ML,X001Y5UYX1,"White Mulberry Gaming Desk, Computer Desk with Carbon Fiber Surface, Z Shaped Gaming Table, Computer Table, Workstation, Home Office Desk with Cup Holder and Headphone Holder | (110 * 60 * 75 CM)",1,BLR7,SELLABLE,UNDELIVERABLE_UNKNOWN,LPNBLR7Y7273169,
2026-05-24T08:29:52+00:00,406-7042486-7436314,FBA79167,B0CPFS24ML,X001Y5UYX1,"White Mulberry Gaming Desk, Computer Desk with Carbon Fiber Surface, Z Shaped Gaming Table, Computer Table, Workstation, Home Office Desk with Cup Holder and Headphone Holder | (110 * 60 * 75 CM)",1,BLR7,SELLABLE,UNDELIVERABLE_UNKNOWN,LPNBLR7Y7273150,
2026-05-23T23:07:27+00:00,406-2954542-5857925,FBA79658,B0DQ1PKNSP,X0026ZHXR3,White Mulberry |120X60CM Table Top|Manual Sit Stand Desk|Multi-Purpose Manual Height Adjustable Ergonomic Desk - Office Work Study Table|3 Year Warranty| 80 Kg Weight Carrying Capacity - White,1,SBOB,CUSTOMER_DAMAGED,SWITCHEROO,LPNSBOB1370158,
2026-05-23T10:58:04+00:00,406-4758725-2077907,FBA79167,B0CPFS24ML,X001Y5UYX1,"White Mulberry Gaming Desk, Computer Desk with Carbon Fiber Surface, Z Shaped Gaming Table, Computer Table, Workstation, Home Office Desk with Cup Holder and Headphone Holder | (110 * 60 * 75 CM)",1,BLR7,SELLABLE,UNDELIVERABLE_REFUSED,LPNBLR7Y7272896,
2026-05-22T09:58:26+00:00,403-7800011-6937966,FBA79658,B0DQ1PKNSP,X0026ZHXR3,White Mulberry |120X60CM Table Top|Manual Sit Stand Desk|Multi-Purpose Manual Height Adjustable Ergonomic Desk - Office Work Study Table|3 Year Warranty| 80 Kg Weight Carrying Capacity - White,1,SDEG,SELLABLE,UNDELIVERABLE_REFUSED,LPNSDEGF010003,
2026-05-21T04:38:32+00:00,403-2400247-1930753,FBA76417,B0BFVMDJ2K,X001MZZQ8V,White Mulberry L-Shape Corner Desk |DIY Assembly| Monitor Raising Shelf | Engineered Wood & Sturdy Steel Leg|Perfect for Office Home Gaming Study Desk Computer Table|L(130+130)*45 * 77cm|White,1,SDEG,SELLABLE,UNDELIVERABLE_REFUSED,LPNSDEGF099136,
2026-05-20T11:30:45+00:00,406-2648444-6601917,FBA79167,B0CPFS24ML,X001Y5UYX1,"White Mulberry Gaming Desk, Computer Desk with Carbon Fiber Surface, Z Shaped Gaming Table, Computer Table, Workstation, Home Office Desk with Cup Holder and Headphone Holder | (110 * 60 * 75 CM)",1,DEL4,SELLABLE,UNDELIVERABLE_UNKNOWN,LPNDEL4AA2147464,
2026-05-19T08:03:32+00:00,405-4744559-6958733,FBA76416,B0BFW59TRG,X001N02VPV,"White Mulberry L-Shape Corner Desk | Monitor Raising Shelf | Made of P2 Grade Melamine Particle Board & Sturdy Steel Leg | Suitable for Office, Home, Gaming, Streaming | Black |L(130+130)*B45*H77cm",1,SDEG,SELLABLE,UNDELIVERABLE_REFUSED,LPNSDEGF097985,
