"sku","fnsku","asin","product-name","condition","your-price","mfn-listing-exists","mfn-fulfillable-quantity","afn-listing-exists","afn-warehouse-quantity","afn-fulfillable-quantity","afn-unsellable-quantity","afn-reserved-quantity","afn-total-quantity","per-unit-volume","afn-inbound-working-quantity","afn-inbound-shipped-quantity","afn-inbound-receiving-quantity","afn-researching-quantity","afn-reserved-future-supply","afn-future-supply-buyable","store"
"B0DNJS23HS","X002IO2RF5","B0DNJS23HS","NexLev 10 in 1 Steam Cleaner & Mop|2 Steam Modes| Mopping & Deep Cleaning Home Car Sofa Bathroom Kitchen & Office |For All Surfaces|350ML|Chemical Free Cleaning | Detachable & Foldable|SC-04","New","6359.00","No",,"Yes","0","0","0","0","0","27063.73","0","0","0","0","0","0",
"FBA78980","X001U1DYK9","B0CDPMX152","NexLev Handheld Garment Steamer | 1500 Watts | 300 ML| Standing & Horizontal Iron Press | Damage Free Steaming for all Cloth Types | 25s Quick Heat |Upto 5 Clothes in One Fill | Travel Friendly |GS-02","New","2309.00","No",,"Yes","279","271","4","4","303","9311.62","24","0","0","0","0","0",
"FBA78981","X001U1K281","B0CDPP45BM","NexLev Steam Cleaner | For Complete Home Kitchen Bathroom Car Sofa & Office Cleaning Machine | 9 Accessories |300 ML | Window Pane, Sink, Chimney Grease, Water Stain Cleaner| 5 Mtr Cord | 1000W |SC-01","New","3749.00","No",,"Yes","508","478","17","13","508","13042.3","0","0","0","0","0","0",
"FBA78994","X001U1NPIZ","B0CDQ98FDM","nexlev Travel Neck Pillow | Orthopedic Premium Memory Foam | for Airplane, Car, Train, Office use & Cervical Pain | Machine Washable | 360 Support | Carry Pouch for Storage | NP-01","New","734.00","No",,"Yes","0","0","0","0","0","3263.65","0","0","0","0","0","0",
"FBA78995","X001U1NNHX","B0CDQ55W2M","nexlev Travel Neck Pillow | Orthopedic Premium Memory Foam | for Airplane, Car, Train, Office use & Cervical Pain | Machine Washable | 360 Support | Carry Pouch for Storage | NP-02","New","734.00","No",,"Yes","0","0","0","0","36","4601.16","0","36","0","0","0","0",
"FBA78996","X001U1LQD1","B0CDQ6G4TC","nexlev Travel Neck Pillow | Orthopedic Premium Memory Foam | for Airplane, Car, Train, Office use & Cervical Pain | Machine Washable | 360 Support | Carry Pouch for Storage | NP-03","New","734.00","No",,"Yes","1","1","0","0","37","3373.11","0","36","0","0","0","0",
"FBA79174","X001YQRAJV","B0CW1JJP9S","Nexlev Dental Flosser| 6 Water Pressures| 4 Cleaning Modes| 2 Nozzle Tips, Tongue Cleaner, Carry Case for Tips| USB-C Charging| 1500mAh| 250ml Tank| IPX7 Water Proof| Carry Pouch | Aqua DF-01-BK","New","1636.00","No",,"Yes","2","2","0","0","2","1569.39","0","0","0","0","0","0",
"FBA79229","X001XIENRR","B0CQX9ZZMH","NexLev Handheld Garment Steamer |1800 Watts | 35 g/min | 300 ML | Vertical & Horizontal Ironing for Silk Velvet & | Damage Free Steam for all Cloth Types | 25sec quick heat | 3 Brushes | GS-04","New","2309.00","No",,"Yes","8","8","0","0","24","9656.73","0","16","0","0","0","0",
"FBA79262","X001ZOM871","B0CYSMBCB8","NexLev Steam Cleaner | For Complete Home Kitchen Bathroom Window Car & Office Cleaning | 9 Accessories | 450 ML | Window Pane Sink Grime Chimney Grease Water Stain Cleaner| 4 Meter Cord | 1000W |SC-02","New","2572.00","No",,"Yes","2","0","0","0","2","10913.95","0","0","0","2","0","0",
"FBA79263","X001ZOLVQP","B0CYSLCRQS","NexLev Mattress, Sofa & Carpet Vacuum Cleaner | For Dust Mites, Allergens & Pet Hair | 4 Step Cleansing with Double Beat, UV Light, Dehumidification & Vacuum | HEPA captures 99.99% Dust|MR-01","New","2899.00","No",,"Yes","404","371","13","20","404","15505.11","0","0","0","0","0","0",
"FBA79265","X0020FWBW1","B0D2LHNS9B","NexLev Foot Callus Remover | Electric Scrubber & Shaver for Dead, Hard & Cracked Skin | Professional Pedicure at Home | Waterproof | Type C | 3 Crystal Quartz Heads | For Men and Women| CR-01","New","724.00","No",,"Yes","89","47","0","42","99","1192.49","10","0","0","0","0","0",
"FBA79266","X0020G6RAR","B0D2LGR3GG","NexLev 6-in-1 trimmer | Sensitive Bikini Trimmer for Women | Skin Safe with Rounded Tips & Safety Guards| Hair Removal for Intimate Areas, Face, Arms, Legs & Body | 90 min Runtime | Type C | T-01","New","1102.00","No",,"Yes","0","0","0","0","0","765.11","0","0","0","0","0","0",
"FBA79267","X0020G121B","B0D2LD6BYJ","NexLev 6-in-1 trimmer | Sensitive Bikini Trimmer for Women | Skin Safe with Rounded Tips & Foil Shaver| Hair Removal for Intimate Areas, Face, Arms, Legs & Body | 90 min Runtime |2H Quick Charge |T-02","New","1299.00","No",,"Yes","30","30","0","0","90","721.03","30","30","0","0","0","0",
"FBA79268","X0020OHLDV","B0D383WQPB","NexLev Foldable Garment Steamer for Home & Travel | Convenient Vertical Steaming | 1200W | 120 ml | Lightweight & Compact | 30s Fast Heating | Iron for all Cloth Types | 2 M cord | Anti Spill | GS-05","New","1942.00","No",,"Yes","267","264","3","0","275","3798.36","0","8","0","0","0","0",
"FBA79271","X0022IERCN","B0D83Q7L8W","NexLev Ionic Hot Air Brush | 3 in 1 Blow Dryer, Straightener & Styler | 360° Airflow Vents | Ceramic Tourmaline Coated Brushing Head | Tangle Free Bristle | 1200W | 3 Speed & 2 Heat Settings|V-01","New","1469.00","No",,"Yes","104","102","0","2","104","4006.15","0","0","0","0","0","0",
"FBA79272","X0020G86UB","B0D2LFMY48","Nexlev Hair Styling Straightener & Curler| 2 in 1 Hair Styler| 200°C in 30 Seconds| Long Ceramic Floating Plates| Rounded Body for Curls| Plate Lock| Portable HS-01, Hair Straightener Tong - Black","New","839.00","No",,"Yes","12","12","0","0","24","1354.23","12","0","0","0","0","0",
"FBA79273","X0020G1B0X","B0D2LKB4BJ","Nexlev Hair Styling Straightener & Curler| 2 in 1 Hair Styler| 200°C in 30 Seconds| Long Ceramic Floating Plates| Rounded Body for Curls| Plate lock| Portable |HS-02, Hair Straightener Tong - Purple","New","829.00","No",,"Yes","6","6","0","0","30","1183.31","0","24","0","0","0","0",
"FBA79276","X0020G47PT","B0D2LJSQXZ","NexLev Steam Mop | Chemical Free Mopping | Floor Cleaning + Carpet Steaming | 4 Extra Mop-Pads |400 ML | 1300W | Floor Disinfectant | For All surface Types | 4mtr long Cord | Wet & Dry Mopping | SM-01","New","3884.00","No",,"Yes","52","47","4","0","160","23290.77","0","108","0","1","0","0",
"FBA79277","X0021NWGBN","B0D672NXC8","Nexlev SWIPE Steam Cleaner | 3.5 Bar Strong Steam|Multipurpose Steam Cleaner for Car, Kitchen, Bathroom, Floor, Window,Glass,Upholstery| 18 Accessories Kit|Safety Lock| Large 1200ML Water Tank | SC-03","New","7348.00","No",,"Yes","35","30","4","1","65","60199.68","8","22","0","0","0","0",
"FBA79278","X0022K5OBJ","B0D86ZC9YT","Nexlev Just Style Pro Hair Dryer |2100 W for Quick & Easy Blowdry | Double Heat Protection Technology | 3 Heat Settings & Cool Shot Function For Salon-Like Styling at Home (HD-01)","New","1574.00","No",,"Yes","19","19","0","0","19","2731.07","0","0","0","0","0","0",
"FBA79279","X0022J52E9","B0D8445KJN","NexLev Rechargeable Lint Remover | for Woollen Sweaters Pill, Rue & Burr Remover | 60min Use Time | Type C |Defuzzer | Lint Brush for Coat | 2 Modes | SS Blade | Safety Lock | LR-01","New","944.00","No",,"Yes","111","110","0","1","111","902.44","0","0","0","0","0","0",
"FBA79280","X0022J93DP","B0D845B2DG","NexLev Rechargeable Lint Remover | for Woollen Sweaters Shirts Coat Curtains & Carpets | Rue & Burr Remover | 180 Min Use | TypeC | SS Blade | 2000mAh | 3 Speed Modes | Safety Lock | LR-02","New","1574.00","No",,"Yes","269","268","0","1","269","2054.61","0","0","0","0","0","0",
"FBA79332","X0021N7IF7","B0D63FKYZ5","NexLev Scalp Massager for Stress Relief | Head Massager for Hair Growth | 96 Tangle Free Silicone Kneading Nodes | Hand Like Massage | 120 Min Runtime | Type C | Washable Heads | 3 Modes | HM-01","New","1049.00","No",,"Yes","37","37","0","0","37","1763.25","0","0","0","0","0","0",
"FBA79333","X0021O5OQL","B0D63DTKQB","NexLev 2 in 1 Scalp Massager & red Light Therapy |LED Massage Comb for Hair Growth | 96 Tangle Free Silicone Kneading Nodes | Hand Like Head Massage | 120 Min Runtime | Type C | Washable Heads | HM-02","New","1399.00","No",,"Yes","1","0","1","0","1","1708.02","0","0","0","0","0","0",
"FBA79346","X0020BGFWR","B0D25LNDSY","Nexlev Rechargeable Electric Toothbrush| 120 Days Life | 35K strokes/min| Type C| 5 Modes for Daily Use| 2 Min timer with 30sec Quadpacer | 4 Brushheads| IPX7 Waterproof| For Men & Women | ETC-04 White","New","776.00","No",,"Yes","10","8","0","2","10","1003.22","0","0","0","0","0","0",
"FBA79348","X0022KC71T","B0D81DLSFT","Nexlev Hair Dryer For Women| Foldable| 1500 Watts| Cool Shot| 3 Heat & 2 Speed Settings| Overheat Protection| Concentrator Nozzle| Salon-Style Blow Dry| Just Style (Hd-02 Women), Black & Copper","New","999.00","No",,"Yes","143","143","0","0","143","2078.54","0","0","0","0","0","0",
"FBA79349","X00230EXN3","B0D9KDQCCM","Nexlev Portable Sewing Machine| 2 Speed Settings| Cordless| Battery operated| USB Type C cord for Plug-in| Quick Fix DIY|Portable & Compact| for all Fabrics| 1 Year Warranty| White","New","999.00","No",,"Yes","298","285","9","3","298","2231.43","0","0","0","1","0","0",
"FBA79352","X0021MSS93","B0D637B562","Nexlev Splash Pet Water Fountain with LED Light | 2.0L Capacity | Ultra Quiet Cat Drinking Fountain with Filter | Automatic Pet Water Fountain for Cats and Small Dogs | Blue (WF-02-BL)","New","1207.00","No",,"Yes","0","0","0","0","0","5480.16","0","0","0","0","0","0",
"FBA79373","X0020H9N9D","B0D2P5TGWK","NexLev Smart Electric Toothbrush for Adults |2-Min Timer with Quadpacer |2 Replaceable Heads | AAA Battery |3 Modes (Daily, Normal & Sesitive) |Upto 60 Days | Travel Case | Soft Bristles |ET-01 Black","New","314.00","No",,"Yes","3","0","0","2","113","699.89","10","100","0","1","0","0",
"FBA79374","X0020GXQNX","B0D2P7WLJB","NexLev Smart Electric Toothbrush for Adults |2-Min Timer with Quadpacer |2 Replaceable Heads | AAA Battery |3 Modes (Daily, Normal & Sesitive) |Upto 60 Days | Travel Case | Soft Bristles |ET-02 Green","New","314.00","No",,"Yes","49","49","0","0","99","670.07","0","50","0","0","0","0",
"FBA79375","X0020H812N","B0D2P6KF4N","Nexlev Sonic Electric Toothbrush| Powerful Sonic technology|Super soft DuPont Bristles| 2 Replaceable Brush Heads with Cover| IPX7 Waterproof| AA Battery|Gentle Oral Care|Smart Smile ET-03 SkyBlue","New","314.00","No",,"Yes","0","0","0","0","0","249.41","0","0","0","0","0","0",
"FBA79381","X00230D55Z","B0D9KCNVNM","Nexlev Oscillating Electric Toothbrush | 8000 Strokes/min | 25 Days Battery Life |Type C|3 modes| 2 Minute Timer |Quad Change Reminder| IPX7 Waterproof | For adults| 1 year warranty| SparklePro ETR-06","New","1312.00","No",,"Yes","49","44","0","5","49","749.05","0","0","0","0","0","0",
"FBA79404","X00230BF25","B0D9KFZYG8","NexLev Steamer For Cold & Cough| Face Steam,Inhaler & Vaporizer | Perfect for Facial & Aromatherapy | Nano Ionic Steam | Uv Sterilization | Aroma Diffuser|30 Sec Heating|Avoid Burns & Spillage | FS-01","New","1837.00","No",,"Yes","115","114","0","1","155","7093.63","0","40","0","0","0","0",
"FBA79405","X00230DRXF","B0D9KFP4MG","NexLev Ionic Hair Straightener Brush for Woman|Frizz-Free Straightening upto 12H| Ceramic Plates |60mm Wide Brush |130-210° |Keratin Bristles| Thermo Protect Technology|No Scalp Burn|1500W|HSB-03","New","2047.00","No",,"Yes","93","92","1","0","93","2005.45","0","0","0","0","0","0",
"FBA79406","X0023L3KG3","B0DCK3N2JJ","NexLev Ionic Cordless Hair Straightener Brush | 60min Runtime | upto 200° Heating | Portable & Type C Rechargeable | Keratin Bristles |Straight, Frizz Free & Shiny Hair | Compact Comb Design | HSB-04","New","2834.00","No",,"Yes","102","99","2","1","122","865.56","0","20","0","0","0","0",
"FBA79439","X0023KW3JJ","B0DCK7ZH5P","NexLev Mattress, Sofa, Carpet & Car Seat Vacuum Cleaner|For Dust Mites Allergens & Pet Hair|Cordless Design|1500*3 mAh |UV Sterilization, Double Beat Technology|Type C| HEPA captures 99.99% Dust|MR-02","New","3569.00","No",,"Yes","265","252","2","10","265","14392.92","0","0","0","1","0","0",
"FBA79440","X0023JNZFV","B0DCGHKRXX","NexLev LED Phototherapy comb | Electric Scalp Massager | Red Light for Regrowth | Blue Light for Anti Dandruff | Hairfall Control | Rechargeable TypeC | Targeted Laser Treatment Machine |3 Modes |LE-02","New","2099.00","No",,"Yes","143","143","0","0","143","2369.73","0","0","0","0","0","0",
"FBA79443","X00230CWVD","B0D9KFQG8Q","Nexlev Skin Scrubber |Red & Blue LED Therapy| Blackhead Remover| Pore Cleaner| Skin Lifting & tightening, wrinkle remover| 2 Silicone Cleaning Heads| Facial Cleansing|Type C Charging| Elixir Pro LE-03","New","1784.00","No",,"Yes","6","5","1","0","6","636.47","0","0","0","0","0","0",
"FBA79452","X0023JV0A3","B0DCGHVN81","NexLev 2 in 1 Handheld & Stick Vacuum Cleaner | 17500 PA Suction | Dry Vacuuming for Home & Office | Washable HEPA Filter | 4 Adjustable Heads | Bagless| Deep Cleaning for Sofa Bed Window & more|VC-01","New","2204.00","No",,"Yes","200","190","6","4","352","17830.27","0","144","8","0","0","0",
"FBA79463","X0023Z3NVB","B0DCK56Q85","NexLev Cordless Vacuum Cleaner|HEPA with Stainless Steel Cover|6000 mAh|Copper Motor| Rechargeable Type C|Ideal for Home, Office & Car Use|Compact & Portable|Dust & Pet Hair Remover|3 Attachment|VC-02","New","2624.00","No",,"Yes","9","7","0","2","49","6369.49","0","40","0","0","0","0",
"FBA79464","X002432A75","B0DFCDKMWR","NexLev Cordless Electric Heating Pad| Period Cramp & Back Pain Relief Massager | 9 modes| Menstrual Cramp Relief|Type C| Crampfree Periods | Portable | Gift for Women| Strap upto 40 Inch |Blue CM-01","New","1574.00","No",,"Yes","11","10","0","1","11","1631.5","0","0","0","0","0","0",
"FBA79466","X00247H6V1","B0DFM4JZV9","Nexlev Tyre Inflator for Car | Touch Control |150 PSI |12V DC| 4 Nozzles | Digital Tyre Pressure Gauge| Carry Bag | Suitable for Bike, Bicycle or Any Inflatable | Emergency LED Light | TI-01","New","2414.00","No",,"Yes","9","9","0","0","9","4010.9","0","0","0","0","0","0",
"FBA79467","X0025NTEG9","B0DK9LYT4P","NexLev Beard Trimmer| 90min Run Time| 40 Length Settings| 0.5mm Precision| Washable Stainless Steel Blades| Copper Motor| USB Type-C| IPX7 Waterproof| Travel Lock| 2 Beard Comb| 1 Year Warranty |TM-01","New","1199.00","No",,"Yes","46","25","0","21","86","792.15","40","0","0","0","0","0",
"FBA79469","X0023L3EMX","B0DCK4DR1B","Nexlev Skin Lift Device | 7 Color LED | Face & Neck Skin Lifting| 3 Massage Modes| Face Sculpting Tool |Micro-currents to reduce Wrinkles| Hot Compress | Rechargeable| Type-C| 180 Min Use| Glow+ LE-04","New","1999.00","No",,"Yes","58","58","0","0","58","1255.58","0","0","0","0","0","0",
"FBA79472","X002435CVL","B0DFCDZWND","NexLev Cordless Electric Heating Pad| Period Cramp & Back Pain Relief Massager | 9 modes| Menstrual Cramp Relief|Type C| Crampfree Periods | Portable | Gift for Women| Strap upto 40 Inch |Purple CM-02","New","1599.00","No",,"Yes","82","82","0","0","82","1631.5","0","0","0","0","0","0",
"FBA79473","X0025ABAJL","B0DJFH6RTL","NexLev Portable Tyre Inflator for Car, Bike, Cycle|150 PSI Pressure| 120 Watt Air Pump|12V Car Plug| Digital Display| Auto Shut-Off| Emergency LED Light| 3m Cord| 3 Air Nozzles| Compact| AER TI-02","New","1784.00","No",,"Yes","5","5","0","0","29","2866.26","0","24","0","0","0","0",
"FBA79474","X0025ABP69","B0DJFH4K8B","NexLev Cordless Tyre Inflator for Cars & Bikes|150 PSI| 2x2000 mAh Powerbank| Type-C Port| 5 Pre Set Mode|Auto Shut-Off |Digital Display| LED light | Multiple Nozzles| Aer Pro TIC-03","New","2047.00","No",,"Yes","7","7","0","0","7","1368.98","0","0","0","0","0","0",
"FBA79475","X0025ADVB1","B0DJFJZMC6","nexlev Cordless & Corded Tyre Inflator|150 PSI| 6000 mAh Powerbank|LED Light | Type C Port |Digital Display| 5 Pre-Set Modes|Auto Shut-Off |Multiple Nozzles for Cars, Bikes, Cycle| AER Pro Max TIC-04","New","2799.00","No",,"Yes","1","1","0","0","1","1553.99","0","0","0","0","0","0",
"FBA79480","X0024GS5UN","B0DDC3GVZW","nexlev Cordless Electric Car Vacuum Cleaner VacuSafe| Seat-Belt Cutter| Window Breaker Hammer| LED Torch|4000 mAh| High Power Suction | Copper Motor| Type-C Emergency Car Escape Tool| Portable| VC-03","New","2499.00","No",,"Yes","1","1","0","0","31","2768.92","10","20","0","0","0","0",
"FBA79481","X0024817NX","B0DFMRG2K4","NexLev All in One Body Trimmer for Men | Suitable for Beard, Body, Balls, Pubic Hair, Private Parts | 90 Min Runtime |Type C | IPX 7 Waterproof | No Nicks No Cuts | 2 Safety Combs| Extra Blade | TM-02","New","2999.00","No",,"Yes","26","26","0","0","26","1597.9","0","0","0","0","0","0",
"FBA79483","X0025NX1BX","B0DK9NRBWJ","NexLev Intimate Trimmer for Men|Ceramic Blade|120 Min Runtime|Type C Charge | IPX7 Waterproof | 7000RPM Copper Motor| Cordless|LED Light| Travel Lock| Wet/Dry Groin & Body Shaver | Intimate Pro TM-03","New","1999.00","No",,"Yes","45","45","0","0","45","1159.22","0","0","0","0","0","0",
"FBA79484","X0026FKSUH","B0DNJF1BLS","NexLev Drip Coffee Maker |Filter Coffee for Home & Office | 4-6 Cups | Warming Plate|Borosilicate Carafe | Reusable & Washable Filter | Anti Drip | 750 ml | Cone Filter | Water Level Indicator |CF-01","New","1469.00","No",,"Yes","0","0","0","0","36","11019.32","0","36","0","0","0","0",
"FBA79485","X0025NT4OL","B0DK9QNKK8","NexLev 2 in 1 Nose, Ear & Body Trimmer for Men| Ceramic Blade| 7000 RPM Copper Motor| Type C Charge| 90 Min Runtime| IPX7 Waterproof| Cordless| Overcharge Protection|TM-04","New","1099.00","No",,"Yes","0","0","0","0","0","814.44","0","0","0","0","0","0",
"FBA79488","X002435QZX","B0DFCG2VGS","Nexlev Multi Purpose Electric Food Kettle|1.8L Stainless Steel Pot| 600W|Boil, Steam, Fry, Saute| Double Layered Body|2 Heat Settings|Multi Function for Water, Milk, Egg, Soup, Noodles|KE-01","New","2399.00","No",,"Yes","126","115","10","1","204","10544.91","0","78","0","0","0","0",
"FBA79489","X00243S2SB","B0DFD123P5","Nexlev MultiPurpose Electric Food Kettle|1.5 L Ceramic Pot | 600W| Boil, Steam, Fry, Saute| Double Layered Body| 2 Temperature Settings| Multi Cooker for Water, Egg, Tea, Soup, Noodles, Rice| KE-02","New","1949.00","No",,"Yes","20","17","2","1","20","10634.06","0","0","0","0","0","0",
"FBA79492","X0027XB4G5","B0DT6Y7KJM","NexLev IONIC Volumizer + Straightening Brush| 1200 W| Ceramic Tourmaline Coating| Hot Air Brush| Large Barrel| Ionic Technology| Dual bristles for drying, volumizing & straightening | 360° vents| V-02","New","2499.00","No",,"Yes","26","25","0","1","38","4232.12","0","12","0","0","0","0",
"FBA79493","X00272C0EV","B0DQCWRG3H","NexLev Ionic 3 in 1 Hot Air Brush|1.5 Inch Barrel |Volumizer Blow Dryer & Styler|Ceramic Tourmaline Coated for Heat Protection|1200W|Dual Bristle for Tangle Free Styling|Salon Like Styles at Home|V-03","New","2499.00","No",,"Yes","458","442","4","12","458","3535.84","0","0","0","0","0","0",
"FBA79565","X0025QREA9","B0DKJZDY72","nexlev Cordless Vacuum Cleaner & Blower |BLDC Copper Motor |HEPA with Stainless Steel Cover | for Home Office & Car Cleaning|4 Attachments | Blower for Dust & Inflatables | Portable & Compact | VC-04","New","2624.00","No",,"Yes","22","22","0","0","22","2691.25","0","0","0","0","0","0",
"FBA79566","X0025QW265","B0DKJSCLBD","nexlev Cordless Wet & Dry Vacuum Cleaner|for Home Car & Office Use|3 Attachments | 4000 mAh Battery|Quick Cleaning of Desk, Coffee Tea or Water Spill | Compact & Portable | VC-05","New","2414.00","No",,"Yes","47","47","0","0","47","6300.83","0","0","0","0","0","0",
"FBA79567","X0026FJYJD","B0DNJS23HS","NexLev 10 in 1 Steam Cleaner & Mop|2 Steam Modes| Mopping & Deep Cleaning Home Car Sofa Bathroom Kitchen & Office |For All Surfaces|350ML|Chemical Free Cleaning | Detachable & Foldable|SC-04","New","6299.00","No",,"Yes","213","202","7","2","281","27063.73","0","68","0","2","0","0",
"FBA79570","X0025R19UT","B0DKJXRXKM","NexLev Blackhead & Whitehead Remover Tool | Rechargeable |1Hr Use| Acne & Pimple Pore Cleaner | 6 Heads | Electric Derma Suction Machine | Hydra Facial Cleanser Device for Face |For Men & Women |BR-01","New","1679.00","No",,"Yes","115","108","2","5","115","1458.78","0","0","0","0","0","0",
"FBA79573","X0025R5BTT","B0DKK15YNJ","NexLev Oil Applicator Comb|Red Led Light Therapy |Boost Hair Growth| Reduce Dandruff | Relieve Stress |High Vibration Corded Electric Scalp/Head Massager | 6 ML Oil Tank | 2 Hr Run-Time| Type-C|EA-02","New","1999.00","No",,"Yes","67","59","3","5","127","1804.05","0","60","0","0","0","0",
"FBA79589","X0026FEQW3","B0DNJP9T35","NexLev Spin Scrubber|6 Scrubbing Heads| For Kitchen, Bathroom, Tub, Glass | Complete cleaning tool for Home, Office & Car| 90 min runtime | 2600 mAh | Cordless Type C | 2 Modes|Adjustable Handle|SS-02","New","1199.00","No",,"Yes","1","0","0","1","1","5941.62","0","0","0","0","0","0",
"FBA79590","X00263BT43","B0DM6BB3VT","NexLev Calf Massager | Daily Use Leg Massager for Sore Muscle |1 Piece | Hand Like Massage with Air Compression | Improve Blood Circulation & Relieve Pain | 2500 mAh | Large Belt | Type C |CFM-01","New","2939.00","No",,"Yes","135","112","4","19","135","6839.8","0","0","0","0","0","0",
"FBA79591","X00263H6N1","B0DM66B2DW","NexLev Knee Massager for Joint Pain Relief |Controlled Vibration & Heating for Arthritis, Knee, Shoulder or Elbow pain | 15 modes |2 Extension Belt |Graphene Heating pad for Consistent Heating | KM-01","New","1522.00","No",,"Yes","0","0","0","0","0","5362.67","0","0","0","0","0","0",
"FBA79596","X00267T2K7","B0DMT19RWC","NexLev Massage Gun |Full Body- Neck, Shoulders, Back, Arms & Feet Pain Relief|Handheld Deep Tissue Massager| 4 Heads| 99 Gears Levels| 3 Modes| 3800 RPM| 1800mAh Battery|Type-C Interface|MG-01","New","1889.00","No",,"Yes","40","40","0","0","40","6294.27","0","0","0","0","0","0",
"FBA79598","X0026FNXPT","B0DNJJKBKG","NexLev Neck & Back Massager | Deep Tissue Shiatsu Roller | Cervical Pain Relief | 3 Speeds | 8 Kneading Nodes | Quick Pain Relief | Auto Shut Off | 1 year Warranty | BM-02","New","1989.00","No",,"Yes","18","18","0","0","18","13653.05","0","0","0","0","0","0",
"FBA79599","X0027BE225","B0DRD8J8R5","nexlev Handheld Vacuum Cleaner| 600 W | 17.5 Kpa Suction | 5 M Cord | Lightweight | Washable Hepa Filter and Dust Container| 4 Attachments | Compact Size | Home & Office Use| VC-06","New","1907.00","No",,"Yes","0","0","0","0","0","23354.68","0","0","0","0","0","0",
"FBA79606","X0029PJ3YV","B0F2N37819","NexLev Replacement Stainless Steel Blades (Set of 2) | Compatible with NexLev Lint Remover LR-01 | Sharp & Durable Blades for Effective Fabric Defuzzing | Easy to Replace | Smooth & Safe Performance","New","375.00","No",,"Yes","6","6","0","0","6","1849.77","0","0","0","0","0","0",
"FBA79607","X0029POFHV","B0F2N11VTN","NexLev Replacement Stainless Steel Blades (Set of 2) | Compatible with NexLev Lint Remover LR-02 | Sharp & Durable Blades for Effective Fabric Defuzzing | Easy to Replace | Smooth & Safe Performance","New","475.00","No",,"Yes","6","6","0","0","6","1622.65","0","0","0","0","0","0",
"FBA79652","X002A07CLV","B0F43P6D23","nexlev Steam Cleaner | Complete Home Kitchen Floor Bathroom Car & Office Cleaning Machine | 9 Accessories | 450 ML | Window Pane Sink Grime Chimney Grease Water Stain Cleaner| 4 M Cord |1050W |SC-05","New","3044.00","No",,"Yes","391","352","11","27","391","11404.74","0","0","0","1","0","0",
"FBA79657","X0029PQZOR","B0F2N31GNX","NexLev Replacement Accessory Kit for Spin Scrubber SS-02 | Multipurpose Cleaning Heads for Home & Car","New","875.00","No",,"Yes","9","9","0","0","9","3174.17","0","0","0","0","0","0",
"FBA79673","X002D1ARHX","B0FJG5PFGQ","Nexlev Rechargeable Electric Toothbrush| 120 Days Life | 35K strokes/min| Type C| 6 Modes for Daily Use| 2 Min timer with 30sec Quadpacer | 4 Brushheads| IPX7 Waterproof| For Men & Women | ETC-07 White","New","1099.00","No",,"Yes","45","45","0","0","45","732.17","0","0","0","0","0","0",
"FBA79676","X00286CS93","B0DV91JGF1","NexLev Orthopaedic Heat and Massage Belt | Massager for Lower Back Shoulder Cramps and Neck Pain Relief | 3 massage Modes | 2 intensities | Heat for Soothing Sore Muscles | 30 min Auto Shut off |HB-01","New","2204.00","No",,"Yes","45","45","0","0","45","10748.11","0","0","0","0","0","0",
"FBA79677","X002878ZW1","B0DVCBR11D","nexlev Travel Neck Pillow | Orthopedic Premium Memory Foam | for Airplane, Car, Train, Office use & Cervical Pain | Machine Washable | 360 Support | Carry Pouch for Storage | NP-06","New","1199.00","No",,"Yes","45","9","0","36","45","3240.71","0","0","0","0","0","0",
"FBA79678","X002879Z3T","B0DVCDD5VC","nexlev Travel Neck Pillow | Orthopedic Premium Memory Foam | for Airplane, Car, Train, Office use & Cervical Pain | Machine Washable | 360 Support | Carry Pouch for Storage | NP-07","New","1049.00","No",,"Yes","41","5","0","36","41","3307.4","0","0","0","0","0","0",
"FBA79679","X002876EAV","B0DVC7VJP1","NexLev Stand Mixer | 5.5L SS Bowl | 1500W |10 Speeds | Pulse Function |Planetary Rotation | Whisk, Beater & Dough Hook |100% Copper Motor | For Roti Atta, Cookie Dough, Cake, Whip Cream & more | ST-01","New","6194.00","No",,"Yes","64","61","1","2","190","30996.62","0","126","0","0","0","0",
"FBA79681","X002875WQX","B0DVC968P1","NexLev Cool Mist Humidifier | 3.5L| For Office, Indoor Plants, Baby Nursery | Quiet Operation | Works 44Hrs on Low Setting | 360° Nozzle | Auto Shut-Off | Adjustable Knob | Leak Proof | HU-01","New","2152.00","No",,"Yes","3","0","2","1","3","13330.55","0","0","0","0","0","0",
"FBA79682","X002872SBZ","B0DVC8NYY2","NexLev Cool Mist Humidifier | 2.2L| For Office, Indoor Plants, Baby Nursery | Quiet Operation | Works 30Hrs on Low Setting | 360° Nozzle | Auto Shut-Off | Adjustable Knob | Leak Proof | HU-02","New","1574.00","No",,"Yes","37","24","3","10","157","10406.93","0","120","0","0","0","0",
"FBA79683","X002877W3J","B0DVC9PRSD","NexLev Air Purifier for Living Room | 650 sqft Area |True HEPA 13 with 8500 Hrs Filter Life |Captures 99.99% Virus and PM 2.5 |Smart AQI Indicator |Home & Office Use|App Support|Sleep & Auto Mode| A6","New","16990.00","No",,"Yes","27","27","0","0","27","98921.17","0","0","0","0","0","0",
"FBA79686","X00286IDM9","B0DV94R4QD","NexLev Massage Gun | Body Massager |6 Speed for Body Relaxation and Muscle Recovery | 4 Attachment| Compact & Portable Design | For Neck Shoulder Back Foot Calf | 1H Use Time |For Men & Women |MGS-02","New","944.00","No",,"Yes","20","19","1","0","20","2767.94","0","0","0","0","0","0",
"FBA79687","X00286G37V","B0DV9CY3XR","NexLev Massage Gun | Body Shoulder Neck Feet Calf & Back Massager | Cold Therapy for Muscle Recovery | 60° Heat Therapy for Relaxation | 6 Attachments | 6 Mode | Portable & Compact Design | MGC-03","New","2099.00","No",,"Yes","21","9","0","12","21","5530.47","0","0","0","0","0","0",
"FBA79689","X0028A07UL","B0DVSZ2VVJ","NexLev Calf Massager Pro|Complete Feet Calf Knee and Thigh Massage|Hand like Massage with Air Compression and Heat Therapy|Pain Relief,Muscle Recovery & Enhanced Blood Circulation|3 Intensities|CFM-02","New","6299.00","No",,"Yes","7","5","0","1","7","13231.9","0","0","0","1","0","0",
"FBA79690","X0028674SX","B0DV931G48","NexLev Cordless Body Massager | Neck, Shoulder, Back, Legs & Thigh Pain Relief | 10 Intensity and 12 Modes | 6 Attachments | Deep Tissue Kneading for Complete Pain Relief | Charging Indicator | PM-02","New","1767.00","No",,"Yes","2","2","0","0","2","5481.15","0","0","0","0","0","0",
"FBA79692","X0028722JD","B0DVC58QPZ","NexLev Smart Air Purifier | Home Room & Office Use upto 220 sq ft |True HEPA 13 Filter | Eliminate 99.99% Virus Dust Smoke Odor Pollen Allergens & Pollutants | Long Filter Life |3 Year Warranty |AP220","New","4199.00","No",,"Yes","179","179","0","0","179","16040.64","0","0","0","0","0","0",
"FBA79693","X0028774TV","B0DVC91Q7J","NexLev Body & Intimate Trimmer for Men | Pubic Hair - Private Part Trimmer and Body Groomer |Vacuum for Mess Free Trimming | Ceramic Blades | Curved Edge for Safety | IPX7 Waterproof | TypeC |TM-05","New","3059.00","No",,"Yes","2","2","0","0","2","2738.93","0","0","0","0","0","0",
"FBA79698","X002848Q8R","B0DTK4FY1G","NexLev Spin Scrubber with Soap Spray | 6 heads| For Kitchen, Tub, Glass, Complete cleaning tool for Home, Office & Car| 90 min runtime | 4500 mAh | Cordless Type C | Adjustable Handle|SS-01, White","New","2519.00","No",,"Yes","0","0","0","0","40","6638.07","0","40","0","0","0","0",
"FBA79699","X0028AH91B","B0DTYDTKN8","NexLev Cordless Spin Mop|50 Min Runtime|2 Extra Mop Pads | Type C | For Home Kitchen & Office Use | Water Spray Function|Self Propelling|Mopping for All Floor Types|LED for Corners and Underbed|SPM-01","New","4239.00","No",,"Yes","0","0","0","0","12","10803.17","0","12","0","0","0","0",
"FBA79707","X002D6JZQH","B0FJ1ZB4G9","Nexlev Rechargeable Electric Toothbrush| 120 Days Life | 35K strokes/min| Type C| 5 Modes for Daily Use| 2 Min timer with 30sec Quadpacer | 4 Brushheads| IPX7 Waterproof| For Men & Women | ETC-08 Blue","New","999.00","No",,"Yes","92","92","0","0","92","1090.4","0","0","0","0","0","0",
"FBA79716","X0029PQCOF","B0F2MZ8CG9","NexLev Replacement Mop Cloth Pads (Set of 2) | Compatible with NexLev Steam Mop SM-01 | Reusable Microfiber Pads for Floor & Carpet Cleaning | Washable & Durable | Suitable for All Floor Types","New","399.00","No",,"Yes","0","0","0","0","0","5001","0","0","0","0","0","0",
"FBA79717","X0029PJNT1","B0F2MZ9BJS","NexLev Replacement Mop Pads (Set of 2) | Compatible with NexLev Cordless Spin Mop SPM-01 | Soft Microfiber Cleaning Pads | Washable & Reusable | For All Floor Types | Easy to Attach & Remove","New","299.00","No",,"Yes","15","15","0","0","15","1248.37","0","0","0","0","0","0",
"FBA79721","X002D40SMT","B0F2N4N83Y","nexlev Replacement HEPA Filter | Compatible Cordless Mite Remover (MR-02) | Captures 99.99% Dust, Mites & Allergens | Washable & Durable Filter Maintain","New","175.00","No",,"Yes","0","0","0","0","0","2630.45","0","0","0","0","0","0",
"FBA79771","X002AH2EEJ","B0F678L8YT","nexlev Replacement Accessory Kit for Steam Cleaner SC-01 | Multipurpose Cleaning Attachments for Home, Kitchen, Bathroom & Car","New","399.00","No",,"Yes","0","0","0","0","0","2561.46","0","0","0","0","0","0",
"FBA79773","X002D418NH","B0F74DJYG6","nexlev Replacement HEPA Filter | Compatible 2 in 1 Handheld & Stick Vacuum Cleaner VC-01 | Captures 99.97% Dust & Allergens | Washable & Durable Filter Maintain","New","248.00","No",,"Yes","1","0","1","0","1","2699.93","0","0","0","0","0","0",
"FBA79809","X002CZX55L","B0FJ8SFNRH","NexLev 1500W Electric Water Kettle | 1.8L | 304 SS - Auto Cut Off | 3x Protection| Instant Boiling, Water, Tea, Coffee, Noodles, Soup | Cool Touch Handle & Lid | 3Mins Rapid Heating | Cordless | KE-03","New","739.00","No",,"Yes","36","36","0","0","72","12666.54","36","0","0","0","0","0",
"FBA79810","X002EWCVV1","B0FS7T8151","NexLev Rechargeable Milk Frother & Coffee Whisker | 3 Speed | Stainless Steel Dual Spring Tech | Perfect for Coffee Lattes Milk Hot Chocolate Omlete & Cream | Handheld Beater for Foam |MF-01","New","599.00","No",,"Yes","16","15","0","1","46","1093.84","30","0","0","0","0","0",
"FBA79811","X002EUQV41","B0FSF1N457","NexLev Mini Electric Chopper | 3D Stainless Steel Blade | Food Grade Bowl | For Mincing Garlic Ginger Onion Vegetable Meat Nuts | 250 ml | One Touch Operation | MC-01","New","587.00","No",,"Yes","128","125","1","2","128","1176.1","0","0","0","0","0","0",
"FBA79812","X002F7TH85","B0FS6TB7CP","NexLev Portable Blender for Smoothies Milkshakes Juices Baby Food | High Borosilicate Glass Jar | 3000 mAh Battery | Type C | Mix Fruit Juicer Mini | 450ml | For Kitchen & Travel | PB-01","New","2519.00","No",,"Yes","115","110","3","1","235","4643.11","40","80","0","1","0","0",
"FBA79819","X002F1TU0L","B0FT8R24QM","NexLev Portable Cordless Lint Remover | for Woollen, Sweaters, Jackets, Carpets | Fabric Brush | Rue & Burr Remover | Battery Powered Shaver | SS Blade | Safety Lock | LR-03","New","354.00","No",,"Yes","544","539","3","2","544","480.14","0","0","0","0","0","0",
"FBA79843","X002DO3BLT","B0FMF1D9NV","NexLev Accessory Kit for 10-in-1 Steam Cleaner & Mop SC-04 | Multipurpose Attachments for Deep Cleaning","New","275.00","No",,"Yes","1","1","0","0","1","2354","0","0","0","0","0","0",
"FBA79849","X002E6PMZ9","B0FPGDVVCX","nexlev Calf Massager | Daily Use Leg Massager for Sore Muscle | Hand Like Massage with Air Compression | Improve Blood Circulation & Relieve Pain | 2500 mAh | Large Belt | Type C |CFM-03|Pack of 2","New","5249.00","No",,"Yes","48","48","0","0","48","6798.83","0","0","0","0","0","0",
"FBA79912","X002FV5LIL","B0FYNKYJFN","NexLev Replacement Accessory Kit for Steam Cleaner SC-05 | Multipurpose Cleaning Attachments for Home, Kitchen, Bathroom & Car","New","399.00","No",,"Yes","3","3","0","0","3","893.91","0","0","0","0","0","0",
"FBA79913","X002FV3OY9","B0FYNLPK1B","nexlev 3-in-1 Accessory Kit for Cordless Wet & Dry Vacuum Cleaner VC-05 | for Car, Sofa & Home Cleaning | Easy to Attach & Durable Build","New","399.00","No",,"Yes","5","5","0","0","5","1285.57","0","0","0","0","0","0",
"FBA79915","X002FVAPBT","B0FYNT1TW7","NexLev Stand Mixer Attachment Set for ST-01 | Includes Dough Hook, Beater & Whisk | Durable Stainless Steel Build | Easy to Attach & Clean | Ideal for Baking, Whipping & Kneading","New","1500.00","No",,"Yes","0","0","0","0","0","3775.09","0","0","0","0","0","0",
"FBA79984","X002IDYT6V","B0GM1CZC7Y","nexlev Corded Mite Remover MR-03","New","3999.00","No",,"Yes","0","0","0","0","0","2999.98","0","0","0","0","0","0",
"FBA79987","X002IA1OFN","B0F2MZJH82","Nexlev SC-01 & SC-04 Steam Cleaner & Accessories Variation (Mop Cloth for SC-04 (Set of 2))","New","249.00","No",,"Yes","0","0","0","0","0",,"0","0","0","0","0","0",
"FBA79988","X002IKH00L","B0GN8N96R5","Nexlev Smart Air Purifier with H13 HEPA Filter | Up to 300 Sq Ft | PM2.5 & AQI Display | 360° Air Intake | Removes 99.99% Dust, Pollen, Allergen & Odors | Timer, Touch Control for Home & Office |AP-04","New","5999.00","No",,"Yes","0","0","0","0","0","14668.88","0","0","0","0","0","0",
"FBA79989","X002IKH3YT","B0GN86G345","Nexlev Car Air Purifier | H13 HEPA Filter & Activated Carbon | Negative Ion Generator | 360° Air Intake | USB Type-C | Starry Light for Car & Personal Use | Removes PM 2.5 & PM 10 | CAP-05","New","2999.00","No",,"Yes","0","0","0","0","0","1439.93","0","0","0","0","0","0",
"FBA79991","X002IK70C9","B0GN85NZQN","NexLev Dehumidifier for Room Moisture Absorption | 1000ML Tank | Ideal for Mold & Moisture Removal |For Room Wardrobe Kitchen Office| Auto Shut-Off Function| Preset Timer & Humidty Control | DH-01","New","5249.00","No",,"Yes","51","44","5","2","51","8536.35","0","0","0","0","0","0",
"FBA79992","X002IKI32Z","B0GN94YDY2","NexLev 6.2L 2000W Stand Mixer with Stainless Steel Bowl | Timer Function | 8 Speeds & Pulse | Planetary Mixing | Teflon Coated Hooks for cake, dough & more| Bowl Lock & Splash Guard | ST-02","New","9999.00","No",,"Yes","0","0","0","0","0","34673.55","0","0","0","0","0","0",
"FBA79993","X002IKJF09","B0GN8WW6BC","NexLev 8L 2000W Stand Mixer with Stainless Steel Bowl | Timer Function | 8 Speeds & Pulse | Planetary Mixing | Teflon Coated Hooks for cake, dough & more| Bowl Lock & Splash Guard | ST-03","New","9999.00","No",,"Yes","0","0","0","0","0","30922.39","0","0","0","0","0","0",
"FBA80015","X002I7A8FX","B0DTYDTKN8","NexLev Cordless Spin Mop|50 Min Runtime|2 Extra Mop Pads | Type C | For Home Kitchen & Office Use | Water Spray Function|Self Propelling|Mopping for All Floor Types|LED for Corners and Underbed|SPM-01","New","4239.00","No",,"Yes","0","0","0","0","0","10877.73","0","0","0","0","0","0",
"FBA80024","X002IB2IUH","B0DNJP9T35","NexLev Spin Scrubber|6 Scrubbing Heads| For Kitchen, Bathroom, Tub, Glass | Complete cleaning tool for Home, Office & Car| 90 min runtime | 2600 mAh | Cordless Type C | 2 Modes|Adjustable Handle|SS-02","New","2225.00","Yes","0","No","0","0","0","0","0","5985.54","0","0","0","0","0","0",
"FBA80078","X002KO2RHL","B0GQC12GDP","NexLev Spin Scrubber SS-02 + Steam Cleaner SC-01 Combo | 6 Heads + 9 Accessories | 1000W Steam | 2600mAh Cordless Type-C | 90 Min Runtime | 300ML Tank | Kitchen, Bathroom, Sofa & Car Cleaning Kit","New","14999.00","No",,"Yes","0","0","0","0","0","25467.63","0","0","0","0","0","0",
"FBA80079","X002IWNXK5","B0GQCB4PJC","NexLev Steam Cleaner SC-01 + Mattress Vacuum MR-01 Combo | 1000W Steam, 300ML, 9 Accessories | UV, HEPA 99.99%, Double Beat | Sofa, Carpet, Kitchen, Bathroom & Allergen Cleaning Kit","New","15499.00","No",,"Yes","0","0","0","0","0","25424.04","0","0","0","0","0","0",
"FBA80080","X002KPB31B","B0GQGXR9D7","NexLev Steam Cleaner SC-01 + 2-in-1 Handheld & Stick Vacuum VC-01 Combo | 1000W Steam, 300ML, 9 Accessories | 17500Pa Suction, HEPA | Home, Sofa, Car & Deep Cleaning Kit","New","13999.00","No",,"Yes","0","0","0","0","0","2999.98","0","0","0","0","0","0",
"FBA80081","X002KPAGKZ","B0GQGK4GJ7","NexLev Scalp Massager HM-01 + LED Therapy Oil Applicator EA-01 Combo | 96 Kneading Nodes, 3 Modes, 120 Min Runtime | Red & Blue Light, EMS | Hair Growth & Dandruff Care Kit","New","5099.00","No",,"Yes","0","0","0","0","0","11200.07","0","0","0","0","0","0",
"FBA80082","X002KPAQUF","B0GQGZVGLL","Nexlev Skin Lift Device LE-04 + Skin Scrubber LE-03 Combo | 7 Color LED, Microcurrent & Hot Compress | Red & Blue Light | Blackhead Remover, Pore Cleaner & Face Tightening Kit","New","5899.00","No",,"Yes","0","0","0","0","0","8400.01","0","0","0","0","0","0",
"FBK78979","X0022V5DOV","B0CDPQXPC1","NexLev Handheld Garment Steamer |1500 Watts | 35 g/min | 300 ML| Vertical & Horizontal Ironing for Silk Velvet|Damage Free Steam for all Cloth Types|25sec quick heat | 3 Brushes |GS-01","New","2511.00","No",,"Yes","0","0","0","0","0","9294.58","0","0","0","0","0","0",
"FBK79271","X00271JY6J","B0DQ8W1RBV","Nexlev Ionic Volumizer|3 In 1 Hot Air Brush To Straight Dry & Volumize|1200 Watts|Reduce Frizz|Ceramic Tourmaline Coated Large Barrel|Salon Like Soft Curl At Home|3 Speed & 2 Heat Settings|V-01 RG","New","1574.00","No",,"Yes","72","0","4","68","88","3952.56","12","0","4","0","0","0",
"FBK79347","X0022WWBZT","B0D842173P","Nexlev Electric Toothbrush| 40000 vibrations/min|USB Type C| 5 Modes| 2 Min timer| 30 sec Quad Interval| 4 Replaceable Brushheads With Cover| IPX7 Waterproof| For Adults|Sparkle Pro ETC-05 Sunset Pink","New","721.00","No",,"Yes","36","36","0","0","36","1061.23","0","0","0","0","0","0",
"FBK79591","X0029O6KFH","B0F29SZCVF","NexLev Knee Massager for Joint Pain Relief |Controlled Vibration & Heating for Arthritis, Knee, Shoulder or Elbow pain | 15 modes |2 Extension Belt |Graphene Heating pad for Consistent Heating | KM-01","New","1522.00","No",,"Yes","6","6","0","0","6","4062.52","0","0","0","0","0","0",
"FBK79595","X002DL3C43","B0FM3LBN87","NexLev Air Compression Eye Massager|Heat Function|Vibration|In-Built Music| 5 Modes| 180° Foldable|Improve Sleep|Relieves Headache & Migraine|Reduce Eye Strain, Dark Circle, Eye Bags|Type-C| EM-02","New","1999.00","No",,"Yes","0","0","0","0","0","1873.7","0","0","0","0","0","0",
"FBK79598","X002DL47FV","B0FM3KVSHW","NexLev Neck & Back Massager | Deep Tissue Shiatsu Roller | Cervical Pain Relief | 3 Speeds | 8 Kneading Nodes | Quick Pain Relief | Auto Shut Off | 1 year Warranty | BM-02","New","1859.00","No",,"Yes","0","0","0","0","0","15205.88","0","0","0","0","0","0",
"FBK79685","X002I7BG59","B0F99VFBGY","NexLev Face Massager | 3D Roller with EMS and Micro Currents | Shape, Slim and Tone your Jaw & Body | 3 Intensity Levels | Skin Firming and Wrinkle Remover | 15 Min Auto Shut Off | Type C | LE-08","New","1499.00","No",,"Yes","0","0","0","0","0","2450.52","0","0","0","0","0","0",
"FBK79714","X002G011AX","B0F2N1HTBT","NexLev Replacement Mop Cloth Pads (Set of 2) | Compatible with NexLev 10-in-1 Steam Cleaner & Mop SC-04 | Reusable Microfiber Pads for Floor Deep Cleaning | Washable & Durable | For All Floor Types","New","475.00","No",,"Yes","0","0","0","0","0","2129.66","0","0","0","0","0","0",
"FBK80015","X002IVBZ1F","B0GKNGWLJ2","NexLev Cordless Spin Mop|50 Min Runtime|2 Extra Mop Pads | Type C | For Home Kitchen & Office Use | Water Spray Function|Self Propelling|Mopping for All Floor Types|LED for Corners and Underbed|SPM-01","New","3884.00","No",,"Yes","67","66","1","0","67","10877.73","0","0","0","0","0","0",
"FBK80024","X002IPBERB","B0GLHC8CB3","NexLev Spin Scrubber|6 Scrubbing Heads| For Kitchen, Bathroom, Tub, Glass | Complete cleaning tool for Home, Office & Car| 90 min runtime | 2600 mAh | Cordless Type C | 2 Modes|Adjustable Handle|SS-02","New","1259.00","No",,"Yes","11","8","1","2","51","5985.54","0","40","0","0","0","0",
"FBP79350","X0024F173L","B0D67727VG","NexLev LED Therapy Oil Applicator | Reduce Dandruff | Improve Hair Growth | EMS for Scalp Improvement | Red & Blue Light | High Frequency Massage for Better Absorption | 10 ML | Waterproof | EA-01","New","1154.00","No",,"Yes","190","130","0","60","190","509.64","0","0","0","0","0","0",
