sku,fnsku,asin,product-name,condition,your-price,mfn-listing-exists,mfn-fulfillable-quantity,afn-listing-exists,afn-warehouse-quantity,afn-fulfillable-quantity,afn-unsellable-quantity,afn-reserved-quantity,afn-total-quantity,per-unit-volume,afn-inbound-working-quantity,afn-inbound-shipped-quantity,afn-inbound-receiving-quantity,afn-researching-quantity,afn-reserved-future-supply,afn-future-supply-buyable,store
28-6K66-6DMF,X0022MYFN5,B0BF4S7V8C,"White Mulberry Alloy Steel Manual Height Adjustable Desk | Ergonomic Design | Ecofriendly Desk | Sit Stand Desk for Office, Home & Study Table| 1200Mm X 600Mm | White",NewItem,,No,,Yes,0,0,0,0,0,,0,0,0,0,0,0,
6822-150-SIOC,X001LKQAY1,B0B68FKVC1,"White Mulberry Collapsible Wardrobe Closet | Hanging Clothes Rack | Non Woven Fabric | See-Through Window Easy Access Zipper, Metal Frame | Foldable Wadrobe, Clothes Organiser | White | 92*51*163cm",NewItem,,No,,Yes,0,0,0,0,0,,0,0,0,0,0,0,
B007XE5LTG,X001KD3PFL,B007XE5LTG,Autel AL519 AutoLink Enhanced OBD ll Scan Tool with Mode 6 Fault Code Reader EOBD,NewItem,,No,,Yes,0,0,0,0,0,,0,0,0,0,0,0,
B007XE8C74,X001KCZC4J,B007XE8C74,Autel AutoLink AL319 OBD2 Scanner Automotive Engine Fault Code Reader CAN Scan Tool,NewItem,,No,,Yes,0,0,0,0,0,,0,0,0,0,0,0,
DY-ZGYQ-HFMU,X0029K9337,B0F24JVQZ4,LODN Shape White Color Desk,NewItem,,No,,Yes,0,0,0,0,0,,0,0,0,0,0,0,
FBA75444,X001KDOC7L,B0B12HJ44K,Rolling Underbed cart,NewItem,,No,,Yes,0,0,0,0,0,,0,0,0,0,0,0,
FBA75445,X001KDQ0I5,B0B12VJHRX,Extra wide Clothes Closet,NewItem,,No,,Yes,0,0,0,0,0,,0,0,0,0,0,0,
FBA75446,X001KDPCED,B0B12TVXZB,Clothes Closet,NewItem,,No,,Yes,0,0,0,0,0,,0,0,0,0,0,0,
FBA75447,X001KDTJ9R,B0B12X7R7W,Adjustable 2-Rod Garment Rack,NewItem,,No,,Yes,0,0,0,0,0,,0,0,0,0,0,0,
FBA75448,X001KDSFN3,B0B12YMXZB,Deluxe Utility Closet,NewItem,,No,,Yes,0,0,0,0,0,,0,0,0,0,0,0,
FBA75449,X001KDR6QZ,B0B12Y8MTF,4 Tier Closet Shelves,NewItem,,No,,Yes,0,0,0,0,0,,0,0,0,0,0,0,
FBA75450,X001KDPKM7,B0B12YNC3D,Clothes Closet 2,NewItem,,No,,Yes,0,0,0,0,0,,0,0,0,0,0,0,
FBA75451,X001KDRD0T,B0B12YC5JK,18 Pair Over The Door Shoe Rack,NewItem,,No,,Yes,0,0,0,0,0,,0,0,0,0,0,0,
FBA75452,X001KDR98Z,B0B12Y5S75,Supreme Stacking Shelf with Basket,NewItem,,No,,Yes,0,0,0,0,0,,0,0,0,0,0,0,
FBA75453,X001KDRCFZ,B0B12XHZTN,Floor Shoe Tower - 40 Pair,NewItem,,No,,Yes,0,0,0,0,0,,0,0,0,0,0,0,
FBA75454,X001KDSHXV,B0B12YHLZB,Supreme Small 3 Tier Shelving - Black,NewItem,,No,,Yes,0,0,0,0,0,,0,0,0,0,0,0,
FBA75469,X001KJTIO7,B0B1TX1GQ6,Supreme Wide Stacking Shelf - Chrome,NewItem,,No,,Yes,0,0,0,0,0,,0,0,0,0,0,0,
FBA76382,X001MUB3RT,B0BF4T7SWK,White Mulberry |120X60CM Table Top|Manual Sit Stand Desk|Multi-Purpose Manual Height Adjustable Ergonomic Desk - Office Work Study Table|3 Year Warranty| 80 Kg Weight Carrying Capacity - Black,NewItem,,No,,Yes,2,1,1,0,2,,0,0,0,0,0,0,
FBA76383,X001MUAIZ7,B0BF4TKQKN,"White Mulberry Wooden Motorized Electronic Height Adjustable | Ergonomic Spacious Design Desk | Motor&Memory Preset Controller|Sit Stand Desk for Office, Home & Study Table| 1200mmx600mm | Black",NewItem,,No,,Yes,0,0,0,0,0,,0,0,0,0,0,0,
FBA76384,X001MUC6WF,B0BF4VWQXG,"White Mulberry Desk Converter with Keyboard Tray | Sit-Stand Desk Riser | Height Adjustable | Standing Desk Converter | Suitable for Office, Workstation Or Home | Black | 80 * 40* H(11-51) cm (Mdf)",NewItem,,No,,Yes,0,0,0,0,0,,0,0,0,0,0,0,
FBA76385,X001MUBE5P,B0BF4WD8Z8,"White Mulberry Manual Height Adjustable Sit-Stand Desk | Ergonomic Spacious Sit - Stand Table | Manual Height Adjustable Lever | Use in Office, Workstation or Home | White | 120 * 60*H(75-118) cm",NewItem,,No,,Yes,0,0,0,0,0,,0,0,0,0,0,0,
FBA76386,X001MU86U1,B0BF51HCY4,"White Mulberry Computer Table with Bookshelf | Study Table with Storage | Laptop Desk | Writing Table | E2 MDF Board | Strong & Sturdy Iron Leg | Use in Office, Workstation, Home | Maple| 120*50*144cm",NewItem,,No,,Yes,0,0,0,0,0,,0,0,0,0,0,0,
FBA76387,X001MUAGD1,B0BF4S7V8C,"White Mulberry Alloy Steel Manual Height Adjustable Desk | Ergonomic Design | Ecofriendly Desk | Sit Stand Desk for Office, Home & Study Table| 1200Mm X 600Mm | White",NewItem,,No,,Yes,0,0,0,0,0,,0,0,0,0,0,0,
FBA76388,X001MU9GVJ,B0BF4VRJJ1,White Mulberry L-Shape Corner Desk with Shelf|DIY Assembly| Monitor Raising Shelf | Engineered Wood & Sturdy Steel Leg|Perfect for Computer Table Office Home Gaming Study Desk|L(130+130)*45 * 77cm|CF,NewItem,,No,,Yes,0,0,0,0,0,,0,0,0,0,0,0,
FBA76389,X001MUCLYN,B0BF4XF7SD,"White Mulberry Computer Table with Bookshelf | Study Table with Storage | Laptop Desk | Writing Table | E2 MDF Board | Strong & Sturdy Iron Leg | Use in Office, Workstation, Home | Oak | 120*50*144cm",NewItem,,No,,Yes,0,0,0,0,0,,0,0,0,0,0,0,
FBA76390,X001MU9UOR,B0BF4WQNJR,"White Mulberry Computer Table with Bookshelf | Study Table with Storage | Laptop Desk | Writing Table | E2 MDF Board | Strong & Sturdy Iron Leg | Use in Office, Workstation or Home |Oak| 100*50*144cm",NewItem,,No,,Yes,0,0,0,0,0,,0,0,0,0,0,0,
FBA76391,X001MU9QD7,B0BF4WQNJR,"White Mulberry Computer Table with Bookshelf | Study Table with Storage | Laptop Desk | Writing Table | E2 MDF Board | Strong & Sturdy Iron Leg | Use in Office, Workstation or Home |Oak| 100*50*144cm",NewItem,,No,,Yes,0,0,0,0,0,,0,0,0,0,0,0,
FBA76407,X001MW3IG1,B0BFBMCTXQ,White Mulberry 36 Pair Over The Door Shoe Rack | Fold up-Non Slip Bars | Hang/Wall-Mount | Strong & Durable White Resin Frame Metal Tubes | Store All Types of Footwares | White | 57 * 19 * 182cm,NewItem,,No,,Yes,0,0,0,0,0,,0,0,0,0,0,0,
FBA76408,X001MW1T1H,B0BFBLLZJG,"White Mulberry 36 Pair Over The Door Shoe Rack | Hang & Wall-Mount | Strong & Durable White Resin Frame | Metal Tubes | Store Shoes, Sandals, High Heels & Wedges | White - Style 2 | 57 * 19 * 182cm",NewItem,,No,,Yes,0,0,0,0,0,,0,0,0,0,0,0,
FBA76409,X001MWNA1T,B0BFDW7HY5,"White Mulberry Foldable Luggage Rack - Set Of 2 | Suitcase Holder | Travel Bag Holder | Strong & Durable Metal Leg, Nylon Strap | Convinient to carry, Store | X Shape Structure | Black | 58*39*65cm",NewItem,,No,,Yes,0,0,0,0,0,,0,0,0,0,0,0,
FBA76410,X001MWTYP5,B0BFF9KB2T,"White Mulberry 3 Drawer Cart | Rolling Multiutility Cart | 3 Multipurpose Organizers | Metal Body, Non Woven Fabric | 2 Lockable Wheels | for Home, Office, Laundry, School | Black | 44 * 33 * 89cm",NewItem,,No,,Yes,0,0,0,0,0,,0,0,0,0,0,0,
FBA76411,X001MWXG4Z,B0BFFD156C,"White Mulberry 4 Tier Shoe Rack with Holding Capacity of 20 Pairs | 36"" Wide | Strong & Durable Non-Slip Racks | Made of White Epoxy Coated Metal | Stores all kind of Footwears | White | 91*23*48cm",NewItem,,No,,Yes,0,0,0,0,0,,0,0,0,0,0,0,
FBA76412,X001O0WILR,B0BLVB8VTH,"White Mulberry Expandable/Stackable Shoe Rack | Strong & Durable Non-Slip Racks | Made of White Epoxy Coated Metal | Expands from 24""-48"" l Stores All Kind of Footwears | White | L(61-114)*22 * 36cm",NewItem,,No,,Yes,0,0,0,0,0,,0,0,0,0,0,0,
FBA76413,X001NNMDSN,B0BJZNQYVB,"White Mulberry Plastic Wire Storage Cubes (Set of 4) Strong, Durable & Stackable, Suitable For Storing Clothes, Toys, Shoes, Sheets And Other Houshold Items, Black, Rectangular",NewItem,,No,,Yes,0,0,0,0,0,,0,0,0,0,0,0,
FBA76415,X001MZYX7L,B0BFWD6SNF,"White Mulberry L Shaped Computer Table | Spacious Study Table for Home with Monitor Raising Shelf, Engineered Wood Top & Steel Legs for Home, Office, Gaming & Study, Carbon Fiber (130+130)*45 * 77cm",NewItem,,No,,Yes,38,15,18,5,38,,0,0,0,0,0,0,
FBA76416,X001N02VPV,B0BFW59TRG,"White Mulberry L-Shape Corner Desk | Monitor Raising Shelf | Made of P2 Grade Melamine Particle Board & Sturdy Steel Leg | Suitable for Office, Home, Gaming, Streaming | Black |L(130+130)*B45*H77cm",NewItem,,No,,Yes,14,13,1,0,14,,0,0,0,0,0,0,
FBA76417,X001MZZQ8V,B0BFVMDJ2K,White Mulberry L-Shape Corner Desk |DIY Assembly| Monitor Raising Shelf | Engineered Wood & Sturdy Steel Leg|Perfect for Office Home Gaming Study Desk Computer Table|L(130+130)*45 * 77cm|White,NewItem,,No,,Yes,106,96,7,3,106,,0,0,0,0,0,0,
FBA76418,X001N01O8V,B0BFVNS8HS,"White Mulberry L Shaped Computer Table | Spacious L Shape Study Table For Home with Monitor Raising Shelf, Engineered Wood Top & Steel Legs for Home, Office, Gaming & Study, Brown, (130+130)*45 * 77cm",NewItem,,No,,Yes,25,17,6,2,25,,0,0,0,0,0,0,
FBA76419,X001MZXL3N,B0BFW5K3F1,"White Mulberry Classic Office Desk|Side Storage Bag|Laptop, Study & Computer Desk|P2 Grade Melamine Particle Board & Thick Steel Legs|Use in Office, Workstation, Home|Black| 120 * 60 * 73cm",NewItem,,No,,Yes,0,0,0,0,0,,0,0,0,0,0,0,
FBA76764,X001O8S0F7,B0BMV1WPHL,"White Mulberry Ergonomic Sit Stand Desk | Standing Desk for Office, Home & Study | Everyday Ergonomic Desk | 1200mm x 600mm | Carbon Fibre",NewItem,,No,,Yes,0,0,0,0,0,,0,0,0,0,0,0,
FBA76765,X001O7YYCV,B0BMQQQ7YD,"White Mulberry Motorized Height Adjustable Sit-Stand Desk | Electronic Height Adjustable | Motor & Memory Preset Controller | Office, Workstation or Home | Carbon Fibre | 120 * 60*H(75-118) cm",NewItem,,No,,Yes,0,0,0,0,0,,0,0,0,0,0,0,
FBA76858,X001OEE2V7,B0BNDYQ5ZR,"White Mulberry 4 Tier Shelf Organiser | Steel Frame to Store Clothes Shoes, Bedding, Other Household & Office Items | Strong & Durable | No Tools Assembly | White | 60 * 30 * 60cm",NewItem,,No,,Yes,0,0,0,0,0,,0,0,0,0,0,0,
FBA76859,X001OEG0BR,B0BNDY71BZ,"White Mulberry Single Garment Rack | Epoxy-Coated Metal Frame | Hangs All Kinds of Clothes | Bedroom, Laundry Services, Showroom, Botique Clothes Stand | Metal Clothes Rail | White | 85 * 45 * 146cm",NewItem,,No,,Yes,0,0,0,0,0,,0,0,0,0,0,0,
FBA76864,X002FOAUSJ,B0BPLZ5CGV,Audio Array AI-04 HD 2x2 Gen 3 Audio Interface | Premium Mic Pre-Amps | 48V Phantom Power | 24bit/192kHz Hi-Fi Recording | XLR/MIC/LINE inputs | Plug & Play-No Drivers | 2 in 3 out | Metal Body | Red,NewItem,,No,,Yes,0,0,0,0,0,,0,0,0,0,0,0,
FBA76865,X001OGV8PD,B0BF4Y92MW,"White Mulberry Computer Table with Bookshelf | Study Table with Storage | Laptop Desk | Writing Table | E2 MDF Board | Strong & Sturdy Iron Leg | Use in Office, Workstation, Home | Maple| 100*50*144cm",NewItem,,No,,Yes,0,0,0,0,0,,0,0,0,0,0,0,
FBA77168,X001RLGNR3,B0C2ZKC3ZN,White Mulberry Manual Handle for Sit Stand Desk,NewItem,,No,,Yes,0,0,0,0,0,,0,0,0,0,0,0,
FBA78765,X001TDQVDP,B0CBJX8WGY,White Mulberry Motorized Height Adjustable Sit-Stand Desk (Motorized Height Adjustable Desk 140 * 70 H (Black)),NewItem,,No,,Yes,0,0,0,0,0,,0,0,0,0,0,0,
FBA78766,X001TDMM79,B0CBJX85Q2,White Mulberry Motorized Height Adjustable Sit-Stand Desk (Motorized Height Adjustable Desk 140 * 70 H (White)),NewItem,,No,,Yes,0,0,0,0,0,,0,0,0,0,0,0,
FBA78767,X001TDMM51,B0CBJZGW7X,White Mulberry Motorized Height Adjustable Sit-Stand Desk (Motorized Height Adjustable Desk 140 * 70 H (Carbon Fiber)),NewItem,,No,,Yes,0,0,0,0,0,,0,0,0,0,0,0,
FBA78772,X001UNCJE9,B0CGF7HXXL,White Mulberry Manual Height Adjustable Sit-Stand Desk (Manual Black Sit Stand Desk Frame),NewItem,,No,,Yes,0,0,0,0,0,,0,0,0,0,0,0,
FBA78773,X001UN9GVN,B0CGF52WWF,White Mulberry Manual Height Adjustable Sit-Stand Desk (Manual White Sit Stand Desk Frame),NewItem,,No,,Yes,0,0,0,0,0,,0,0,0,0,0,0,
FBA78774,X001UMUHW1,B0CGF82HTJ,White Mulberry Motorized Height Adjustable Sit-Stand Desk (Motorized Black Sit Stand Desk Frame),NewItem,,No,,Yes,0,0,0,0,0,,0,0,0,0,0,0,
FBA78775,X001UN3HLD,B0CGF7MQMF,White Mulberry Motorized Height Adjustable Sit-Stand Desk (Motorized White Sit Stand Desk Frame),NewItem,,No,,Yes,0,0,0,0,0,,0,0,0,0,0,0,
FBA79105,X002FOC6Q3,B0CM6WH4ZT,"Audio Array AI-12 USB Bluetooth Soundcard | 1Ch Mixer interface | 2 mic inputs, 2 smartphone & PC/Mac outputs | Karaoke Recording, Mobile/PC Streaming, Live Broadcasting | Singing, Recording,Gaming",NewItem,,No,,Yes,0,0,0,0,0,,0,0,0,0,0,0,
FBA79164,X001Y64ZPD,B0CPFN27Z2,"White Mulberry Steel Motorized Height Adjustable Desk with USB Charging,Drawer|Spacious Ergonomic Design|Preset Height Controller|Sit Stand Desk for Office,Home Study,Workstation Table|120X60Cm|Black",NewItem,,No,,Yes,4,0,1,3,4,,0,0,0,0,0,0,
FBA79165,X001Y64T4Z,B0CPFPT6DZ,"White Mulberry Motorized Height Adjustable Desk with USB Charging,Drawer|Spacious Ergonomic Design|Preset Height Controller|Sit Stand Desk for Office,Home Study,Workstation Table|1200X600mm|White",NewItem,,No,,Yes,0,0,0,0,0,,0,0,0,0,0,0,
FBA79166,X001Y63WJ3,B0CPFP9ZL4,White Mulberry L-Shape Corner Desk with Shelf|DIY Assembly| Monitor Raising Shelf | Engineered Wood & Sturdy Steel Leg|Perfect for Computer Table Office Home Gaming Study Desk|L(130+130)*45 * 77cm|CF,NewItem,,No,,Yes,0,0,0,0,0,,0,0,0,0,0,0,
FBA79167,X001Y5UYX1,B0CPFS24ML,"White Mulberry Gaming Desk, Computer Desk with Carbon Fiber Surface, Z Shaped Gaming Table, Computer Table, Workstation, Home Office Desk with Cup Holder and Headphone Holder | (110 * 60 * 75 CM)",NewItem,,No,,Yes,119,102,10,7,119,,0,0,0,1,0,0,
FBA79175,X001Y5SHK3,B0CPT2YJX2,White Mulberry L-Shape Corner Desk with Shelf|DIY Assembly| Monitor Raising Shelf |Engineered Wood & Sturdy Steel Leg|Perfect for Computer Table Office Home Gaming Study Desk|L(130+130)*45*77cm|Black,NewItem,,No,,Yes,1,0,1,0,1,,0,0,0,0,0,0,
FBA79176,X001Y5VTYT,B0CPT25SD8,"White Mulberry Alloy Steel Manual Height Adjustable Desk | Ergonomic Design | Ecofriendly Desk | Sit Stand Desk for Office, Home & Study Table| 1200Mm X 600Mm | Black",NewItem,,No,,Yes,0,0,0,0,0,,0,0,0,0,0,0,
FBA79176_Parent,X0027LDSMP,B0CPT25SD8,"White Mulberry Alloy Steel Manual Height Adjustable Desk | Ergonomic Design | Ecofriendly Desk | Sit Stand Desk for Office, Home & Study Table| 1200Mm X 600Mm | Black",NewItem,,No,,Yes,0,0,0,0,0,,0,0,0,0,0,0,
FBA79177,X001Y62M17,B0CPT34B2L,"White Mulberry Wooden Motorized Electronic Height Adjustable | Ergonomic Spacious Design Desk | Motor&Memory Preset Controller|Sit Stand Desk for Office, Home & Study Table| 1200mmx600mm | Black",NewItem,,No,,Yes,1,0,1,0,1,,0,0,0,0,0,0,
FBA79178,X001Y62O1P,B0CPT2NY5M,"White Mulberry Wooden Motorized Electronic Height Adjustable | Ergonomic Spacious Design Desk | Motor&Memory Preset Controller|Sit Stand Desk for Office, Home & Study Table| 1200mmx600mm | White",NewItem,,No,,Yes,16,16,0,0,16,,0,0,0,0,0,0,
FBA79179,X001Y62M1H,B0CPT3Q25C,White Mulberry Height Adjustable Table for Office Work | Electric Desk with Memory Preset Controller | Standing Table | Adjustable Standing Desk for Home Office & Study | 120x60cm Carbon Fibre,NewItem,,No,,Yes,15,13,2,0,15,,0,0,0,0,0,0,
FBA79433,X0023GTM6Z,B0DC3JRBW1,"White Mulberry Wooden Motorized Electronic Height Adjustable | Ergonomic Spacious Design Desk | Motor&Memory Preset Controller|Sit Stand Desk for Office, Home & Study Table| 1200mmx600mm | Light Oak",NewItem,,No,,Yes,1,0,1,0,1,,0,0,0,0,0,0,
FBA79433_Parent,X0027LD8YX,B0DC3JRBW1,"White Mulberry Wooden Motorized Electronic Height Adjustable | Ergonomic Spacious Design Desk | Motor&Memory Preset Controller|Sit Stand Desk for Office, Home & Study Table| 1200mmx600mm | Light Oak",NewItem,,No,,Yes,0,0,0,0,0,,0,0,0,0,0,0,
FBA79434,X0023GQ0UL,B0DC3SJMZ6,"White Mulberry Motorized Height Adjustable Desk with USB Charging,Drawer|Spacious Ergonomic Design|Preset Height Controller|SitStand Desk for Offce,Home Study,Workstation Table|1200X600mm|Rustic Brown",NewItem,,No,,Yes,0,0,0,0,0,,0,0,0,0,0,0,
FBA79435,X0023GSIEH,B0DC3NPKGF,"White Mulberry Motorized Height Adjustable Desk with USB Charging,Drawer|Spacious Ergonomic Design|Preset Height Controller|Sit Stand Desk for Office,Home Study,Workstation Table|1200X600mm|Light Oak",NewItem,,No,,Yes,0,0,0,0,0,,0,0,0,0,0,0,
FBA79435_Parent,X0027LHBFZ,B0DC3NPKGF,"White Mulberry Motorized Height Adjustable Desk with USB Charging,Drawer|Spacious Ergonomic Design|Preset Height Controller|Sit Stand Desk for Office,Home Study,Workstation Table|1200X600mm|Light Oak",NewItem,,No,,Yes,0,0,0,0,0,,0,0,0,0,0,0,
FBA79476,X0023975P7,B0DB5VG39T,White Mulberry Monitor Arm | Economical Gas Spring Metal Desk Mount | Single Screen 15-32 Inch 9kg VESA 75x75 & 100x100 | Full Motion Monitor Arm Desk Mount | Tilt Swivel Rotate Cable Management,NewItem,,No,,Yes,0,0,0,0,0,,0,0,0,0,0,0,
FBA79477,X00239IV2D,B0DB5VVPSB,White Mulberry Dual Monitor Arm | Monitor Arm Desk Mount for 15-32 Inch Screens | Dual Gas Spring Monitor Stand | 9Kg Capacity | VESA 75x75 & 100x100 | Adjustable Metal Desk Mount for Dual Screens,NewItem,,No,,Yes,0,0,0,0,0,,0,0,0,0,0,0,
FBA79478,X00239MF0H,B0DB5W4TCP,White Mulberry Monitor Arm | Height Adjustable Monitor Arm Desk Mount for 15–32 Inch Screen | 10kg Load Capacity | VESA 75x75 & 100x100 | Single Monitor Stand,NewItem,,No,,Yes,0,0,0,0,0,,0,0,0,0,0,0,
FBA79479,X00239MVPB,B0DB5YTQZV,White Mulberry Dual Monitor Arm | Height Adjustable Monitor Arm Desk Mount | Steel Dual Screen Mount for 17-32 Inch Monitors 10kg Load VESA 75x75 100x100 | Adjustable Ergonomic Desk Setup,NewItem,,No,,Yes,0,0,0,0,0,,0,0,0,0,0,0,
FBA79608,X0027P0FZJ,B0DSG2BD4H,White Mulberry|DIY|Height Adjustable Monitor Arm | Desk Mounted Monitor Stand for 15-32 Inch Monitor | 10Kg Weight Capacity | VESA 75X75 & 100X100 | Adjustable Metal Desk Monitor Mount - Single Screen,NewItem,,No,,Yes,0,0,0,0,0,,0,0,0,0,0,0,
FBA79609,X0027P12B5,B0DSG5PX7M,White Mulberry|DIY|Height Adjustable Monitor Arm | Desk Mounted Monitor Stand for 15-27 Inch Monitor | 10Kg Weight Capacity | VESA 75X75 & 100X100 | Adjustable Metal Desk Monitor Mount - Dual Screen,NewItem,,No,,Yes,0,0,0,0,0,,0,0,0,0,0,0,
FBA79610,X0027OWYH7,B0DSG4F8D9,White Mulberry|DIY|Economical Gas Spring Monitor Arm | Desk Mounted Monitor Stand for 15-32 Inch Monitors |9Kg Weight Capacity|VESA 75X75 & 100X100| Adjustable Metal Desk Monitor Mount - Single Screen,NewItem,,No,,Yes,0,0,0,0,0,,0,0,0,0,0,0,
FBA79611,X0027OYRCR,B0DSG694P2,White Mulberry|DIY|Economical Gas Spring Monitor Arm | Desk Mounted Monitor Stand for 15-32 Inch Monitors |9Kg Weight Capacity| VESA 75X75 & 100X100 | Adjustable Metal Desk Monitor Mount - Dual Screen,NewItem,,No,,Yes,0,0,0,0,0,,0,0,0,0,0,0,
FBA79612,X0026L3NRL,B0DP2WC5VW,White Mulberry |DIY| Wall Mounted Monitor Stand Mount | Supports 15-32 Inch Screens| 9 Kg Screen Load | VESA 75X75 & 100X100 | Spring Assisted Wall Mounted Monitor Mount | Black - (Single Screen),NewItem,,No,,Yes,0,0,0,0,0,,0,0,0,0,0,0,
FBA79613,X0026LAZLX,B0DP2VVRND,White Mulberry Monitor Stand for Table | Freestanding Height Adjustable Moniter Stand Black Monitor Mount for 17-32 Inch Screens |10kg Load | VESA 75x75/100x100 |,NewItem,,No,,Yes,0,0,0,0,0,,0,0,0,0,0,0,
FBA79614,X0026L2G4H,B0DP313R77,White Mulberry Dual Monitor Stand | Monitor Stand for Table | Height Adjustable Freestanding Desk Mount for 17–27 Inch Screens | 10Kg Load | VESA 75x75 & 100x100 | Black - Dual Screen,NewItem,,No,,Yes,0,0,0,0,0,,0,0,0,0,0,0,
FBA79615,X0026L2I9P,B0DP2Z5DQ9,"White Mulberry 10-Step Height Adjustable Single Screen Monitor Stand for 17-32 Inch Monitor, 8 kg Load, VESA 75x75/100x100, DIY Installation (Black)",NewItem,,No,,Yes,0,0,0,0,0,,0,0,0,0,0,0,
FBA79616,X0026L7D45,B0DP3194QN,White Mulberry Monitor Arm | Mechanical Spring Desk Mount for 17–45 Inch Single Screen | 16Kg Capacity | VESA 75x75 & 100x100 | Adjustable Monitor Arm Desk Mount,NewItem,,No,,Yes,0,0,0,0,0,,0,0,0,0,0,0,
FBA79617,X0026L3PVZ,B0DP32F346,White Mulberry Monitor Arm | Wooden Metal Single Screen Desk Mount for 15-32 Inch Monitors | Monitor Arm Desk Mount | Gas Spring Adjustable Arms | 9Kg Capacity | VESA 75x75 & 100x100,NewItem,,No,,Yes,0,0,0,0,0,,0,0,0,0,0,0,
FBA79658,X0026ZHXR3,B0DQ1PKNSP,"White Mulberry Manual Height Adjustable Table for Office Work | 120×60 cm Ergonomic Sit Stand Desk for Office Work & Study Multi-Purpose Standing Desk with 80 Kg Load Capacity, White, 3 Year Warranty",NewItem,,No,,Yes,4,0,4,0,4,,0,0,0,0,0,0,
FBA79659,X0026ZDA2F,B0DQ1NV8D2,"White Mulberry Manual Height Adjustable Table for Office Work | 120×60 cm Ergonomic Sit Stand Desk for Office Work & Study Multi-Purpose Standing Desk with 80 Kg Load Capacity, Black, 3 Year Warranty",NewItem,,No,,Yes,1,0,1,0,1,,0,0,0,0,0,0,
FBA79660,X0026ZWJHR,B0DQ4ZK2WQ,White Mulberry |120X60CM Table Top|Motorized Sit Stand Desk|Multi-Purpose Electric Height Adjustable Ergonomic Desk - Office Work study Table|3 Year Warranty|Digital screen Advance Memory Preset-Brown,NewItem,,No,,Yes,0,0,0,0,0,,0,0,0,0,0,0,
FBA79661,X00270AWN9,B0DQ51R95T,White Mulberry |120X60CM Table Top|Motorized Sit Stand Desk|Multi-Purpose Electric Height Adjustable Ergonomic Desk - Office Work study Table|3 Year Warranty|Digital screen Advance Memory Preset-Black,NewItem,,No,,Yes,1,0,1,0,1,,0,0,0,0,0,0,
FBA79662,X00270AW07,B0DQ4YWSMC,White Mulberry Height Adjustable Table For Office Work | Electric Standing Desk 120x60cm White | Motorized Sit Stand Desk With Digital Screen & Memory Presets | White Ergonomic Home Office Workstation,NewItem,,No,,Yes,4,0,4,0,4,,0,0,0,1,0,0,
FBA79663,X00274RP5N,B0DQPFL835,White Mulberry L-Shape Corner Desk |DIY Assembly| Monitor Raising Shelf & Headphone Holder| Engineered Wood & Sturdy Steel Leg|Perfect for Office Home Gaming Study Desk|L(130+130)*45*77cm|Carbon Fibre,NewItem,,No,,Yes,0,0,0,0,0,,0,0,0,0,0,0,
FBA79664,X002751995,B0DQPKMRN1,White Mulberry L-Shape Corner Desk |DIY Assembly| Monitor Raising Shelf & Headphone Holder| Engineered Wood & Sturdy Steel Leg|Perfect for Office Home Gaming Study Desk|L(130+130)*45 * 77cm|Black,NewItem,,No,,Yes,0,0,0,0,0,,0,0,0,0,0,0,
FBA79665,X0027534RZ,B0DQPGZWPF,White Mulberry L-Shape Corner Desk |DIY Assembly| Monitor Raising Shelf & Headphone Holder| Engineered Wood & Sturdy Steel Leg|Perfect for Office Home Gaming Study Desk|L(130+130)*45 * 77cm|White,NewItem,,No,,Yes,0,0,0,0,0,,0,0,0,0,0,0,
FBA79666,X002753DD5,B0DQPG9FSN,White Mulberry L-Shape Corner Desk |DIY Assembly| Monitor Raising Shelf & Headphone Holder| Engineered Wood & Sturdy Steel Leg|Perfect for Office Home Gaming Study Desk|L(130+130)*45*77cm|Industrial,NewItem,,No,,Yes,0,0,0,0,0,,0,0,0,0,0,0,
FBA79667,X0027512Z1,B0DQPK7MFH,White Mulberry L-Shape Corner Desk with Shelf|DIY Assembly| Monitor Raising Shelf |Engineered Wood & Sturdy Steel Leg|Perfect for Computer Table Office Home Gaming Study Desk|L(130+130)*45*77cm|White,NewItem,,No,,Yes,1,0,1,0,1,,0,0,0,0,0,0,
FBA79668,X002753DUN,B0CPT2YJX2,White Mulberry L-Shape Corner Desk with Shelf|DIY Assembly| Monitor Raising Shelf |Engineered Wood & Sturdy Steel Leg|Perfect for Computer Table Office Home Gaming Study Desk|L(130+130)*45*77cm|Black,NewItem,,No,,Yes,0,0,0,0,0,,0,0,0,0,0,0,
FBA79669,X002753CKJ,B0DQPLMQQ7,White Mulberry L-Shape Corner Desk with Shelf|DIY Assembly| Monitor Raising Shelf | Engineered Wood & Sturdy Steel Leg|Perfect for Computer Table Office Home Gaming Study Desk|L(130+130)*45 * 77cm|CF,NewItem,,No,,Yes,1,0,1,0,1,,0,0,0,0,0,0,
FBA79670,X0027514Z9,B0DQPGLK2T,White Mulberry L-Shape Corner Desk with Shelf|DIY Assembly| Monitor Raising Shelf | Engineered Wood & Sturdy Steel Leg|Perfect for Computer Table Office Home Gaming Study Desk|L(130+130)*45*77cm|Grey,NewItem,,No,,Yes,0,0,0,0,0,,0,0,0,0,0,0,
FBA79686,X002LFE2E5,B0DV94R4QD,"NexLev Massager Gun For Pain Relief | 4 Head Deep Tissue Body Massage Gun For Pain Relief For Men & Women- 6 Speed Modes | Handheld Battery Powered Massager for Neck, Shoulder, Back, Foot- MGS-02",NewItem,,No,,Yes,0,0,0,0,0,,0,0,0,0,0,0,
FBA79784,X002CW2DH5,B0FHQQRYYZ,White Mulberry - POS Stand - POS2M - PMM-02SD,NewItem,,No,,Yes,0,0,0,0,0,,0,0,0,0,0,0,
FBA79785,X002CWFGJ7,B0FHVZWN79,White Mulberry - POS Stand - POS2MK - PMM-02L,NewItem,,No,,Yes,0,0,0,0,0,,0,0,0,0,0,0,
FBA79786,X002CW0G6F,B0FHQS8XLS,White Mulberry - POS Stand - POSS-01 - PTS-05,NewItem,,No,,Yes,0,0,0,0,0,,0,0,0,0,0,0,
FBA79787,X002CWJW6Z,B0FHVTDN22,White Mulberry - TV Wall Mount - TVCF1ML - KL36-22T,NewItem,,No,,Yes,0,0,0,0,0,,0,0,0,0,0,0,
FBA79788,X002CWIR39,B0FHVXBH88,White Mulberry - TV Wall Mount - TVCT1ML - KL36-22F,NewItem,,No,,Yes,0,0,0,0,0,,0,0,0,0,0,0,
FBA79789,X002CWJ0FN,B0FHVYCZPP,White Mulberry - TV Wall Mount - TVMF1ML - KL36-44F,NewItem,,No,,Yes,0,0,0,0,0,,0,0,0,0,0,0,
FBA79790,X002CWHX4N,B0FHVWHQHR,"White Mulberry Fixed TV Wall Mount Bracket for 37–86 Inch LED, LCD & Curved TVs | Heavy Duty Steel Frame, 45kg Max Load, VESA 50x50 to 600x400mm Max, Built-in Bubble Level, 1 Year Warranty",NewItem,,No,,Yes,0,0,0,0,0,,0,0,0,0,0,0,
FBA79791,X002CVZF35,B0FHQLZCTR,White Mulberry - TV Wall Mount - TVFM1ML - LPA81-443,NewItem,,No,,Yes,0,0,0,0,0,,0,0,0,0,0,0,
FBA79792,X002CW2F9V,B0FHQPZSP3,White Mulberry - Heavy Duty Pole - HDMSP1ML - LDT84-C012P,NewItem,,No,,Yes,0,0,0,0,0,,0,0,0,0,0,0,
FBA79793,X002CW481T,B0FHQP7V6Q,White Mulberry - Heavy Duty Gas Spring - HDGS1ML - LDT92-C012,NewItem,,No,,Yes,0,0,0,0,0,,0,0,0,0,0,0,
FBAA75444,X001LK55W9,B0B65XBXKY,"White Mulberry Under-Bed Storage Cart with Wheels|Metal Wire Frame|Store Bedding, Clothes, Toys, Shoes, Other Household Items | Strong & Durable | No Tools Assembly|White| 64 * 63 * 17cm, Rectangular",NewItem,,No,,Yes,0,0,0,0,0,,0,0,0,0,0,0,
FBAA75445,X001LKNL2F,B0B68B17RT,"White Mulberry Collapsible Wardrobe Closet|Hanging Rack for Clothes|Non Woven Fabric Cover|See-Through Window,Easy Access Zipper,Metal Frame|Foldable Wadrobe|Clothes Organiser|White,162.6 Centimeters",NewItem,,No,,Yes,0,0,0,0,0,,0,0,0,0,0,0,
FBAA75446,X001LKPVV9,B0B689CVJW,White Mulberry Collapsible Wardrobe Closet with Hanging Rack for Clothes | Non Woven Fabric Cover | Easy Access Zipper | Metal Frame | Foldable Wadrobe | Clothes Organiser | Blue | 92 * 51 * 163cm,NewItem,,No,,Yes,0,0,0,0,0,,0,0,0,0,0,0,
FBAA75447,X001LKP1EL,B0B688NL1N,"White Mulberry 2-Level Garment Rack | Adjustable Height, Expandable Rods, Moving Wheels | Metal Frame | Clothes Rail | Bedroom, Laundry Services, Showroom, Botique Clothes Stand | 92 * 51 * 158cm",NewItem,,No,,Yes,0,0,0,0,0,,0,0,0,0,0,0,
FBAA75448,X001LKPO93,B0B68BJCL5,"White Mulberry Collapsible Wardrobe Closet | 6 Wire Shelves & 2-Hanging Racks | Non Woven Fabric Cover | Easy Access Zipper, Metal Frame | Foldable Wadrobe | Clothes Organiser | Grey | 115*50*173cm",NewItem,,No,,Yes,0,0,0,0,0,,0,0,0,0,0,0,
FBAA75449,X001LKQAYB,B0B68DWHMR,"White Mulberry 4 Tier Organizer Shelf Tower | Silver Epoxy Coated Steel Frame | Store Clothes, Shoes, Other Household & Office Items | Strong & Durable | DIY No Tool Assembly | Black | 80*50*137cm",NewItem,,No,,Yes,0,0,0,0,0,,0,0,0,0,0,0,
FBAA75450,X001LKUA0L,B0B68FKVC1,"White Mulberry Collapsible Wardrobe Closet | Hanging Clothes Rack | Non Woven Fabric | See-Through Window Easy Access Zipper, Metal Frame | Foldable Wadrobe, Clothes Organiser | White | 92*51*163cm",NewItem,,No,,Yes,0,0,0,0,0,,0,0,0,0,0,0,
FBAA75451,X001LKQVH7,B0B68HQVXW,"White Mulberry 6 Tier Over The Door Shoe Rack | 18 Pairs Storage Capacity | Hang it or Wall-Mount | Strong & Durable | Metal Frame | Store Shoes, Sandals, High Heels, Wedges | White | 57 * 13 * 160cm",NewItem,,No,,Yes,0,0,0,0,0,,0,0,0,0,0,0,
FBAA75452,X001LKQRU3,B0B68DCXS5,"White Mulberry Stacking Shelf with Basket | 90kg Shelf Capacity | Adjustable Levelling Feet, Chromed Steel Frame | Store Clothes, Shoes, Other Household & Office Items | No Tools Assembly | Chrome |",NewItem,,No,,Yes,0,0,0,0,0,,0,0,0,0,0,0,
FBAA75453,X001LKSUAN,B0B68GMXR9,"White Mulberry 8 Tier Shoe Rack | 40 Pairs Storage Capacity | Strong & Durable Non-Slip Racks | Heavy-Duty Metal Frame to Store Shoes, Sandals, High Heels & Wedges | Silver & Black | 90 * 23 * 127cm",NewItem,,No,,Yes,0,0,0,0,0,,0,0,0,0,0,0,
FBAA75454,X001LQH70V,B0B6ZP6XK7,"White Mulberry 3 Tier Shelf Rack | Steel Frame | Stores Clothes, Shoes, Other Household & Office Items | Strong & Durable, 90kg Capacity per Shelf | DIY No Tool Assembly | Black Chrome | 59*33*76cm",NewItem,,No,,Yes,0,0,0,0,0,,0,0,0,0,0,0,
FBI76419,X001P8SYCF,B07MH7L6G8,"Coleshome Computer Desk 47"" Modern Sturdy Office Desk Study Writing Desk For Home Office, Black",NewItem,,No,,Yes,1,0,1,0,1,,0,0,0,0,0,0,
FBI79612,X0026LAN51,B0DP2WC5VW,White Mulberry |DIY| Wall Mounted Monitor Stand Mount | Supports 15-32 Inch Screens| 9 Kg Screen Load | VESA 75X75 & 100X100 | Spring Assisted Wall Mounted Monitor Mount | Black - (Single Screen),NewItem,,No,,Yes,0,0,0,0,0,,0,0,0,0,0,0,
FBI79613,X0026LAFJZ,B0DP2VVRND,White Mulberry Monitor Stand for Table | Freestanding Height Adjustable Moniter Stand Black Monitor Mount for 17-32 Inch Screens |10kg Load | VESA 75x75/100x100 |,NewItem,,No,,Yes,0,0,0,0,0,,0,0,0,0,0,0,
FBI79614,X0026L025H,B0DP313R77,White Mulberry Dual Monitor Stand | Monitor Stand for Table | Height Adjustable Freestanding Desk Mount for 17–27 Inch Screens | 10Kg Load | VESA 75x75 & 100x100 | Black - Dual Screen,NewItem,,No,,Yes,0,0,0,0,0,,0,0,0,0,0,0,
FBI79615,X0026LBA0N,B0DP2Z5DQ9,"White Mulberry 10-Step Height Adjustable Single Screen Monitor Stand for 17-32 Inch Monitor, 8 kg Load, VESA 75x75/100x100, DIY Installation (Black)",NewItem,,No,,Yes,0,0,0,0,0,,0,0,0,0,0,0,
FBI79616,X0026LAG4T,B0DP3194QN,White Mulberry Monitor Arm | Mechanical Spring Desk Mount for 17–45 Inch Single Screen | 16Kg Capacity | VESA 75x75 & 100x100 | Adjustable Monitor Arm Desk Mount,NewItem,,No,,Yes,0,0,0,0,0,,0,0,0,0,0,0,
FBI79617,X0026LG8SR,B0DP32F346,White Mulberry Monitor Arm | Wooden Metal Single Screen Desk Mount for 15-32 Inch Monitors | Monitor Arm Desk Mount | Gas Spring Adjustable Arms | 9Kg Capacity | VESA 75x75 & 100x100,NewItem,,No,,Yes,0,0,0,0,0,,0,0,0,0,0,0,
FBK76387,X00242V9DH,B0BF4S7V8C,"White Mulberry Alloy Steel Manual Height Adjustable Desk | Ergonomic Design | Ecofriendly Desk | Sit Stand Desk for Office, Home & Study Table| 1200Mm X 600Mm | White",NewItem,,No,,Yes,0,0,0,0,0,,0,0,0,0,0,0,
FBK76764,X00242TZTH,B0BMV1WPHL,"White Mulberry Ergonomic Sit Stand Desk | Standing Desk for Office, Home & Study | Everyday Ergonomic Desk | 1200mm x 600mm | Carbon Fibre",NewItem,,No,,Yes,1,0,1,0,1,,0,0,0,0,0,0,
FBK79406,X002FOHNS9,B0DCK3N2JJ,NexLev Cordless Hair Straightener | Ionic Keratin Bristles Hair Straightener Brush for Woman | Up to 200°C Heating | 60 Min Runtime | Type-C Rechargeable Portable Styling Comb for Frizz Control,NewItem,,No,,Yes,0,0,0,0,0,,0,0,0,0,0,0,
FBK79784,X002DUP5FX,B0FN4FHH5Y,"White Mulberry Dual Screen POS Machine Stand for 17""-32"" Monitors(9kg) w/Card Reader, Printer & Barcode Scanner Holders| VESA 75x75/100x100 Compatible| Adjustable Tilt, Swivel & Rotation| Grommet Base",NewItem,,No,,Yes,0,0,0,0,0,,0,0,0,0,0,0,
FBK79785,X002DU1HVT,B0FN4HDBN5,"White Mulberry Single Screen POS Machine Stand w/Keyboard Tray, Card Reader, Printer, Barcode Scanner Holder| Fits 17""-32"" Monitors (9kg), VESA 75x75/100x100| Height Adjustable Pole, Cable Management",NewItem,,No,,Yes,0,0,0,0,0,,0,0,0,0,0,0,
FBK79786,X002DUDWO9,B0FN4FPJ83,"White Mulberry POS Machine Stand Universal Credit Card Machine Stand – 360° Swivel & +45°/-45° Tilt |Fits 2.8""-4.3"" Devices, 6.5"" Panel Size| Heavy-Duty Steel & Bolt-Down Mount with Cable Management",NewItem,,No,,Yes,0,0,0,0,0,,0,0,0,0,0,0,
FBK79787,X002DULI3B,B0FN4GQ9HT,"White Mulberry Tilt TV Wall Mount Bracket for 13–43 Inch Flat Screen TVs, Low Profile Slim Design, Heavy-Duty Steel, VESA 75x75 to 200x200, Supports up to 99 lbs (45kg), Built-in Bubble Level",NewItem,,No,,Yes,0,0,0,0,0,,0,0,0,0,0,0,
FBK79788,X002DUOX8X,B0FN4D3C89,"White Mulberry Economy Fixed TV Wall Mount Bracket for 13-43 Inches |45kg|LED/LCD/Smart TV's, Universal VESA Compatible 75x75,200x200 mm MAX Slim Wall Mount Stand",NewItem,,No,,Yes,0,0,0,0,0,,0,0,0,0,0,0,
FBK79789,X002DUOG8Z,B0FN4DSQ6P,"White Mulberry Premium Economy Fixed TV Wall Mount Bracket for 32-65 Inches |45kg| LED/LCD/OLED/Smart & Curved TV's, VESA 50x50, 400x400 MAX, Slim Wall Stand",NewItem,,No,,Yes,0,0,0,0,0,,0,0,0,0,0,0,
FBK79790,X002DUPQS9,B0FN4GJ9S1,"White Mulberry Fixed TV Wall Mount Bracket for 37–86 Inch LED, LCD & Curved TVs | Heavy Duty Steel Frame, 45kg Max Load, VESA 50x50 to 600x400mm Max, Built-in Bubble Level, 1 Year Warranty",NewItem,,No,,Yes,0,0,0,0,0,,0,0,0,0,0,0,
FBK79791,X002DULJ71,B0FN4HDM6Z,"White Mulberry Premium Full Motion TV Wall Mount Bracket for 23-65Inch |35kg| LED/LCD/OLED/Smart & Curved TV’s, Universal Heavy Duty Wall Mount Stand with Swivel, Tilt",NewItem,,No,,Yes,0,0,0,0,0,,0,0,0,0,0,0,
FBK79792,X002DU1FQB,B0FN4JG97R,"White Mulberry Single Screen Pole Mounted Heavy-Duty Mechanical Spring Monitor Arm for 17-40 Inch |2-22kgs| Flat & Curved Screens, Universal Desk Mount with Swivel, Tilt, Rotation",NewItem,,No,,Yes,0,0,0,0,0,,0,0,0,0,0,0,
FBK79793,X002DVVFY7,B0FN81FD8M,"White Mulberry Premium Heavy-Duty Gas Spring Monitor Arm for 24-57Inch Flat & Curved Screens| Height Adjustable |27Kg|VESA 75x75, 200x200mm Single Screen Mount with Swivel, Tilt, Rotation",NewItem,,No,,Yes,0,0,0,0,0,,0,0,0,0,0,0,
FBKK79791,X002FX2Q9B,B0FZB3KB9S,"White Mulberry Premium Full Motion TV Wall Mount Bracket for 23-65Inch |35kg| LED/LCD/OLED/Smart & Curved TV’s, Universal Heavy Duty Wall Mount Stand with Swivel, Tilt",NewItem,,No,,Yes,0,0,0,0,0,,0,0,0,0,0,0,
FBKM79784,X002GA2HK1,B0FN4FHH5Y,"White Mulberry Dual Screen POS Machine Stand for 17""-32"" Monitors(9kg) w/Card Reader, Printer & Barcode Scanner Holders| VESA 75x75/100x100 Compatible| Adjustable Tilt, Swivel & Rotation| Grommet Base",NewItem,,No,,Yes,0,0,0,0,0,,0,0,0,0,0,0,
FBM76384,X001OD3LYH,B0BF4VWQXG,"White Mulberry Desk Converter with Keyboard Tray | Sit-Stand Desk Riser | Height Adjustable | Standing Desk Converter | Suitable for Office, Workstation Or Home | Black | 80 * 40* H(11-51) cm (Mdf)",NewItem,,No,,Yes,0,0,0,0,0,,0,0,0,0,0,0,
FBM76408,X001SFS8FD,B0BFBLLZJG,"White Mulberry 36 Pair Over The Door Shoe Rack | Hang & Wall-Mount | Strong & Durable White Resin Frame | Metal Tubes | Store Shoes, Sandals, High Heels & Wedges | White - Style 2 | 57 * 19 * 182cm",NewItem,,No,,Yes,0,0,0,0,0,,0,0,0,0,0,0,
FBM76415,X001XA1CT7,B0BFWD6SNF,"White Mulberry L Shaped Computer Table | Spacious Study Table for Home with Monitor Raising Shelf, Engineered Wood Top & Steel Legs for Home, Office, Gaming & Study, Carbon Fiber (130+130)*45 * 77cm",NewItem,,No,,Yes,0,0,0,0,0,,0,0,0,0,0,0,
FBM76417,X001ONYIWV,B0BFVMDJ2K,White Mulberry L-Shape Corner Desk |DIY Assembly| Monitor Raising Shelf | Engineered Wood & Sturdy Steel Leg|Perfect for Office Home Gaming Study Desk Computer Table|L(130+130)*45 * 77cm|White,NewItem,,No,,Yes,0,0,0,0,0,,0,0,0,0,0,0,
FBM76858,X001SYB2NJ,B0BNDYQ5ZR,"White Mulberry 4 Tier Shelf Organiser | Steel Frame to Store Clothes Shoes, Bedding, Other Household & Office Items | Strong & Durable | No Tools Assembly | White | 60 * 30 * 60cm",NewItem,,No,,Yes,0,0,0,0,0,,0,0,0,0,0,0,
FBM77168,X001SYGQQR,B0C2ZKC3ZN,White Mulberry Manual Handle for Sit Stand Desk,NewItem,,No,,Yes,0,0,0,0,0,,0,0,0,0,0,0,
FBM79166,X002CW3SHJ,B0CPFP9ZL4,White Mulberry L-Shape Corner Desk with Shelf|DIY Assembly| Monitor Raising Shelf | Engineered Wood & Sturdy Steel Leg|Perfect for Computer Table Office Home Gaming Study Desk|L(130+130)*45 * 77cm|CF,NewItem,,No,,Yes,0,0,0,0,0,,0,0,0,0,0,0,
