PO,Order date,Last updated,PO Status,Confirmation Status,Ship-to location,ASIN,SKU,Model,Brand,Accepted quantity,Received quantity,Remaining quantity,Cancelled quantity,Cost,Currency,Total accepted cost,Total remaining cost,Receive Status
8X7GXGGS,2026-04-06T01:22:49Z,2026-06-04T14:35:28Z,CLOSED,ACCEPTED,ISK3,B0B4DS678Q,FBA75676,AM-C4,Audio Array,1,0,1,0,1548.9,INR,1548.9,1548.9,NOT_RECEIVED
8X7GXGGS,2026-04-06T01:22:49Z,2026-06-04T14:35:28Z,CLOSED,ACCEPTED,ISK3,B0B4G8PH2P,FBA75678,AA-01,Audio Array,5,1,4,0,1467.58,INR,7337.9,5870.32,RECEIVED
8X7GXGGS,2026-04-06T01:22:49Z,2026-06-04T14:35:28Z,CLOSED,ACCEPTED,ISK3,B0BQ7H7418,FBA76597,AA-06,Audio Array,1,0,1,0,933.69,INR,933.69,933.69,NOT_RECEIVED
8X7GXGGS,2026-04-06T01:22:49Z,2026-06-04T14:35:28Z,CLOSED,ACCEPTED,ISK3,B0CBC7QMNV,FBA78925,AM-C11X,Audio Array,1,0,1,0,2726,INR,2726.0,2726.0,NOT_RECEIVED
8X7GXGGS,2026-04-06T01:22:49Z,2026-06-04T14:35:28Z,CLOSED,ACCEPTED,ISK3,B0B4G59Y8W,FBA75689,AM-W13,Audio Array,4,0,4,0,1616.28,INR,6465.12,6465.12,NOT_RECEIVED
8X7GXGGS,2026-04-06T01:22:49Z,2026-06-04T14:35:28Z,CLOSED,ACCEPTED,ISK3,B0D3Q2T5XX,FBA79356,AA-19WL,Audio Array,3,0,3,0,3202.75,INR,9608.25,9608.25,NOT_RECEIVED
8X7GXGGS,2026-04-06T01:22:49Z,2026-06-04T14:35:28Z,CLOSED,ACCEPTED,ISK3,B0G53M9258,FBA79968,AI-14,Audio Array,12,3,9,0,4893.37,INR,58720.44,44040.33,RECEIVED
8X7GXGGS,2026-04-06T01:22:49Z,2026-06-04T14:35:28Z,CLOSED,ACCEPTED,ISK3,B0FF9R3GKK,FBA79783,AM-C47,Audio Array,1,0,1,0,2222.63,INR,2222.63,2222.63,NOT_RECEIVED
8VGMXDVE,2026-03-16T01:49:53Z,2026-04-17T14:42:10Z,CLOSED,ACCEPTED,ISK3,B0FF9R3GKK,FBA79783,AM-C47,Audio Array,1,0,1,0,2222.63,INR,2222.63,2222.63,NOT_RECEIVED
8VGMXDVE,2026-03-16T01:49:53Z,2026-04-17T14:42:10Z,CLOSED,ACCEPTED,ISK3,B0FG88HVQ8,FBA79813,AH-50,Audio Array,18,0,18,0,1481.53,INR,26667.54,26667.54,NOT_RECEIVED
8USCL51J,2026-05-25T01:27:24Z,2026-05-25T14:22:30Z,OPEN,ACCEPTED,ISK3,B0CF5TCQKL,FBA78975,AA-21,Audio Array,20,0,20,0,2478.18,INR,49563.6,49563.6,NOT_RECEIVED
8UQTPT3B,2026-05-11T02:47:55Z,2026-06-13T14:35:05Z,CLOSED,ACCEPTED,ISK3,B0CM6WH4ZT,FBA79105,AI-12,Audio Array,2,0,2,0,1023.09,INR,2046.18,2046.18,NOT_RECEIVED
8UA61YIM,2026-06-01T01:25:50Z,2026-06-02T09:32:34Z,OPEN,ACCEPTED,MAA4,B0GXPBHDRF,FBA80085,M6,Audio Array,7,0,7,0,5242.94,INR,36700.579999999994,36700.579999999994,NOT_RECEIVED
8P7O2OYG,2026-01-12T01:06:34Z,2026-02-14T14:36:37Z,CLOSED,ACCEPTED,ISK3,B0BLJVJ2GN,FBA76414,AA-05,Audio Array,9,3,6,0,466.52,INR,4198.68,2799.12,RECEIVED
8P7O2OYG,2026-01-12T01:06:34Z,2026-02-14T14:36:37Z,CLOSED,ACCEPTED,ISK3,B0B4G7VWXD,FBA75684,AA-04,Audio Array,10,0,10,0,1133.89,INR,11338.900000000001,11338.900000000001,NOT_RECEIVED
8OBYE66Z,2026-06-01T02:10:00Z,2026-06-02T08:01:12Z,OPEN,ACCEPTED,CCX1,B0B4G7VWXD,FBA75684,AA-04,Audio Array,5,0,5,0,1133.9,INR,5669.5,5669.5,NOT_RECEIVED
8OBYE66Z,2026-06-01T02:10:00Z,2026-06-02T08:01:12Z,OPEN,ACCEPTED,CCX1,B0FTVVLNS9,FBA79906,PB-12 (AM-C11+AA-05+AI-04+AH-60-RD),Audio Array,4,0,4,0,8808.62,INR,35234.48,35234.48,NOT_RECEIVED
8OBYE66Z,2026-06-01T02:10:00Z,2026-06-02T08:01:12Z,OPEN,ACCEPTED,CCX1,B0DT6T6N6B,FBA79694,AA-26,Audio Array,3,0,3,0,412.5,INR,1237.5,1237.5,NOT_RECEIVED
8OBYE66Z,2026-06-01T02:10:00Z,2026-06-02T08:01:12Z,OPEN,ACCEPTED,CCX1,B0B4JRQP22,FBA75679,AA-02,Audio Array,5,0,5,0,1667.8,INR,8339.0,8339.0,NOT_RECEIVED
8OBYE66Z,2026-06-01T02:10:00Z,2026-06-02T08:01:12Z,OPEN,ACCEPTED,CCX1,B0FJ2JJZL3,FBA79821,"UB-01 (AI-04, AM-S1, AA-21, AM-C2)",Audio Array,4,0,4,0,15031.08,INR,60124.32,60124.32,NOT_RECEIVED
8OBYE66Z,2026-06-01T02:10:00Z,2026-06-02T08:01:12Z,OPEN,ACCEPTED,CCX1,B0BPLZ5CGV,FBA76864,AI-04 Red,Audio Array,9,0,9,0,3495.06,INR,31455.54,31455.54,NOT_RECEIVED
8OBYE66Z,2026-06-01T02:10:00Z,2026-06-02T08:01:12Z,OPEN,ACCEPTED,CCX1,B0G53M9258,FBA79968,AI-14,Audio Array,5,0,5,0,4893.37,INR,24466.85,24466.85,NOT_RECEIVED
8NTOSI6V,2026-06-10T12:56:25Z,2026-06-11T06:50:00Z,OPEN,ACCEPTED,MAA4,B0CF5TCQKL,FBA78975,AA-21,Audio Array,40,0,40,0,2478.18,INR,99127.2,99127.2,NOT_RECEIVED
8NTOSI6V,2026-06-10T12:56:25Z,2026-06-11T06:50:00Z,OPEN,ACCEPTED,MAA4,B0CF5R3V95,FBA78973,AA-19,Audio Array,15,0,15,0,2535.38,INR,38030.700000000004,38030.700000000004,NOT_RECEIVED
8MCKACXD,2026-05-26T11:04:00Z,2026-05-26T11:30:26Z,OPEN,ACCEPTED,ISK3,B0GW96CQMG,FBA80005,T-835,Audio Array,15,0,15,0,7899.72,INR,118495.8,118495.8,NOT_RECEIVED
8MCKACXD,2026-05-26T11:04:00Z,2026-05-26T11:30:26Z,OPEN,ACCEPTED,ISK3,B0GW96SHSK,FBA80002,AM-W33 Pro,Audio Array,15,0,15,0,2516.25,INR,37743.75,37743.75,NOT_RECEIVED
8MCKACXD,2026-05-26T11:04:00Z,2026-05-26T11:30:26Z,OPEN,ACCEPTED,ISK3,B0GW92316G,FBA80004,AM-W36 Pro,Audio Array,15,0,15,0,5942.1,INR,89131.5,89131.5,NOT_RECEIVED
8MCKACXD,2026-05-26T11:04:00Z,2026-05-26T11:30:26Z,OPEN,ACCEPTED,ISK3,B0GW92TTMS,FBA80003,AM-W32 Pro,Audio Array,15,0,15,0,4124.3,INR,61864.5,61864.5,NOT_RECEIVED
8MCKACXD,2026-05-26T11:04:00Z,2026-05-26T11:30:26Z,OPEN,ACCEPTED,ISK3,B0GW8R2RYM,FBA80009,AM-C51,Audio Array,15,0,15,0,1245.72,INR,18685.8,18685.8,NOT_RECEIVED
8MCKACXD,2026-05-26T11:04:00Z,2026-05-26T11:30:26Z,OPEN,ACCEPTED,ISK3,B0GXP97CZG,FBA80084,BE-4,Audio Array,15,0,15,0,3145.49,INR,47182.35,47182.35,NOT_RECEIVED
8MCKACXD,2026-05-26T11:04:00Z,2026-05-26T11:30:26Z,OPEN,ACCEPTED,ISK3,B0GW8VBCBL,FBA79995,AM-C50,Audio Array,15,0,15,0,831.14,INR,12467.1,12467.1,NOT_RECEIVED
8MCKACXD,2026-05-26T11:04:00Z,2026-05-26T11:30:26Z,OPEN,ACCEPTED,ISK3,B0GW8ZQRFK,FBA80010,AM-C52,Audio Array,15,0,15,0,1245.72,INR,18685.8,18685.8,NOT_RECEIVED
8MCKACXD,2026-05-26T11:04:00Z,2026-05-26T11:30:26Z,OPEN,ACCEPTED,ISK3,B0GW8Z556N,FBA79996,AM-C49,Audio Array,15,0,15,0,831.14,INR,12467.1,12467.1,NOT_RECEIVED
8MCKACXD,2026-05-26T11:04:00Z,2026-05-26T11:30:26Z,OPEN,ACCEPTED,ISK3,B0GXPBHDRF,FBA80085,M6,Audio Array,15,0,15,0,5242.94,INR,78644.09999999999,78644.09999999999,NOT_RECEIVED
8LX9SLNK,2026-05-04T02:40:19Z,2026-06-03T07:18:48Z,OPEN,ACCEPTED,DEL5,B0DXFPM4N2,FBA79482,AM-S1,Audio Array,8,1,7,0,6431.5,INR,51452.0,45020.5,PARTIALLY_RECEIVED
8L8RFSAJ,2026-05-25T01:27:24Z,2026-06-16T10:03:30Z,OPEN,ACCEPTED,BLR8,B0CF5TCQKL,FBA78975,AA-21,Audio Array,8,0,8,0,2478.18,INR,19825.44,19825.44,NOT_RECEIVED
8J6IHWYZ,2026-05-25T01:56:41Z,2026-05-25T14:14:55Z,OPEN,ACCEPTED,BOM5,B0G53M9258,FBA79968,AI-14,Audio Array,1,0,1,0,4893.37,INR,4893.37,4893.37,NOT_RECEIVED
8J6IHWYZ,2026-05-25T01:56:41Z,2026-05-25T14:14:55Z,OPEN,ACCEPTED,BOM5,B0GN8RQJRG,FBA79979,AK-37-B,Audio Array,8,0,8,0,2795.91,INR,22367.28,22367.28,NOT_RECEIVED
8J6IHWYZ,2026-05-25T01:56:41Z,2026-05-25T14:14:55Z,OPEN,ACCEPTED,BOM5,B0DFMKY4TT,FBA79448,AM-W35,Audio Array,1,0,1,0,2865.83,INR,2865.83,2865.83,NOT_RECEIVED
8J6IHWYZ,2026-05-25T01:56:41Z,2026-05-25T14:14:55Z,OPEN,ACCEPTED,BOM5,B0G53H49BS,FBA79961,AI-13,Audio Array,40,0,40,0,2020.51,INR,80820.4,80820.4,NOT_RECEIVED
8J6IHWYZ,2026-05-25T01:56:41Z,2026-05-25T14:14:55Z,OPEN,ACCEPTED,BOM5,B0GN97RFPR,FBA79848,AM-S2,Audio Array,52,0,52,0,5103.11,INR,265361.72,265361.72,NOT_RECEIVED
8J6IHWYZ,2026-05-25T01:56:41Z,2026-05-25T14:14:55Z,OPEN,ACCEPTED,BOM5,B0CF5R3V95,FBA78973,AA-19,Audio Array,28,0,28,0,2535.38,INR,70990.64,70990.64,NOT_RECEIVED
8J6IHWYZ,2026-05-25T01:56:41Z,2026-05-25T14:14:55Z,OPEN,ACCEPTED,BOM5,B0B4G8ZB64,FBA75675,AM-C3,Audio Array,4,0,4,0,671.18,INR,2684.72,2684.72,NOT_RECEIVED
8J6IHWYZ,2026-05-25T01:56:41Z,2026-05-25T14:14:55Z,OPEN,ACCEPTED,BOM5,B0BPLZ5CGV,FBA76864,AI-04 Red,Audio Array,143,0,143,0,3495.06,INR,499793.58,499793.58,NOT_RECEIVED
8J6IHWYZ,2026-05-25T01:56:41Z,2026-05-25T14:14:55Z,OPEN,ACCEPTED,BOM5,B0GN8MMKY1,FBA79980,AK-37-W,Audio Array,1,0,1,0,2795.91,INR,2795.91,2795.91,NOT_RECEIVED
8J6IHWYZ,2026-05-25T01:56:41Z,2026-05-25T14:14:55Z,OPEN,ACCEPTED,BOM5,B0FJ2JJZL3,FBA79821,"UB-01 (AI-04, AM-S1, AA-21, AM-C2)",Audio Array,4,0,4,0,15031.08,INR,60124.32,60124.32,NOT_RECEIVED
8J6IHWYZ,2026-05-25T01:56:41Z,2026-05-25T14:14:55Z,OPEN,ACCEPTED,BOM5,B0FJ8TSQK1,FBA79830,GB-03 (AI-12 + AM-C43),Audio Array,2,0,2,0,2935.74,INR,5871.48,5871.48,NOT_RECEIVED
8HS2F39O,2026-06-01T01:25:50Z,2026-06-02T09:48:56Z,OPEN,ACCEPTED,DEL5,B0CF5TCQKL,FBA78975,AA-21,Audio Array,14,0,14,0,2478.18,INR,34694.52,34694.52,NOT_RECEIVED
8HS2F39O,2026-06-01T01:25:50Z,2026-06-02T09:48:56Z,OPEN,ACCEPTED,DEL5,B0GXPBHDRF,FBA80085,M6,Audio Array,2,0,2,0,5242.94,INR,10485.88,10485.88,NOT_RECEIVED
8HS2F39O,2026-06-01T01:25:50Z,2026-06-02T09:48:56Z,OPEN,ACCEPTED,DEL5,B0GXP97CZG,FBA80084,BE-4,Audio Array,1,0,1,0,3145.49,INR,3145.49,3145.49,NOT_RECEIVED
8GY7TBLH,2026-06-08T01:43:13Z,2026-06-15T16:08:34Z,OPEN,ACCEPTED,ISK3,B0FLYHJ6DK,FBK79009,AM-C41,Audio Array,2,0,2,0,1245.72,INR,2491.44,2491.44,NOT_RECEIVED
8GY7TBLH,2026-06-08T01:43:13Z,2026-06-15T16:08:34Z,OPEN,ACCEPTED,ISK3,B0D3Q2T5XX,FBA79356,AA-19WL,Audio Array,1,0,1,0,3202.75,INR,3202.75,3202.75,NOT_RECEIVED
8GY7TBLH,2026-06-08T01:43:13Z,2026-06-15T16:08:34Z,OPEN,ACCEPTED,ISK3,B0FLYJFC22,FBK79010,AM-C42,Audio Array,4,0,4,0,1784.71,INR,7138.84,7138.84,NOT_RECEIVED
8GY7TBLH,2026-06-08T01:43:13Z,2026-06-15T16:08:34Z,OPEN,ACCEPTED,ISK3,B0G53H49BS,FBA79961,AI-13,Audio Array,28,0,28,0,2020.51,INR,56574.28,56574.28,NOT_RECEIVED
8GY7TBLH,2026-06-08T01:43:13Z,2026-06-15T16:08:34Z,OPEN,ACCEPTED,ISK3,B0GXP97CZG,FBA80084,BE-4,Audio Array,7,0,7,0,3145.49,INR,22018.43,22018.43,NOT_RECEIVED
8GY7TBLH,2026-06-08T01:43:13Z,2026-06-15T16:08:34Z,OPEN,ACCEPTED,ISK3,B0FJ2DT13L,FBA79825,GB-02 (AM-C43 + AI-11),Audio Array,2,1,1,0,3005.66,INR,6011.32,3005.66,PARTIALLY_RECEIVED
8GY7TBLH,2026-06-08T01:43:13Z,2026-06-15T16:08:34Z,OPEN,ACCEPTED,ISK3,B0B4G19R58,FBA75674,AM-C2,Audio Array,3,0,3,0,2935.74,INR,8807.22,8807.22,NOT_RECEIVED
8GY7TBLH,2026-06-08T01:43:13Z,2026-06-15T16:08:34Z,OPEN,ACCEPTED,ISK3,B0B4DS678Q,FBA75676,AM-C4,Audio Array,1,0,1,0,1548.9,INR,1548.9,1548.9,NOT_RECEIVED
8GY7TBLH,2026-06-08T01:43:13Z,2026-06-15T16:08:34Z,OPEN,ACCEPTED,ISK3,B0D3LZWTHV,FBA79379,AM-C45,Audio Array,1,0,1,0,2568.69,INR,2568.69,2568.69,NOT_RECEIVED
8GY7TBLH,2026-06-08T01:43:13Z,2026-06-15T16:08:34Z,OPEN,ACCEPTED,ISK3,B0B4DPX2J2,FBA75673,AM-C1,Audio Array,746,0,746,0,1919.45,INR,1431909.7,1431909.7,NOT_RECEIVED
8GY7TBLH,2026-06-08T01:43:13Z,2026-06-15T16:08:34Z,OPEN,ACCEPTED,ISK3,B0FQJWWDVK,FBA79820,AC-3XL,Audio Array,2,0,2,0,348.94,INR,697.88,697.88,NOT_RECEIVED
8GY7TBLH,2026-06-08T01:43:13Z,2026-06-15T16:08:34Z,OPEN,ACCEPTED,ISK3,B0FJ2J6MTF,FBA79822,KB-01 (AM-W32 + AI-12),Audio Array,2,0,2,0,3984.47,INR,7968.94,7968.94,NOT_RECEIVED
8GY7TBLH,2026-06-08T01:43:13Z,2026-06-15T16:08:34Z,OPEN,ACCEPTED,ISK3,B0DT6T6N6B,FBA79694,AA-26,Audio Array,37,0,37,0,412.5,INR,15262.5,15262.5,NOT_RECEIVED
8AD5FMBT,2026-03-30T02:17:28Z,2026-05-01T14:39:45Z,CLOSED,ACCEPTED,ISK3,B0B4G1HPL5,FBA75692,AM-C11,Audio Array,5,1,4,0,3564.98,INR,17824.9,14259.92,RECEIVED
8AD5FMBT,2026-03-30T02:17:28Z,2026-05-01T14:39:45Z,CLOSED,ACCEPTED,ISK3,B0FG88HVQ8,FBA79813,AH-50,Audio Array,16,15,1,0,1481.53,INR,23704.48,1481.53,RECEIVED
87MI8CVS,2026-01-12T01:06:36Z,2026-02-14T14:37:33Z,CLOSED,ACCEPTED,ISK3,B0CH4R1V6S,FBA79016,AM-C3a,Audio Array,7,6,1,0,502.9,INR,3520.2999999999997,502.9,RECEIVED
87MI8CVS,2026-01-12T01:06:36Z,2026-02-14T14:37:33Z,CLOSED,ACCEPTED,ISK3,B0CF5R3V95,FBA78973,AA-19,Audio Array,12,11,1,0,2535.38,INR,30424.56,2535.38,RECEIVED
87MI8CVS,2026-01-12T01:06:36Z,2026-02-14T14:37:33Z,CLOSED,ACCEPTED,ISK3,B0B4DPX2J2,FBA75673,AM-C1,Audio Array,64,63,1,0,1838.6,INR,117670.4,1838.6,RECEIVED
87MI8CVS,2026-01-12T01:06:36Z,2026-02-14T14:37:33Z,CLOSED,ACCEPTED,ISK3,B0CM9HYVDM,FBA79109,AM-W18,Audio Array,34,32,2,0,872.72,INR,29672.48,1745.44,RECEIVED
863ELT1I,2026-05-11T02:47:55Z,2026-06-13T14:43:29Z,CLOSED,ACCEPTED,BOM7,B0FN7B3KWS,FBA79845,UB-02 (AM-S1 + AA-21),Audio Array,2,1,1,0,9088.28,INR,18176.56,9088.28,RECEIVED
85Z5AY7C,2026-02-09T01:06:46Z,2026-03-14T14:36:08Z,CLOSED,ACCEPTED,DEL5,B0DFMNGFTD,FBA79449,AM-W36,Audio Array,1,0,1,0,4473.88,INR,4473.88,4473.88,NOT_RECEIVED
7YR5PEFK,2026-04-18T11:18:19Z,2026-06-04T14:41:39Z,CLOSED,ACCEPTED,ISK3,B0CKHVHVQ1,FBA79005,AM-W45,Audio Array,41,40,1,0,3669.85,INR,150463.85,3669.85,RECEIVED
7YR5PEFK,2026-04-18T11:18:19Z,2026-06-04T14:41:39Z,CLOSED,ACCEPTED,ISK3,B0FQBXS6Y2,FBA79839,AH-45 BK,Audio Array,34,0,34,0,1087.07,INR,36960.38,36960.38,NOT_RECEIVED
7OYFDQVF,2026-04-13T01:55:31Z,2026-06-04T23:21:44Z,CLOSED,ACCEPTED,DEL5,B0FF9R3GKK,FBA79783,AM-C47,Audio Array,1,0,1,0,2222.63,INR,2222.63,2222.63,NOT_RECEIVED
7OGX2VNH,2026-02-16T00:58:08Z,2026-03-21T14:37:40Z,CLOSED,ACCEPTED,BOM5,B0CH4VCD6R,FBA77171,AC-6XL,Audio Array,8,0,8,0,361.65,INR,2893.2,2893.2,NOT_RECEIVED
7OGX2VNH,2026-02-16T00:58:08Z,2026-03-21T14:37:40Z,CLOSED,ACCEPTED,BOM5,B0CH4R1V6S,FBA79016,AM-C3a,Audio Array,4,0,4,0,502.9,INR,2011.6,2011.6,NOT_RECEIVED
7OGX2VNH,2026-02-16T00:58:08Z,2026-03-21T14:37:40Z,CLOSED,ACCEPTED,BOM5,B0DT6T6N6B,FBA79694,AA-26,Audio Array,16,0,16,0,333.05,INR,5328.8,5328.8,NOT_RECEIVED
7OGX2VNH,2026-02-16T00:58:08Z,2026-03-21T14:37:40Z,CLOSED,ACCEPTED,BOM5,B0CJR76Y7G,FBA79064,AA-25,Audio Array,1,0,1,0,533.26,INR,533.26,533.26,NOT_RECEIVED
7OGX2VNH,2026-02-16T00:58:08Z,2026-03-21T14:37:40Z,CLOSED,ACCEPTED,BOM5,B0FTVQQVDC,FBA79904,PB-10 (AM-C2+AI-04+AH-60-BL),Audio Array,6,0,6,0,7689.97,INR,46139.82,46139.82,NOT_RECEIVED
7OGX2VNH,2026-02-16T00:58:08Z,2026-03-21T14:37:40Z,CLOSED,ACCEPTED,BOM5,B0FQBXS6Y2,FBA79839,AH-45 BK,Audio Array,5,0,5,0,991.09,INR,4955.45,4955.45,NOT_RECEIVED
7OGX2VNH,2026-02-16T00:58:08Z,2026-03-21T14:37:40Z,CLOSED,ACCEPTED,BOM5,B0FQBX8J17,FBA79838,AH-40 SL,Audio Array,11,0,11,0,799.14,INR,8790.539999999999,8790.539999999999,NOT_RECEIVED
7OGX2VNH,2026-02-16T00:58:08Z,2026-03-21T14:37:40Z,CLOSED,ACCEPTED,BOM5,B0BPLZ5CGV,FBA76864,AI-04 Red,Audio Array,23,1,22,0,3082.56,INR,70898.88,67816.31999999999,RECEIVED
7MZKXNOD,2026-06-15T01:29:10Z,2026-06-15T14:57:54Z,OPEN,ACCEPTED,ISK3,B0CF5TCQKL,FBA78975,AA-21,Audio Array,2,0,2,0,2478.18,INR,4956.36,4956.36,NOT_RECEIVED
7CRCPUTZ,2026-06-08T01:43:30Z,2026-06-08T13:44:29Z,OPEN,ACCEPTED,CCX1,B0CM9HYVDM,FBA79109,AM-W18,Audio Array,2,0,2,0,872.73,INR,1745.46,1745.46,NOT_RECEIVED
7CRCPUTZ,2026-06-08T01:43:30Z,2026-06-08T13:44:29Z,OPEN,ACCEPTED,CCX1,B0FJ2JJZL3,FBA79821,"UB-01 (AI-04, AM-S1, AA-21, AM-C2)",Audio Array,4,0,4,0,15031.08,INR,60124.32,60124.32,NOT_RECEIVED
7CRCPUTZ,2026-06-08T01:43:30Z,2026-06-08T13:44:29Z,OPEN,ACCEPTED,CCX1,B0B4G1PXWV,FBA75680,AM-C6,Audio Array,1,0,1,0,1548.9,INR,1548.9,1548.9,NOT_RECEIVED
7CRCPUTZ,2026-06-08T01:43:30Z,2026-06-08T13:44:29Z,OPEN,ACCEPTED,CCX1,B0G3B677Z5,FBA79969,UB-03 (AM-S1 + AA-22),Audio Array,2,0,2,0,9088.28,INR,18176.56,18176.56,NOT_RECEIVED
7CRCPUTZ,2026-06-08T01:43:30Z,2026-06-08T13:44:29Z,OPEN,ACCEPTED,CCX1,B0GXP97CZG,FBA80084,BE-4,Audio Array,4,0,4,0,3145.49,INR,12581.96,12581.96,NOT_RECEIVED
7CRCPUTZ,2026-06-08T01:43:30Z,2026-06-08T13:44:29Z,OPEN,ACCEPTED,CCX1,B0BPLWW72Y,FBA76862,AM-C28,Audio Array,2,0,2,0,1070.41,INR,2140.82,2140.82,NOT_RECEIVED
7CRCPUTZ,2026-06-08T01:43:30Z,2026-06-08T13:44:29Z,OPEN,ACCEPTED,CCX1,B0GKPXQ8G3,FBA80016,AM-W22,Audio Array,1,0,1,0,2481.29,INR,2481.29,2481.29,NOT_RECEIVED
7CRCPUTZ,2026-06-08T01:43:30Z,2026-06-08T13:44:29Z,OPEN,ACCEPTED,CCX1,B0CM6NVLT9,FBA79104,AI-11,Audio Array,12,0,12,0,1087.07,INR,13044.84,13044.84,NOT_RECEIVED
7CRCPUTZ,2026-06-08T01:43:30Z,2026-06-08T13:44:29Z,OPEN,ACCEPTED,CCX1,B0FN7B3KWS,FBA79845,UB-02 (AM-S1 + AA-21),Audio Array,6,0,6,0,9088.28,INR,54529.68000000001,54529.68000000001,NOT_RECEIVED
7CRCPUTZ,2026-06-08T01:43:30Z,2026-06-08T13:44:29Z,OPEN,ACCEPTED,CCX1,B0FLYHJ6DK,FBK79009,AM-C41,Audio Array,1,0,1,0,1245.72,INR,1245.72,1245.72,NOT_RECEIVED
7CRCPUTZ,2026-06-08T01:43:30Z,2026-06-08T13:44:29Z,OPEN,ACCEPTED,CCX1,B0FTVQQVDC,FBA79904,PB-10 (AM-C2+AI-04+AH-60-BL),Audio Array,9,0,9,0,7899.72,INR,71097.48,71097.48,NOT_RECEIVED
7CRCPUTZ,2026-06-08T01:43:30Z,2026-06-08T13:44:29Z,OPEN,ACCEPTED,CCX1,B0DT6T6N6B,FBA79694,AA-26,Audio Array,3,0,3,0,412.5,INR,1237.5,1237.5,NOT_RECEIVED
7CMTWVDZ,2026-01-26T01:13:26Z,2026-02-28T14:31:56Z,CLOSED,ACCEPTED,ISK3,B0BPLWW72Y,FBA76862,AM-C28,Audio Array,2,1,1,0,1074.27,INR,2148.54,1074.27,RECEIVED
7968N2EC,2026-04-06T01:44:37Z,2026-05-09T14:37:56Z,CLOSED,ACCEPTED,DEL5,B0DXFPM4N2,FBA79482,AM-S1,Audio Array,6,5,1,0,6431.5,INR,38589.0,6431.5,RECEIVED
74TTTBRZ,2026-06-01T01:25:50Z,2026-06-02T10:21:42Z,OPEN,ACCEPTED,ISK3,B0CF5TCQKL,FBA78975,AA-21,Audio Array,36,0,36,0,2478.18,INR,89214.48,89214.48,NOT_RECEIVED
74TTTBRZ,2026-06-01T01:25:50Z,2026-06-02T10:21:42Z,OPEN,ACCEPTED,ISK3,B0GXP97CZG,FBA80084,BE-4,Audio Array,1,0,1,0,3145.49,INR,3145.49,3145.49,NOT_RECEIVED
74TTTBRZ,2026-06-01T01:25:50Z,2026-06-02T10:21:42Z,OPEN,ACCEPTED,ISK3,B0GXPBHDRF,FBA80085,M6,Audio Array,20,0,20,0,5242.94,INR,104858.79999999999,104858.79999999999,NOT_RECEIVED
73Z14D9S,2026-06-04T10:22:43Z,2026-06-04T11:38:33Z,OPEN,ACCEPTED,ISK3,B0BPLWW72Y,FBA76862,AM-C28,Audio Array,200,0,200,0,1070.41,INR,214082.00000000003,214082.00000000003,NOT_RECEIVED
73Z14D9S,2026-06-04T10:22:43Z,2026-06-04T11:38:33Z,OPEN,ACCEPTED,ISK3,B0BPLZ5CGV,FBA76864,AI-04 Red,Audio Array,300,0,300,0,3495.06,INR,1048518.0,1048518.0,NOT_RECEIVED
73Z14D9S,2026-06-04T10:22:43Z,2026-06-04T11:38:33Z,OPEN,ACCEPTED,ISK3,B0GN97RFPR,FBA79848,AM-S2,Audio Array,200,0,200,0,5103.11,INR,1020621.9999999999,1020621.9999999999,NOT_RECEIVED
72EHJCDB,2026-01-09T11:35:21Z,2026-03-12T14:30:33Z,CLOSED,ACCEPTED,ISK3,B0BLKDC4PP,FBA76722,AM-C19,Audio Array,5,0,5,0,1272.67,INR,6363.35,6363.35,NOT_RECEIVED
72EHJCDB,2026-01-09T11:35:21Z,2026-03-12T14:30:33Z,CLOSED,ACCEPTED,ISK3,B0FN7FYZM3,FBA79847,PB-09 (AM-C45 + AI-06 + AA-05),Audio Array,5,4,1,0,5592.52,INR,27962.600000000002,5592.52,RECEIVED
72EHJCDB,2026-01-09T11:35:21Z,2026-03-12T14:30:33Z,CLOSED,ACCEPTED,ISK3,B0FJ8TSQK1,FBA79830,GB-03 (AI-12 + AM-C43),Audio Array,5,4,1,0,2795.91,INR,13979.55,2795.91,RECEIVED
72EHJCDB,2026-01-09T11:35:21Z,2026-03-12T14:30:33Z,CLOSED,ACCEPTED,ISK3,B0FG88HVQ8,FBA79813,AH-50,Audio Array,200,180,20,0,1481.52,INR,296304.0,29630.4,RECEIVED
72EHJCDB,2026-01-09T11:35:21Z,2026-03-12T14:30:33Z,CLOSED,ACCEPTED,ISK3,B0FJ2J6MTF,FBA79822,KB-01 (AM-W32 + AI-12),Audio Array,5,3,2,0,3774.72,INR,18873.6,7549.44,RECEIVED
72EHJCDB,2026-01-09T11:35:21Z,2026-03-12T14:30:33Z,CLOSED,ACCEPTED,ISK3,B0B4G1HPL5,FBA75692,AM-C11,Audio Array,15,3,12,0,3634.89,INR,54523.35,43618.68,RECEIVED
72EHJCDB,2026-01-09T11:35:21Z,2026-03-12T14:30:33Z,CLOSED,ACCEPTED,ISK3,B0B4G5ZLTB,FBA75687,AM-W11,Audio Array,5,0,5,0,1885.76,INR,9428.8,9428.8,NOT_RECEIVED
72EHJCDB,2026-01-09T11:35:21Z,2026-03-12T14:30:33Z,CLOSED,ACCEPTED,ISK3,B0BLNCP74M,FBA76728,AM-C25,Audio Array,5,0,5,0,1626.38,INR,8131.900000000001,8131.900000000001,NOT_RECEIVED
72EHJCDB,2026-01-09T11:35:21Z,2026-03-12T14:30:33Z,CLOSED,ACCEPTED,ISK3,B0BLKB55BM,FBA76721,AM-C18,Audio Array,5,0,5,0,1683.64,INR,8418.2,8418.2,NOT_RECEIVED
72EHJCDB,2026-01-09T11:35:21Z,2026-03-12T14:30:33Z,CLOSED,ACCEPTED,ISK3,B0BLKCDRNB,FBA76727,AM-C24,Audio Array,5,0,5,0,1074.27,INR,5371.35,5371.35,NOT_RECEIVED
72EHJCDB,2026-01-09T11:35:21Z,2026-03-12T14:30:33Z,CLOSED,ACCEPTED,ISK3,B0FJ8Z1W81,FBA79836,PB-07 (AA-05 + AM-C45 + AI-04),Audio Array,5,4,1,0,6221.75,INR,31108.75,6221.75,RECEIVED
72EHJCDB,2026-01-09T11:35:21Z,2026-03-12T14:30:33Z,CLOSED,ACCEPTED,ISK3,B0FJ2K95XT,FBA79824,GB-01 (AM-C43 +AI-10),Audio Array,5,4,1,0,4054.38,INR,20271.9,4054.38,RECEIVED
71RF7J2M,2026-03-23T01:21:51Z,2026-04-24T14:37:12Z,CLOSED,ACCEPTED,MAA4,B0FN7B3KWS,FBA79845,UB-02 (AM-S1 + AA-21),Audio Array,2,0,2,0,9088.28,INR,18176.56,18176.56,NOT_RECEIVED
6UYV4G1W,2026-01-05T01:44:19Z,2026-02-07T14:25:52Z,CLOSED,ACCEPTED,ISK3,B0B4G8ZB64,FBA75675,AM-C3,Audio Array,14,13,1,0,604,INR,8456.0,604.0,RECEIVED
6UYV4G1W,2026-01-05T01:44:19Z,2026-02-07T14:25:52Z,CLOSED,ACCEPTED,ISK3,B0FG88HVQ8,FBA79813,AH-50,Audio Array,38,30,8,0,1481.52,INR,56297.76,11852.16,RECEIVED
6TYQH99B,2026-06-08T01:32:28Z,2026-06-08T14:10:16Z,OPEN,ACCEPTED,ISK3,B0CF5TCQKL,FBA78975,AA-21,Audio Array,12,0,12,0,2478.18,INR,29738.159999999996,29738.159999999996,NOT_RECEIVED
6NHSXCXO,2025-12-23T06:29:21Z,2026-01-14T23:57:04Z,CLOSED,ACCEPTED,BOM5,B0FJ2JJZL3,FBA79821,"UB-01 (AI-04, AM-S1, AA-21, AM-C2)",Audio Array,1,0,1,0,14331.92,INR,14331.92,14331.92,NOT_RECEIVED
6NHSXCXO,2025-12-23T06:29:21Z,2026-01-14T23:57:04Z,CLOSED,ACCEPTED,BOM5,B0FN7B3KWS,FBA79845,UB-02 (AM-S1 + AA-21),Audio Array,4,0,4,0,8948.45,INR,35793.8,35793.8,NOT_RECEIVED
6LLE2BRB,2026-03-10T12:05:09Z,2026-03-26T14:27:21Z,CLOSED,ACCEPTED,ISK3,B0FLYJFC22,FBK79010,AM-C42,Audio Array,20,5,15,0,1784.71,INR,35694.2,26770.65,RECEIVED
67BL4VBM,2026-06-10T12:56:25Z,2026-06-11T06:49:40Z,OPEN,ACCEPTED,DEL5,B0CF5R3V95,FBA78973,AA-19,Audio Array,15,0,15,0,2535.38,INR,38030.700000000004,38030.700000000004,NOT_RECEIVED
67BL4VBM,2026-06-10T12:56:25Z,2026-06-11T06:49:40Z,OPEN,ACCEPTED,DEL5,B0CF5TCQKL,FBA78975,AA-21,Audio Array,40,0,40,0,2478.18,INR,99127.2,99127.2,NOT_RECEIVED
65C9UMPH,2026-06-15T02:22:19Z,2026-06-16T05:45:41Z,OPEN,ACCEPTED,DEL5,B0GN97RFPR,FBA79848,AM-S2,Audio Array,109,0,109,0,5103.11,INR,556238.99,556238.99,NOT_RECEIVED
65C9UMPH,2026-06-15T02:22:19Z,2026-06-16T05:45:41Z,OPEN,ACCEPTED,DEL5,B0GCP1J2HC,FBA79972,M8,Audio Array,28,0,28,0,5942.1,INR,166378.80000000002,166378.80000000002,NOT_RECEIVED
65C9UMPH,2026-06-15T02:22:19Z,2026-06-16T05:45:41Z,OPEN,ACCEPTED,DEL5,B0G53PRM34,FBA79965,AM-Mix6,Audio Array,3,0,3,0,6641.25,INR,19923.75,19923.75,NOT_RECEIVED
65C9UMPH,2026-06-15T02:22:19Z,2026-06-16T05:45:41Z,OPEN,ACCEPTED,DEL5,B0BPLWW72Y,FBA76862,AM-C28,Audio Array,8,0,8,0,1070.41,INR,8563.28,8563.28,NOT_RECEIVED
65C9UMPH,2026-06-15T02:22:19Z,2026-06-16T05:45:41Z,OPEN,ACCEPTED,DEL5,B0GW92316G,FBA80004,AM-W36 Pro,Audio Array,1,0,1,0,5942.1,INR,5942.1,5942.1,NOT_RECEIVED
65C9UMPH,2026-06-15T02:22:19Z,2026-06-16T05:45:41Z,OPEN,ACCEPTED,DEL5,B0FTVV1QJY,FBA79908,PB-14 (AM-C43+AH-40-SL+AI-12),Audio Array,3,0,3,0,4054.39,INR,12163.17,12163.17,NOT_RECEIVED
64KUZHTI,2026-05-25T01:09:16Z,2026-05-25T14:26:35Z,OPEN,ACCEPTED,MAA4,B0DXFPM4N2,FBA79482,AM-S1,Audio Array,2,0,2,0,6431.5,INR,12863.0,12863.0,NOT_RECEIVED
61PZVEUG,2026-03-09T01:32:03Z,2026-04-10T14:36:08Z,CLOSED,ACCEPTED,ISK3,B0CH4VCD6R,FBA77171,AC-6XL,Audio Array,7,0,7,0,412.5,INR,2887.5,2887.5,NOT_RECEIVED
61PZVEUG,2026-03-09T01:32:03Z,2026-04-10T14:36:08Z,CLOSED,ACCEPTED,ISK3,B0B4G8ZB64,FBA75675,AM-C3,Audio Array,17,0,17,0,671.18,INR,11410.06,11410.06,NOT_RECEIVED
61PZVEUG,2026-03-09T01:32:03Z,2026-04-10T14:36:08Z,CLOSED,ACCEPTED,ISK3,B0CBCB82MT,FBA78960,AM-C39,Audio Array,2,0,2,0,1245.72,INR,2491.44,2491.44,NOT_RECEIVED
61PZVEUG,2026-03-09T01:32:03Z,2026-04-10T14:36:08Z,CLOSED,ACCEPTED,ISK3,B0FQJWWDVK,FBA79820,AC-3XL,Audio Array,1,0,1,0,348.94,INR,348.94,348.94,NOT_RECEIVED
5W7E44HK,2026-06-08T01:43:09Z,2026-06-13T10:38:32Z,OPEN,ACCEPTED,DEL5,B0CF5R3V95,FBA78973,AA-19,Audio Array,10,0,10,0,2535.38,INR,25353.800000000003,25353.800000000003,NOT_RECEIVED
5W7E44HK,2026-06-08T01:43:09Z,2026-06-13T10:38:32Z,OPEN,ACCEPTED,DEL5,B0G53M9258,FBA79968,AI-14,Audio Array,6,0,6,0,4893.37,INR,29360.22,29360.22,NOT_RECEIVED
5W7E44HK,2026-06-08T01:43:09Z,2026-06-13T10:38:32Z,OPEN,ACCEPTED,DEL5,B0FJ2J6MTF,FBA79822,KB-01 (AM-W32 + AI-12),Audio Array,2,0,2,0,3984.47,INR,7968.94,7968.94,NOT_RECEIVED
5W7E44HK,2026-06-08T01:43:09Z,2026-06-13T10:38:32Z,OPEN,ACCEPTED,DEL5,B0CM6NVLT9,FBA79104,AI-11,Audio Array,1,0,1,0,1087.07,INR,1087.07,1087.07,NOT_RECEIVED
5W7E44HK,2026-06-08T01:43:09Z,2026-06-13T10:38:32Z,OPEN,ACCEPTED,DEL5,B0G53H49BS,FBA79961,AI-13,Audio Array,24,0,24,0,2020.51,INR,48492.24,48492.24,NOT_RECEIVED
5W7E44HK,2026-06-08T01:43:09Z,2026-06-13T10:38:32Z,OPEN,ACCEPTED,DEL5,B0DFMLXD9S,FBA79447,AM-W34,Audio Array,1,0,1,0,2865.83,INR,2865.83,2865.83,NOT_RECEIVED
5W7E44HK,2026-06-08T01:43:09Z,2026-06-13T10:38:32Z,OPEN,ACCEPTED,DEL5,B0GKPXQ8G3,FBA80016,AM-W22,Audio Array,3,0,3,0,2481.29,INR,7443.87,7443.87,NOT_RECEIVED
5W7E44HK,2026-06-08T01:43:09Z,2026-06-13T10:38:32Z,OPEN,ACCEPTED,DEL5,B0DT6T6N6B,FBA79694,AA-26,Audio Array,21,0,21,0,412.5,INR,8662.5,8662.5,NOT_RECEIVED
5W7E44HK,2026-06-08T01:43:09Z,2026-06-13T10:38:32Z,OPEN,ACCEPTED,DEL5,B0GXP97CZG,FBA80084,BE-4,Audio Array,3,0,3,0,3145.49,INR,9436.47,9436.47,NOT_RECEIVED
5W7E44HK,2026-06-08T01:43:09Z,2026-06-13T10:38:32Z,OPEN,ACCEPTED,DEL5,B0FFB6YJM1,FBA79708,SB-01,Audio Array,10,0,10,0,959.11,INR,9591.1,9591.1,NOT_RECEIVED
5W7E44HK,2026-06-08T01:43:09Z,2026-06-13T10:38:32Z,OPEN,ACCEPTED,DEL5,B0FLYJFC22,FBK79010,AM-C42,Audio Array,1,0,1,0,1784.71,INR,1784.71,1784.71,NOT_RECEIVED
5W7E44HK,2026-06-08T01:43:09Z,2026-06-13T10:38:32Z,OPEN,ACCEPTED,DEL5,B0FQBWV1ST,FBA79840,AH-60-RD,Audio Array,1,0,1,0,1548.9,INR,1548.9,1548.9,NOT_RECEIVED
5W7E44HK,2026-06-08T01:43:09Z,2026-06-13T10:38:32Z,OPEN,ACCEPTED,DEL5,B0FJ8TSQK1,FBA79830,GB-03 (AI-12 + AM-C43),Audio Array,6,0,6,0,2935.74,INR,17614.44,17614.44,NOT_RECEIVED
5VXEBWDR,2026-02-16T00:58:08Z,2026-03-21T14:31:23Z,CLOSED,ACCEPTED,ISK3,B0DFMLS8JG,FBA79445,AM-W32,Audio Array,1,0,1,0,2656.08,INR,2656.08,2656.08,NOT_RECEIVED
5VXEBWDR,2026-02-16T00:58:08Z,2026-03-21T14:31:23Z,CLOSED,ACCEPTED,ISK3,B0FQBX8J17,FBA79838,AH-40 SL,Audio Array,7,0,7,0,799.14,INR,5593.98,5593.98,NOT_RECEIVED
5VXEBWDR,2026-02-16T00:58:08Z,2026-03-21T14:31:23Z,CLOSED,ACCEPTED,ISK3,B0CH4VCD6R,FBA77171,AC-6XL,Audio Array,5,0,5,0,361.65,INR,1808.25,1808.25,NOT_RECEIVED
5VXEBWDR,2026-02-16T00:58:08Z,2026-03-21T14:31:23Z,CLOSED,ACCEPTED,ISK3,B0B4G1HPL5,FBA75692,AM-C11,Audio Array,1,0,1,0,3564.98,INR,3564.98,3564.98,NOT_RECEIVED
5RAF26MC,2026-06-08T01:32:18Z,2026-06-08T14:11:32Z,OPEN,ACCEPTED,BOM5,B0CF5TCQKL,FBA78975,AA-21,Audio Array,10,0,10,0,2478.18,INR,24781.8,24781.8,NOT_RECEIVED
5PTBIDJA,2025-12-29T01:34:58Z,2026-02-01T14:24:56Z,CLOSED,ACCEPTED,ISK3,B0DN6PFWNK,FBA79655,AM-C44 Pro,Audio Array,2,0,2,0,3984.47,INR,7968.94,7968.94,NOT_RECEIVED
5KZKHE4D,2026-05-18T02:15:40Z,2026-05-18T14:15:06Z,OPEN,ACCEPTED,DEL5,B0B4KC7VBM,FBA75677,AM-C5,Audio Array,1,0,1,0,1751.02,INR,1751.02,1751.02,NOT_RECEIVED
5KZKHE4D,2026-05-18T02:15:40Z,2026-05-18T14:15:06Z,OPEN,ACCEPTED,DEL5,B0B4G7VWXD,FBA75684,AA-04,Audio Array,5,0,5,0,1133.9,INR,5669.5,5669.5,NOT_RECEIVED
5KZKHE4D,2026-05-18T02:15:40Z,2026-05-18T14:15:06Z,OPEN,ACCEPTED,DEL5,B0GN8MMKY1,FBA79980,AK-37-W,Audio Array,2,0,2,0,2795.91,INR,5591.82,5591.82,NOT_RECEIVED
5KZKHE4D,2026-05-18T02:15:40Z,2026-05-18T14:15:06Z,OPEN,ACCEPTED,DEL5,B0GN8RQJRG,FBA79979,AK-37-B,Audio Array,3,0,3,0,2795.91,INR,8387.73,8387.73,NOT_RECEIVED
5KZKHE4D,2026-05-18T02:15:40Z,2026-05-18T14:15:06Z,OPEN,ACCEPTED,DEL5,B0FTVQQVDC,FBA79904,PB-10 (AM-C2+AI-04+AH-60-BL),Audio Array,9,0,9,0,7899.72,INR,71097.48,71097.48,NOT_RECEIVED
5KZKHE4D,2026-05-18T02:15:40Z,2026-05-18T14:15:06Z,OPEN,ACCEPTED,DEL5,B0FJ8TSQK1,FBA79830,GB-03 (AI-12 + AM-C43),Audio Array,4,0,4,0,2935.74,INR,11742.96,11742.96,NOT_RECEIVED
5KZKHE4D,2026-05-18T02:15:40Z,2026-05-18T14:15:06Z,OPEN,ACCEPTED,DEL5,B0CH4RNWJX,FBA79011,AM-C43,Audio Array,1,0,1,0,1818.39,INR,1818.39,1818.39,NOT_RECEIVED
5KZKHE4D,2026-05-18T02:15:40Z,2026-05-18T14:15:06Z,OPEN,ACCEPTED,DEL5,B0G4DNF8RZ,FBA79842,AM-C48,Audio Array,9,0,9,0,2586.17,INR,23275.53,23275.53,NOT_RECEIVED
5KZKHE4D,2026-05-18T02:15:40Z,2026-05-18T14:15:06Z,OPEN,ACCEPTED,DEL5,B0D3LZWTHV,FBA79379,AM-C45,Audio Array,1,0,1,0,2568.69,INR,2568.69,2568.69,NOT_RECEIVED
5KZKHE4D,2026-05-18T02:15:40Z,2026-05-18T14:15:06Z,OPEN,ACCEPTED,DEL5,B0GN97RFPR,FBA79848,AM-S2,Audio Array,56,0,56,0,5103.11,INR,285774.16,285774.16,NOT_RECEIVED
5KZKHE4D,2026-05-18T02:15:40Z,2026-05-18T14:15:06Z,OPEN,ACCEPTED,DEL5,B0C4YSV3XL,FBA78206,AM-W15,Audio Array,1,0,1,0,5236.65,INR,5236.65,5236.65,NOT_RECEIVED
5KZKHE4D,2026-05-18T02:15:40Z,2026-05-18T14:15:06Z,OPEN,ACCEPTED,DEL5,B0B4G19R58,FBA75674,AM-C2,Audio Array,1,0,1,0,2935.74,INR,2935.74,2935.74,NOT_RECEIVED
5KZKHE4D,2026-05-18T02:15:40Z,2026-05-18T14:15:06Z,OPEN,ACCEPTED,DEL5,B0DN6PFWNK,FBA79655,AM-C44 Pro,Audio Array,4,0,4,0,3844.64,INR,15378.56,15378.56,NOT_RECEIVED
5KZKHE4D,2026-05-18T02:15:40Z,2026-05-18T14:15:06Z,OPEN,ACCEPTED,DEL5,B0BQ7H7418,FBA76597,AA-06,Audio Array,2,0,2,0,933.69,INR,1867.38,1867.38,NOT_RECEIVED
5KZKHE4D,2026-05-18T02:15:40Z,2026-05-18T14:15:06Z,OPEN,ACCEPTED,DEL5,B0FTVVLNS9,FBA79906,PB-12 (AM-C11+AA-05+AI-04+AH-60-RD),Audio Array,4,0,4,0,8808.62,INR,35234.48,35234.48,NOT_RECEIVED
5IKMV54Z,2026-05-04T03:09:50Z,2026-06-06T14:21:25Z,CLOSED,ACCEPTED,ISK3,B0B4JRQP22,FBA75679,AA-02,Audio Array,10,5,5,0,1667.8,INR,16678.0,8339.0,RECEIVED
5IKMV54Z,2026-05-04T03:09:50Z,2026-06-06T14:21:25Z,CLOSED,ACCEPTED,ISK3,B0CM6WH4ZT,FBA79105,AI-12,Audio Array,2,0,2,0,1023.09,INR,2046.18,2046.18,NOT_RECEIVED
5IKMV54Z,2026-05-04T03:09:50Z,2026-06-06T14:21:25Z,CLOSED,ACCEPTED,ISK3,B0B4G1PXWV,FBA75680,AM-C6,Audio Array,4,0,4,0,1548.9,INR,6195.6,6195.6,NOT_RECEIVED
5IKMV54Z,2026-05-04T03:09:50Z,2026-06-06T14:21:25Z,CLOSED,ACCEPTED,ISK3,B0CM9KJZWQ,FBA79106,AM-C44,Audio Array,1,0,1,0,3564.98,INR,3564.98,3564.98,NOT_RECEIVED
5FHNXHBB,2026-05-04T03:09:53Z,2026-06-06T14:23:01Z,CLOSED,ACCEPTED,ISK3,B0FQBXS6Y2,FBA79839,AH-45 BK,Audio Array,1,0,1,0,1087.07,INR,1087.07,1087.07,NOT_RECEIVED
5CUWLP9G,2026-05-04T03:09:59Z,2026-06-06T14:25:55Z,CLOSED,ACCEPTED,DEL5,B0FN7B3KWS,FBA79845,UB-02 (AM-S1 + AA-21),Audio Array,2,1,1,0,9088.28,INR,18176.56,9088.28,RECEIVED
5AX1162D,2026-06-09T12:12:51Z,2026-06-10T06:00:40Z,OPEN,ACCEPTED,BLR4,B0CH4PMR8K,FBA79009,AM-C41,Audio Array,6,0,6,0,1245.72,INR,7474.32,7474.32,NOT_RECEIVED
5AX1162D,2026-06-09T12:12:51Z,2026-06-10T06:00:40Z,OPEN,ACCEPTED,BLR4,B0G53M9258,FBA79968,AI-14,Audio Array,34,0,34,0,4893.37,INR,166374.58,166374.58,NOT_RECEIVED
5AX1162D,2026-06-09T12:12:51Z,2026-06-10T06:00:40Z,OPEN,ACCEPTED,BLR4,B0F2HYY7JF,FBA79722,AM-W21,Audio Array,6,0,6,0,2460.32,INR,14761.920000000002,14761.920000000002,NOT_RECEIVED
5AX1162D,2026-06-09T12:12:51Z,2026-06-10T06:00:40Z,OPEN,ACCEPTED,BLR4,B0GCP1J2HC,FBA79972,M8,Audio Array,21,0,21,0,5942.1,INR,124784.1,124784.1,NOT_RECEIVED
5AX1162D,2026-06-09T12:12:51Z,2026-06-10T06:00:40Z,OPEN,ACCEPTED,BLR4,B0B4KC7VBM,FBA75677,AM-C5,Audio Array,52,0,52,0,1751.02,INR,91053.04,91053.04,NOT_RECEIVED
5AX1162D,2026-06-09T12:12:51Z,2026-06-10T06:00:40Z,OPEN,ACCEPTED,BLR4,B0CH4VCD6R,FBA77171,AC-6XL,Audio Array,143,0,143,0,412.5,INR,58987.5,58987.5,NOT_RECEIVED
5AX1162D,2026-06-09T12:12:51Z,2026-06-10T06:00:40Z,OPEN,ACCEPTED,BLR4,B0GKPXQ8G3,FBA80016,AM-W22,Audio Array,6,0,6,0,2481.29,INR,14887.74,14887.74,NOT_RECEIVED
5AX1162D,2026-06-09T12:12:51Z,2026-06-10T06:00:40Z,OPEN,ACCEPTED,BLR4,B0BLJVJ2GN,FBA76414,AA-05,Audio Array,179,0,179,0,466.53,INR,83508.87,83508.87,NOT_RECEIVED
5AX1162D,2026-06-09T12:12:51Z,2026-06-10T06:00:40Z,OPEN,ACCEPTED,BLR4,B0FJ2DT13L,FBA79825,GB-02 (AM-C43 + AI-11),Audio Array,1,0,1,0,3005.66,INR,3005.66,3005.66,NOT_RECEIVED
5AX1162D,2026-06-09T12:12:51Z,2026-06-10T06:00:40Z,OPEN,ACCEPTED,BLR4,B0FQJWWDVK,FBA79820,AC-3XL,Audio Array,29,0,29,0,348.94,INR,10119.26,10119.26,NOT_RECEIVED
5AX1162D,2026-06-09T12:12:51Z,2026-06-10T06:00:40Z,OPEN,ACCEPTED,BLR4,B0D3M86SH1,FBA79355,AA-19BL,Audio Array,10,0,10,0,3202.75,INR,32027.5,32027.5,NOT_RECEIVED
5AX1162D,2026-06-09T12:12:51Z,2026-06-10T06:00:40Z,OPEN,ACCEPTED,BLR4,B0B4G763WS,FBA75688,AM-W12,Audio Array,10,0,10,0,2935.74,INR,29357.399999999998,29357.399999999998,NOT_RECEIVED
5AX1162D,2026-06-09T12:12:51Z,2026-06-10T06:00:40Z,OPEN,ACCEPTED,BLR4,B0CBCB82MT,FBA78960,AM-C39,Audio Array,34,0,34,0,1245.72,INR,42354.48,42354.48,NOT_RECEIVED
5AX1162D,2026-06-09T12:12:51Z,2026-06-10T06:00:40Z,OPEN,ACCEPTED,BLR4,B0FJ8TSQK1,FBA79830,GB-03 (AI-12 + AM-C43),Audio Array,12,0,12,0,2935.74,INR,35228.88,35228.88,NOT_RECEIVED
5AX1162D,2026-06-09T12:12:51Z,2026-06-10T06:00:40Z,OPEN,ACCEPTED,BLR4,B0DFMKY4TT,FBA79448,AM-W35,Audio Array,11,0,11,0,2865.83,INR,31524.129999999997,31524.129999999997,NOT_RECEIVED
5AX1162D,2026-06-09T12:12:51Z,2026-06-10T06:00:40Z,OPEN,ACCEPTED,BLR4,B0FF9R3GKK,FBA79783,AM-C47,Audio Array,30,0,30,0,2222.63,INR,66678.90000000001,66678.90000000001,NOT_RECEIVED
5AX1162D,2026-06-09T12:12:51Z,2026-06-10T06:00:40Z,OPEN,ACCEPTED,BLR4,B0G4DNF8RZ,FBA79842,AM-C48,Audio Array,3,0,3,0,2586.17,INR,7758.51,7758.51,NOT_RECEIVED
5AX1162D,2026-06-09T12:12:51Z,2026-06-10T06:00:40Z,OPEN,ACCEPTED,BLR4,B0DFMLS8JG,FBA79445,AM-W32,Audio Array,12,0,12,0,2865.83,INR,34389.96,34389.96,NOT_RECEIVED
5AX1162D,2026-06-09T12:12:51Z,2026-06-10T06:00:40Z,OPEN,ACCEPTED,BLR4,B0CH4T2BJD,FBA79010,AM-C42,Audio Array,4,0,4,0,1751.02,INR,7004.08,7004.08,NOT_RECEIVED
5AX1162D,2026-06-09T12:12:51Z,2026-06-10T06:00:40Z,OPEN,ACCEPTED,BLR4,B0CM9HYVDM,FBA79109,AM-W18,Audio Array,120,0,120,0,872.73,INR,104727.6,104727.6,NOT_RECEIVED
5AX1162D,2026-06-09T12:12:51Z,2026-06-10T06:00:40Z,OPEN,ACCEPTED,BLR4,B0FJ8Z1W81,FBA79836,PB-07 (AA-05 + AM-C45 + AI-04),Audio Array,5,0,5,0,6291.67,INR,31458.35,31458.35,NOT_RECEIVED
5AX1162D,2026-06-09T12:12:51Z,2026-06-10T06:00:40Z,OPEN,ACCEPTED,BLR4,B0B4G8ZB64,FBA75675,AM-C3,Audio Array,50,0,50,0,671.18,INR,33559.0,33559.0,NOT_RECEIVED
5AX1162D,2026-06-09T12:12:51Z,2026-06-10T06:00:40Z,OPEN,ACCEPTED,BLR4,B0FLYHJ6DK,FBK79009,AM-C41,Audio Array,7,0,7,0,1245.72,INR,8720.04,8720.04,NOT_RECEIVED
5AX1162D,2026-06-09T12:12:51Z,2026-06-10T06:00:40Z,OPEN,ACCEPTED,BLR4,B0G39ZHDYP,FBA79959,AM-W47 Wired,Audio Array,54,0,54,0,959.11,INR,51791.94,51791.94,NOT_RECEIVED
5AX1162D,2026-06-09T12:12:51Z,2026-06-10T06:00:40Z,OPEN,ACCEPTED,BLR4,B0FTVQQVDC,FBA79904,PB-10 (AM-C2+AI-04+AH-60-BL),Audio Array,11,0,11,0,7899.72,INR,86896.92,86896.92,NOT_RECEIVED
5AX1162D,2026-06-09T12:12:51Z,2026-06-10T06:00:40Z,OPEN,ACCEPTED,BLR4,B0G2C2RCXN,FBA79967,AM-W19,Audio Array,30,0,30,0,1481.53,INR,44445.9,44445.9,NOT_RECEIVED
5AX1162D,2026-06-09T12:12:51Z,2026-06-10T06:00:40Z,OPEN,ACCEPTED,BLR4,B0FJ8PZ9H7,FBA79833,PB-04 (AI-04 Red + AM-C44 x 2),Audio Array,4,0,4,0,10137.01,INR,40548.04,40548.04,NOT_RECEIVED
5AX1162D,2026-06-09T12:12:51Z,2026-06-10T06:00:40Z,OPEN,ACCEPTED,BLR4,B0BPM2T7BQ,FBA76863,AI-03,Audio Array,33,0,33,0,2935.74,INR,96879.42,96879.42,NOT_RECEIVED
5AX1162D,2026-06-09T12:12:51Z,2026-06-10T06:00:40Z,OPEN,ACCEPTED,BLR4,B0DT6T6N6B,FBA79694,AA-26,Audio Array,255,0,255,0,412.5,INR,105187.5,105187.5,NOT_RECEIVED
5AX1162D,2026-06-09T12:12:51Z,2026-06-10T06:00:40Z,OPEN,ACCEPTED,BLR4,B0FVM17Q4W,FBA79909,AM-W20,Audio Array,15,0,15,0,1481.53,INR,22222.95,22222.95,NOT_RECEIVED
5AX1162D,2026-06-09T12:12:51Z,2026-06-10T06:00:40Z,OPEN,ACCEPTED,BLR4,B0FLYJFC22,FBK79010,AM-C42,Audio Array,2,0,2,0,1784.71,INR,3569.42,3569.42,NOT_RECEIVED
5AX1162D,2026-06-09T12:12:51Z,2026-06-10T06:00:40Z,OPEN,ACCEPTED,BLR4,B0B4G5JG4P,FBA75691,AM-W14,Audio Array,9,0,9,0,4683.62,INR,42152.58,42152.58,NOT_RECEIVED
5AX1162D,2026-06-09T12:12:51Z,2026-06-10T06:00:40Z,OPEN,ACCEPTED,BLR4,B0FJ8T4WXM,FBA79834,PB-05 (AA-05 + AM-C11 + AI-04),Audio Array,5,0,5,0,7340.4,INR,36702.0,36702.0,NOT_RECEIVED
5AX1162D,2026-06-09T12:12:51Z,2026-06-10T06:00:40Z,OPEN,ACCEPTED,BLR4,B0FFB6YJM1,FBA79708,SB-01,Audio Array,18,0,18,0,959.11,INR,17263.98,17263.98,NOT_RECEIVED
5AX1162D,2026-06-09T12:12:51Z,2026-06-10T06:00:40Z,OPEN,ACCEPTED,BLR4,B0FQBX8J17,FBA79838,AH-40 SL,Audio Array,8,0,8,0,927.11,INR,7416.88,7416.88,NOT_RECEIVED
5AX1162D,2026-06-09T12:12:51Z,2026-06-10T06:00:40Z,OPEN,ACCEPTED,BLR4,B0B4K87PR4,FBA75690,AM-C10,Audio Array,25,0,25,0,2900.78,INR,72519.5,72519.5,NOT_RECEIVED
5AX1162D,2026-06-09T12:12:51Z,2026-06-10T06:00:40Z,OPEN,ACCEPTED,BLR4,B0B4G7VWXD,FBA75684,AA-04,Audio Array,46,0,46,0,1133.9,INR,52159.4,52159.4,NOT_RECEIVED
56YHE6GT,2026-05-18T02:15:41Z,2026-06-04T13:30:54Z,OPEN,ACCEPTED,CCX1,B0CM9KJZWQ,FBA79106,AM-C44,Audio Array,2,0,2,0,3564.98,INR,7129.96,7129.96,NOT_RECEIVED
56YHE6GT,2026-05-18T02:15:41Z,2026-06-04T13:30:54Z,OPEN,ACCEPTED,CCX1,B0CM9L1QZG,FBA79108,AM-W16,Audio Array,1,0,1,0,959.11,INR,959.11,959.11,NOT_RECEIVED
56YHE6GT,2026-05-18T02:15:41Z,2026-06-04T13:30:54Z,OPEN,ACCEPTED,CCX1,B0FJ8TSQK1,FBA79830,GB-03 (AI-12 + AM-C43),Audio Array,2,0,2,0,2935.74,INR,5871.48,5871.48,NOT_RECEIVED
56YHE6GT,2026-05-18T02:15:41Z,2026-06-04T13:30:54Z,OPEN,ACCEPTED,CCX1,B0CM6NTWBP,FBA79103,AI-10,Audio Array,4,0,4,0,2460.32,INR,9841.28,9841.28,NOT_RECEIVED
56YHE6GT,2026-05-18T02:15:41Z,2026-06-04T13:30:54Z,OPEN,ACCEPTED,CCX1,B0B4G94VP3,FBA75683,AA-03,Audio Array,9,0,9,0,333.05,INR,2997.4500000000003,2997.4500000000003,NOT_RECEIVED
56YHE6GT,2026-05-18T02:15:41Z,2026-06-04T13:30:54Z,OPEN,ACCEPTED,CCX1,B0FQBTRM28,FBA79841,AH-60-BL,Audio Array,5,0,5,0,1548.9,INR,7744.5,7744.5,NOT_RECEIVED
56YHE6GT,2026-05-18T02:15:41Z,2026-06-04T13:30:54Z,OPEN,ACCEPTED,CCX1,B0BLJVJ2GN,FBA76414,AA-05,Audio Array,15,0,15,0,466.53,INR,6997.95,6997.95,NOT_RECEIVED
56YHE6GT,2026-05-18T02:15:41Z,2026-06-04T13:30:54Z,OPEN,ACCEPTED,CCX1,B0B4K87PR4,FBA75690,AM-C10,Audio Array,1,0,1,0,2900.78,INR,2900.78,2900.78,NOT_RECEIVED
56YHE6GT,2026-05-18T02:15:41Z,2026-06-04T13:30:54Z,OPEN,ACCEPTED,CCX1,B0B4G763WS,FBA75688,AM-W12,Audio Array,1,0,1,0,2935.74,INR,2935.74,2935.74,NOT_RECEIVED
56YHE6GT,2026-05-18T02:15:41Z,2026-06-04T13:30:54Z,OPEN,ACCEPTED,CCX1,B0FQBWV1ST,FBA79840,AH-60-RD,Audio Array,6,0,6,0,1548.9,INR,9293.400000000001,9293.400000000001,NOT_RECEIVED
56YHE6GT,2026-05-18T02:15:41Z,2026-06-04T13:30:54Z,OPEN,ACCEPTED,CCX1,B0B4G59Y8W,FBA75689,AM-W13,Audio Array,1,0,1,0,1616.28,INR,1616.28,1616.28,NOT_RECEIVED
56YHE6GT,2026-05-18T02:15:41Z,2026-06-04T13:30:54Z,OPEN,ACCEPTED,CCX1,B0FJ2K95XT,FBA79824,GB-01 (AM-C43 +AI-10),Audio Array,2,0,2,0,4194.22,INR,8388.44,8388.44,NOT_RECEIVED
56YHE6GT,2026-05-18T02:15:41Z,2026-06-04T13:30:54Z,OPEN,ACCEPTED,CCX1,B0CKHVHVQ1,FBA79005,AM-W45,Audio Array,5,0,5,0,3669.85,INR,18349.25,18349.25,NOT_RECEIVED
56YHE6GT,2026-05-18T02:15:41Z,2026-06-04T13:30:54Z,OPEN,ACCEPTED,CCX1,B0FQBXS6Y2,FBA79839,AH-45 BK,Audio Array,10,0,10,0,1087.07,INR,10870.699999999999,10870.699999999999,NOT_RECEIVED
56YHE6GT,2026-05-18T02:15:41Z,2026-06-04T13:30:54Z,OPEN,ACCEPTED,CCX1,B0DFMLS8JG,FBA79445,AM-W32,Audio Array,2,0,2,0,2865.83,INR,5731.66,5731.66,NOT_RECEIVED
56YHE6GT,2026-05-18T02:15:41Z,2026-06-04T13:30:54Z,OPEN,ACCEPTED,CCX1,B0FTVQQVDC,FBA79904,PB-10 (AM-C2+AI-04+AH-60-BL),Audio Array,6,0,6,0,7899.72,INR,47398.32,47398.32,NOT_RECEIVED
56YHE6GT,2026-05-18T02:15:41Z,2026-06-04T13:30:54Z,OPEN,ACCEPTED,CCX1,B0BPM2T7BQ,FBA76863,AI-03,Audio Array,2,0,2,0,2935.74,INR,5871.48,5871.48,NOT_RECEIVED
56YHE6GT,2026-05-18T02:15:41Z,2026-06-04T13:30:54Z,OPEN,ACCEPTED,CCX1,B0FFB6YJM1,FBA79708,SB-01,Audio Array,2,0,2,0,959.11,INR,1918.22,1918.22,NOT_RECEIVED
56YHE6GT,2026-05-18T02:15:41Z,2026-06-04T13:30:54Z,OPEN,ACCEPTED,CCX1,B0D3M86SH1,FBA79355,AA-19BL,Audio Array,1,0,1,0,3202.75,INR,3202.75,3202.75,NOT_RECEIVED
56YHE6GT,2026-05-18T02:15:41Z,2026-06-04T13:30:54Z,OPEN,ACCEPTED,CCX1,B0G4DNF8RZ,FBA79842,AM-C48,Audio Array,2,0,2,0,2586.17,INR,5172.34,5172.34,NOT_RECEIVED
56YHE6GT,2026-05-18T02:15:41Z,2026-06-04T13:30:54Z,OPEN,ACCEPTED,CCX1,B0DT6T6N6B,FBA79694,AA-26,Audio Array,36,0,36,0,412.5,INR,14850.0,14850.0,NOT_RECEIVED
56YHE6GT,2026-05-18T02:15:41Z,2026-06-04T13:30:54Z,OPEN,ACCEPTED,CCX1,B0FJ2DT13L,FBA79825,GB-02 (AM-C43 + AI-11),Audio Array,2,0,2,0,3005.66,INR,6011.32,6011.32,NOT_RECEIVED
52XAIA4U,2026-02-09T01:38:05Z,2026-03-14T14:28:16Z,CLOSED,ACCEPTED,ISK3,B0B4G89VQJ,FBA75686,AM-W10,Audio Array,1,0,1,0,3215.4,INR,3215.4,3215.4,NOT_RECEIVED
52XAIA4U,2026-02-09T01:38:05Z,2026-03-14T14:28:16Z,CLOSED,ACCEPTED,ISK3,B0CKHVHVQ1,FBA79005,AM-W45,Audio Array,5,4,1,0,3669.85,INR,18349.25,3669.85,RECEIVED
51DHR16H,2026-05-11T02:10:52Z,2026-06-03T07:18:49Z,OPEN,ACCEPTED,MAA4,B0GN2LHJY4,FBA80007,MT-12,Audio Array,1,0,1,0,6641.25,INR,6641.25,6641.25,NOT_RECEIVED
51DHR16H,2026-05-11T02:10:52Z,2026-06-03T07:18:49Z,OPEN,ACCEPTED,MAA4,B0GN8RQJRG,FBA79979,AK-37-B,Audio Array,3,0,3,0,2795.91,INR,8387.73,8387.73,NOT_RECEIVED
51DHR16H,2026-05-11T02:10:52Z,2026-06-03T07:18:49Z,OPEN,ACCEPTED,MAA4,B0B4G89VQJ,FBA75686,AM-W10,Audio Array,1,0,1,0,3215.4,INR,3215.4,3215.4,NOT_RECEIVED
51DHR16H,2026-05-11T02:10:52Z,2026-06-03T07:18:49Z,OPEN,ACCEPTED,MAA4,B0G3B677Z5,FBA79969,UB-03 (AM-S1 + AA-22),Audio Array,6,0,6,0,9088.28,INR,54529.68000000001,54529.68000000001,NOT_RECEIVED
51DHR16H,2026-05-11T02:10:52Z,2026-06-03T07:18:49Z,OPEN,ACCEPTED,MAA4,B0CM6NVLT9,FBA79104,AI-11,Audio Array,2,0,2,0,1087.07,INR,2174.14,2174.14,NOT_RECEIVED
51DHR16H,2026-05-11T02:10:52Z,2026-06-03T07:18:49Z,OPEN,ACCEPTED,MAA4,B0G2C2RCXN,FBA79967,AM-W19,Audio Array,1,0,1,0,1481.53,INR,1481.53,1481.53,NOT_RECEIVED
51DHR16H,2026-05-11T02:10:52Z,2026-06-03T07:18:49Z,OPEN,ACCEPTED,MAA4,B0FN7B3KWS,FBA79845,UB-02 (AM-S1 + AA-21),Audio Array,2,0,2,0,9088.28,INR,18176.56,18176.56,NOT_RECEIVED
51DHR16H,2026-05-11T02:10:52Z,2026-06-03T07:18:49Z,OPEN,ACCEPTED,MAA4,B0CM6WH4ZT,FBA79105,AI-12,Audio Array,1,0,1,0,1023.09,INR,1023.09,1023.09,NOT_RECEIVED
4YK65VSH,2026-06-01T02:09:36Z,2026-06-14T16:23:58Z,OPEN,ACCEPTED,BOM5,B0G53H49BS,FBA79961,AI-13,Audio Array,67,0,67,0,2020.51,INR,135374.17,135374.17,NOT_RECEIVED
4YK65VSH,2026-06-01T02:09:36Z,2026-06-14T16:23:58Z,OPEN,ACCEPTED,BOM5,B0GCP1J2HC,FBA79972,M8,Audio Array,5,0,5,0,5942.1,INR,29710.5,29710.5,NOT_RECEIVED
4X8M2AFY,2026-03-02T01:08:51Z,2026-04-04T14:30:25Z,CLOSED,ACCEPTED,ISK3,B0CH4VCD6R,FBA77171,AC-6XL,Audio Array,1,0,1,0,412.5,INR,412.5,412.5,NOT_RECEIVED
4PUES2LL,2026-01-19T01:27:42Z,2026-02-21T14:23:49Z,CLOSED,ACCEPTED,ISK3,B0CM9HYVDM,FBA79109,AM-W18,Audio Array,2,1,1,0,872.72,INR,1745.44,872.72,RECEIVED
4PUES2LL,2026-01-19T01:27:42Z,2026-02-21T14:23:49Z,CLOSED,ACCEPTED,ISK3,B0BPLWW72Y,FBA76862,AM-C28,Audio Array,1,0,1,0,1074.27,INR,1074.27,1074.27,NOT_RECEIVED
4PUES2LL,2026-01-19T01:27:42Z,2026-02-21T14:23:49Z,CLOSED,ACCEPTED,ISK3,B0B4G59Y8W,FBA75689,AM-W13,Audio Array,1,0,1,0,1751.02,INR,1751.02,1751.02,NOT_RECEIVED
4PUES2LL,2026-01-19T01:27:42Z,2026-02-21T14:23:49Z,CLOSED,ACCEPTED,ISK3,B0DFMKY4TT,FBA79448,AM-W35,Audio Array,1,0,1,0,2263.05,INR,2263.05,2263.05,NOT_RECEIVED
4PUES2LL,2026-01-19T01:27:42Z,2026-02-21T14:23:49Z,CLOSED,ACCEPTED,ISK3,B0CKHVHVQ1,FBA79005,AM-W45,Audio Array,14,0,14,0,3669.85,INR,51377.9,51377.9,NOT_RECEIVED
4OJO2ZKH,2026-01-05T01:44:18Z,2026-02-07T14:32:20Z,CLOSED,ACCEPTED,ISK3,B0B4G94VP3,FBA75683,AA-03,Audio Array,4,0,4,0,333.05,INR,1332.2,1332.2,NOT_RECEIVED
4MM46PMK,2026-01-19T01:27:43Z,2026-02-21T14:25:43Z,CLOSED,ACCEPTED,ISK3,B0CKHVHVQ1,FBA79005,AM-W45,Audio Array,17,16,1,0,3669.85,INR,62387.45,3669.85,RECEIVED
4KB2NNHP,2026-03-30T02:17:26Z,2026-05-01T14:32:31Z,CLOSED,ACCEPTED,MAA4,B0FTVQQVDC,FBA79904,PB-10 (AM-C2+AI-04+AH-60-BL),Audio Array,24,0,24,0,7899.72,INR,189593.28,189593.28,NOT_RECEIVED
4KB2NNHP,2026-03-30T02:17:26Z,2026-05-01T14:32:31Z,CLOSED,ACCEPTED,MAA4,B0G53KWRVW,FBA79966,AM-Mix10,Audio Array,2,0,2,0,8389.13,INR,16778.26,16778.26,NOT_RECEIVED
4KB2NNHP,2026-03-30T02:17:26Z,2026-05-01T14:32:31Z,CLOSED,ACCEPTED,MAA4,B0B4G1HPL5,FBA75692,AM-C11,Audio Array,1,0,1,0,3564.98,INR,3564.98,3564.98,NOT_RECEIVED
4IOBGKAI,2026-06-01T02:09:41Z,2026-06-02T10:56:23Z,OPEN,ACCEPTED,ISK3,B0BQ7H7418,FBA76597,AA-06,Audio Array,19,0,19,0,933.69,INR,17740.11,17740.11,NOT_RECEIVED
4IOBGKAI,2026-06-01T02:09:41Z,2026-06-02T10:56:23Z,OPEN,ACCEPTED,ISK3,B0G39ZHDYP,FBA79959,AM-W47 Wired,Audio Array,15,0,15,0,959.11,INR,14386.65,14386.65,NOT_RECEIVED
4IOBGKAI,2026-06-01T02:09:41Z,2026-06-02T10:56:23Z,OPEN,ACCEPTED,ISK3,B0FF9R3GKK,FBA79783,AM-C47,Audio Array,1,0,1,0,2222.63,INR,2222.63,2222.63,NOT_RECEIVED
4IOBGKAI,2026-06-01T02:09:41Z,2026-06-02T10:56:23Z,OPEN,ACCEPTED,ISK3,B0CH4VCD6R,FBA77171,AC-6XL,Audio Array,22,0,22,0,412.5,INR,9075.0,9075.0,NOT_RECEIVED
4IOBGKAI,2026-06-01T02:09:41Z,2026-06-02T10:56:23Z,OPEN,ACCEPTED,ISK3,B0G53H49BS,FBA79961,AI-13,Audio Array,128,0,128,0,2020.51,INR,258625.28,258625.28,NOT_RECEIVED
4IOBGKAI,2026-06-01T02:09:41Z,2026-06-02T10:56:23Z,OPEN,ACCEPTED,ISK3,B0CH4PMR8K,FBA79009,AM-C41,Audio Array,4,0,4,0,1245.72,INR,4982.88,4982.88,NOT_RECEIVED
4IOBGKAI,2026-06-01T02:09:41Z,2026-06-02T10:56:23Z,OPEN,ACCEPTED,ISK3,B0B4G763WS,FBA75688,AM-W12,Audio Array,1,0,1,0,2935.74,INR,2935.74,2935.74,NOT_RECEIVED
4IOBGKAI,2026-06-01T02:09:41Z,2026-06-02T10:56:23Z,OPEN,ACCEPTED,ISK3,B0FG88HVQ8,FBA79813,AH-50,Audio Array,100,0,100,0,1481.53,INR,148153.0,148153.0,NOT_RECEIVED
4IOBGKAI,2026-06-01T02:09:41Z,2026-06-02T10:56:23Z,OPEN,ACCEPTED,ISK3,B0DFMLXD9S,FBA79447,AM-W34,Audio Array,1,0,1,0,2865.83,INR,2865.83,2865.83,NOT_RECEIVED
4IOBGKAI,2026-06-01T02:09:41Z,2026-06-02T10:56:23Z,OPEN,ACCEPTED,ISK3,B0G53M9258,FBA79968,AI-14,Audio Array,10,0,10,0,4893.37,INR,48933.7,48933.7,NOT_RECEIVED
4IOBGKAI,2026-06-01T02:09:41Z,2026-06-02T10:56:23Z,OPEN,ACCEPTED,ISK3,B0B4G94VP3,FBA75683,AA-03,Audio Array,9,0,9,0,333.05,INR,2997.4500000000003,2997.4500000000003,NOT_RECEIVED
4IOBGKAI,2026-06-01T02:09:41Z,2026-06-02T10:56:23Z,OPEN,ACCEPTED,ISK3,B0FJ2DT13L,FBA79825,GB-02 (AM-C43 + AI-11),Audio Array,2,0,2,0,3005.66,INR,6011.32,6011.32,NOT_RECEIVED
4IOBGKAI,2026-06-01T02:09:41Z,2026-06-02T10:56:23Z,OPEN,ACCEPTED,ISK3,B0B4DPX2J2,FBA75673,AM-C1,Audio Array,345,0,345,0,1919.45,INR,662210.25,662210.25,NOT_RECEIVED
4IOBGKAI,2026-06-01T02:09:41Z,2026-06-02T10:56:23Z,OPEN,ACCEPTED,ISK3,B0CM6NVLT9,FBA79104,AI-11,Audio Array,34,0,34,0,1087.07,INR,36960.38,36960.38,NOT_RECEIVED
4IOBGKAI,2026-06-01T02:09:41Z,2026-06-02T10:56:23Z,OPEN,ACCEPTED,ISK3,B0FJ8TSQK1,FBA79830,GB-03 (AI-12 + AM-C43),Audio Array,8,0,8,0,2935.74,INR,23485.92,23485.92,NOT_RECEIVED
4IOBGKAI,2026-06-01T02:09:41Z,2026-06-02T10:56:23Z,OPEN,ACCEPTED,ISK3,B0FQBXS6Y2,FBA79839,AH-45 BK,Audio Array,44,0,44,0,1087.07,INR,47831.079999999994,47831.079999999994,NOT_RECEIVED
4IOBGKAI,2026-06-01T02:09:41Z,2026-06-02T10:56:23Z,OPEN,ACCEPTED,ISK3,B0BLJVJ2GN,FBA76414,AA-05,Audio Array,24,0,24,0,466.53,INR,11196.72,11196.72,NOT_RECEIVED
4IOBGKAI,2026-06-01T02:09:41Z,2026-06-02T10:56:23Z,OPEN,ACCEPTED,ISK3,B0DT6T6N6B,FBA79694,AA-26,Audio Array,111,0,111,0,412.5,INR,45787.5,45787.5,NOT_RECEIVED
4IOBGKAI,2026-06-01T02:09:41Z,2026-06-02T10:56:23Z,OPEN,ACCEPTED,ISK3,B0CH4RNWJX,FBA79011,AM-C43,Audio Array,5,0,5,0,1818.39,INR,9091.95,9091.95,NOT_RECEIVED
4IOBGKAI,2026-06-01T02:09:41Z,2026-06-02T10:56:23Z,OPEN,ACCEPTED,ISK3,B0CF5SHL15,FBA78976,AA-22,Audio Array,10,0,10,0,2478.18,INR,24781.8,24781.8,NOT_RECEIVED
4IOBGKAI,2026-06-01T02:09:41Z,2026-06-02T10:56:23Z,OPEN,ACCEPTED,ISK3,B0FFB6YJM1,FBA79708,SB-01,Audio Array,25,0,25,0,959.11,INR,23977.75,23977.75,NOT_RECEIVED
4IOBGKAI,2026-06-01T02:09:41Z,2026-06-02T10:56:23Z,OPEN,ACCEPTED,ISK3,B0B4G7VWXD,FBA75684,AA-04,Audio Array,5,0,5,0,1133.9,INR,5669.5,5669.5,NOT_RECEIVED
4IOBGKAI,2026-06-01T02:09:41Z,2026-06-02T10:56:23Z,OPEN,ACCEPTED,ISK3,B0FQBX8J17,FBA79838,AH-40 SL,Audio Array,1,0,1,0,927.11,INR,927.11,927.11,NOT_RECEIVED
4IOBGKAI,2026-06-01T02:09:41Z,2026-06-02T10:56:23Z,OPEN,ACCEPTED,ISK3,B0FQBWV1ST,FBA79840,AH-60-RD,Audio Array,7,0,7,0,1548.9,INR,10842.300000000001,10842.300000000001,NOT_RECEIVED
4IOBGKAI,2026-06-01T02:09:41Z,2026-06-02T10:56:23Z,OPEN,ACCEPTED,ISK3,B0DFMQCGT1,FBA79465,AM-W21,Audio Array,1,0,1,0,2460.32,INR,2460.32,2460.32,NOT_RECEIVED
4IOBGKAI,2026-06-01T02:09:41Z,2026-06-02T10:56:23Z,OPEN,ACCEPTED,ISK3,B0B4JRQP22,FBA75679,AA-02,Audio Array,5,0,5,0,1667.8,INR,8339.0,8339.0,NOT_RECEIVED
4IOBGKAI,2026-06-01T02:09:41Z,2026-06-02T10:56:23Z,OPEN,ACCEPTED,ISK3,B0CKHVHVQ1,FBA79005,AM-W45,Audio Array,60,0,60,0,3669.85,INR,220191.0,220191.0,NOT_RECEIVED
4INCUTBD,2026-01-28T10:12:35Z,2026-02-26T14:22:52Z,CLOSED,ACCEPTED,ISK3,B0G3B152FR,FBA79960,AM-W47 Wireless,Audio Array,90,79,11,0,1481.53,INR,133337.7,16296.83,RECEIVED
4FYP3SHX,2026-05-11T02:47:57Z,2026-06-13T14:21:44Z,CLOSED,ACCEPTED,ISK3,B0BLKF46QG,FBA76723,AM-C20,Audio Array,4,0,4,0,939.91,INR,3759.64,3759.64,NOT_RECEIVED
4FYP3SHX,2026-05-11T02:47:57Z,2026-06-13T14:21:44Z,CLOSED,ACCEPTED,ISK3,B0CM9KJZWQ,FBA79106,AM-C44,Audio Array,9,8,1,0,3564.98,INR,32084.82,3564.98,RECEIVED
4FYP3SHX,2026-05-11T02:47:57Z,2026-06-13T14:21:44Z,CLOSED,ACCEPTED,ISK3,B0G2C2RCXN,FBA79967,AM-W19,Audio Array,3,0,3,0,1481.53,INR,4444.59,4444.59,NOT_RECEIVED
4FYP3SHX,2026-05-11T02:47:57Z,2026-06-13T14:21:44Z,CLOSED,ACCEPTED,ISK3,B0BPLZ5CGV,FBA76864,AI-04 Red,Audio Array,4,3,1,0,3495.06,INR,13980.24,3495.06,RECEIVED
4E4TLXUJ,2026-05-25T01:08:58Z,2026-05-25T14:27:24Z,OPEN,ACCEPTED,CCX1,B0DXFPM4N2,FBA79482,AM-S1,Audio Array,18,0,18,0,6431.5,INR,115767.0,115767.0,NOT_RECEIVED
4DQAXKSH,2026-06-15T02:39:32Z,2026-06-16T05:04:14Z,OPEN,ACCEPTED,BLR8,B0GW92316G,FBA80004,AM-W36 Pro,Audio Array,1,0,1,0,5942.1,INR,5942.1,5942.1,NOT_RECEIVED
4DQAXKSH,2026-06-15T02:39:32Z,2026-06-16T05:04:14Z,OPEN,ACCEPTED,BLR8,B0B4JRQP22,FBA75679,AA-02,Audio Array,5,0,5,0,1667.8,INR,8339.0,8339.0,NOT_RECEIVED
4C9UKW3E,2026-04-04T11:59:18Z,2026-04-23T14:28:53Z,CLOSED,ACCEPTED,ISK3,B0FVM17Q4W,FBA79909,AM-W20,Audio Array,10,0,10,0,1481.53,INR,14815.3,14815.3,NOT_RECEIVED
4C9UKW3E,2026-04-04T11:59:18Z,2026-04-23T14:28:53Z,CLOSED,ACCEPTED,ISK3,B0G2C2RCXN,FBA79967,AM-W19,Audio Array,10,0,10,0,1481.53,INR,14815.3,14815.3,NOT_RECEIVED
49YMMJBL,2026-06-08T01:43:30Z,2026-06-13T11:58:34Z,OPEN,ACCEPTED,MAA4,B0DT6T6N6B,FBA79694,AA-26,Audio Array,24,0,24,0,412.5,INR,9900.0,9900.0,NOT_RECEIVED
49YMMJBL,2026-06-08T01:43:30Z,2026-06-13T11:58:34Z,OPEN,ACCEPTED,MAA4,B0GN8RQJRG,FBA79979,AK-37-B,Audio Array,4,0,4,0,2795.91,INR,11183.64,11183.64,NOT_RECEIVED
49YMMJBL,2026-06-08T01:43:30Z,2026-06-13T11:58:34Z,OPEN,ACCEPTED,MAA4,B0FJ2DT13L,FBA79825,GB-02 (AM-C43 + AI-11),Audio Array,2,0,2,0,3005.66,INR,6011.32,6011.32,NOT_RECEIVED
49YMMJBL,2026-06-08T01:43:30Z,2026-06-13T11:58:34Z,OPEN,ACCEPTED,MAA4,B0G53M9258,FBA79968,AI-14,Audio Array,1,0,1,0,4893.37,INR,4893.37,4893.37,NOT_RECEIVED
49YMMJBL,2026-06-08T01:43:30Z,2026-06-13T11:58:34Z,OPEN,ACCEPTED,MAA4,B0GW96CQMG,FBA80005,T-835,Audio Array,1,0,1,0,7899.72,INR,7899.72,7899.72,NOT_RECEIVED
49YMMJBL,2026-06-08T01:43:30Z,2026-06-13T11:58:34Z,OPEN,ACCEPTED,MAA4,B0FG88HVQ8,FBA79813,AH-50,Audio Array,1,0,1,0,1481.53,INR,1481.53,1481.53,NOT_RECEIVED
49YMMJBL,2026-06-08T01:43:30Z,2026-06-13T11:58:34Z,OPEN,ACCEPTED,MAA4,B0GCP1J2HC,FBA79972,M8,Audio Array,7,0,7,0,5942.1,INR,41594.700000000004,41594.700000000004,NOT_RECEIVED
49YMMJBL,2026-06-08T01:43:30Z,2026-06-13T11:58:34Z,OPEN,ACCEPTED,MAA4,B0BQ7H7418,FBA76597,AA-06,Audio Array,5,0,5,0,933.69,INR,4668.450000000001,4668.450000000001,NOT_RECEIVED
49YMMJBL,2026-06-08T01:43:30Z,2026-06-13T11:58:34Z,OPEN,ACCEPTED,MAA4,B0CM9HYVDM,FBA79109,AM-W18,Audio Array,4,0,4,0,872.73,INR,3490.92,3490.92,NOT_RECEIVED
49YMMJBL,2026-06-08T01:43:30Z,2026-06-13T11:58:34Z,OPEN,ACCEPTED,MAA4,B0FLYJFC22,FBK79010,AM-C42,Audio Array,1,0,1,0,1784.71,INR,1784.71,1784.71,NOT_RECEIVED
46GHUK9B,2026-03-30T02:07:01Z,2026-05-01T14:29:06Z,CLOSED,ACCEPTED,DEL5,B0DFMQCGT1,FBA79465,AM-W21,Audio Array,1,0,1,0,2460.32,INR,2460.32,2460.32,NOT_RECEIVED
46FY8JNW,2026-02-09T01:38:05Z,2026-03-14T14:29:06Z,CLOSED,ACCEPTED,ISK3,B0FG88HVQ8,FBA79813,AH-50,Audio Array,9,4,5,0,1481.53,INR,13333.77,7407.65,RECEIVED
45Q5JK4D,2026-04-15T06:35:21Z,2026-04-30T14:28:09Z,CLOSED,ACCEPTED,ISK3,B0B4KC7VBM,FBA75677,AM-C5,Audio Array,6,4,2,0,1751.02,INR,10506.119999999999,3502.04,RECEIVED
45Q5JK4D,2026-04-15T06:35:21Z,2026-04-30T14:28:09Z,CLOSED,ACCEPTED,ISK3,B0CF5R3V95,FBA78973,AA-19,Audio Array,65,64,1,0,2535.38,INR,164799.7,2535.38,RECEIVED
45GJ2BUZ,2025-12-29T01:34:57Z,2026-02-01T14:28:22Z,CLOSED,ACCEPTED,ISK3,B0B4JRQP22,FBA75679,AA-02,Audio Array,5,3,2,0,1667.79,INR,8338.95,3335.58,RECEIVED
43IYDZQD,2026-03-30T02:07:00Z,2026-05-01T14:31:30Z,CLOSED,ACCEPTED,ISK3,B0CBCB82MT,FBA78960,AM-C39,Audio Array,1,0,1,0,1245.72,INR,1245.72,1245.72,NOT_RECEIVED
43IYDZQD,2026-03-30T02:07:00Z,2026-05-01T14:31:30Z,CLOSED,ACCEPTED,ISK3,B0FQBX8J17,FBA79838,AH-40 SL,Audio Array,6,1,5,0,927.11,INR,5562.66,4635.55,RECEIVED
3Q4LHQPF,2026-06-01T02:09:39Z,2026-06-12T08:21:34Z,OPEN,ACCEPTED,DEL5,B0CH4PMR8K,FBA79009,AM-C41,Audio Array,1,0,1,0,1245.72,INR,1245.72,1245.72,NOT_RECEIVED
3Q4LHQPF,2026-06-01T02:09:39Z,2026-06-12T08:21:34Z,OPEN,ACCEPTED,DEL5,B0GCP1J2HC,FBA79972,M8,Audio Array,17,0,17,0,5942.1,INR,101015.70000000001,101015.70000000001,NOT_RECEIVED
3PTFFX4D,2026-05-25T01:57:24Z,2026-05-25T14:10:40Z,OPEN,ACCEPTED,MAA4,B0GN8RQJRG,FBA79979,AK-37-B,Audio Array,2,0,2,0,2795.91,INR,5591.82,5591.82,NOT_RECEIVED
3PTFFX4D,2026-05-25T01:57:24Z,2026-05-25T14:10:40Z,OPEN,ACCEPTED,MAA4,B0FFB6YJM1,FBA79708,SB-01,Audio Array,4,0,4,0,959.11,INR,3836.44,3836.44,NOT_RECEIVED
3PTFFX4D,2026-05-25T01:57:24Z,2026-05-25T14:10:40Z,OPEN,ACCEPTED,MAA4,B0G4DNF8RZ,FBA79842,AM-C48,Audio Array,5,0,5,0,2586.17,INR,12930.85,12930.85,NOT_RECEIVED
3PTFFX4D,2026-05-25T01:57:24Z,2026-05-25T14:10:40Z,OPEN,ACCEPTED,MAA4,B0G53H49BS,FBA79961,AI-13,Audio Array,3,0,3,0,2020.51,INR,6061.53,6061.53,NOT_RECEIVED
3PTFFX4D,2026-05-25T01:57:24Z,2026-05-25T14:10:40Z,OPEN,ACCEPTED,MAA4,B0DT6T6N6B,FBA79694,AA-26,Audio Array,69,0,69,0,412.5,INR,28462.5,28462.5,NOT_RECEIVED
3PTFFX4D,2026-05-25T01:57:24Z,2026-05-25T14:10:40Z,OPEN,ACCEPTED,MAA4,B0G3B677Z5,FBA79969,UB-03 (AM-S1 + AA-22),Audio Array,2,0,2,0,9088.28,INR,18176.56,18176.56,NOT_RECEIVED
3PTFFX4D,2026-05-25T01:57:24Z,2026-05-25T14:10:40Z,OPEN,ACCEPTED,MAA4,B0CKHVHVQ1,FBA79005,AM-W45,Audio Array,4,0,4,0,3669.85,INR,14679.4,14679.4,NOT_RECEIVED
3PTFFX4D,2026-05-25T01:57:24Z,2026-05-25T14:10:40Z,OPEN,ACCEPTED,MAA4,B0FTVQQVDC,FBA79904,PB-10 (AM-C2+AI-04+AH-60-BL),Audio Array,3,0,3,0,7899.72,INR,23699.16,23699.16,NOT_RECEIVED
3PTFFX4D,2026-05-25T01:57:24Z,2026-05-25T14:10:40Z,OPEN,ACCEPTED,MAA4,B0GN97RFPR,FBA79848,AM-S2,Audio Array,14,0,14,0,5103.11,INR,71443.54,71443.54,NOT_RECEIVED
3PTFFX4D,2026-05-25T01:57:24Z,2026-05-25T14:10:40Z,OPEN,ACCEPTED,MAA4,B0CM6NVLT9,FBA79104,AI-11,Audio Array,3,0,3,0,1087.07,INR,3261.21,3261.21,NOT_RECEIVED
3PTFFX4D,2026-05-25T01:57:24Z,2026-05-25T14:10:40Z,OPEN,ACCEPTED,MAA4,B0BLJVJ2GN,FBA76414,AA-05,Audio Array,24,0,24,0,466.53,INR,11196.72,11196.72,NOT_RECEIVED
3PTFFX4D,2026-05-25T01:57:24Z,2026-05-25T14:10:40Z,OPEN,ACCEPTED,MAA4,B0B4G7VWXD,FBA75684,AA-04,Audio Array,5,0,5,0,1133.9,INR,5669.5,5669.5,NOT_RECEIVED
3PTFFX4D,2026-05-25T01:57:24Z,2026-05-25T14:10:40Z,OPEN,ACCEPTED,MAA4,B0BPLZ5CGV,FBA76864,AI-04 Red,Audio Array,14,0,14,0,3495.06,INR,48930.84,48930.84,NOT_RECEIVED
3KSCX76S,2026-06-01T01:25:51Z,2026-06-02T10:10:51Z,OPEN,ACCEPTED,BOM5,B0GXPBHDRF,FBA80085,M6,Audio Array,12,0,12,0,5242.94,INR,62915.28,62915.28,NOT_RECEIVED
3KSCX76S,2026-06-01T01:25:51Z,2026-06-02T10:10:51Z,OPEN,ACCEPTED,BOM5,B0CF5TCQKL,FBA78975,AA-21,Audio Array,4,0,4,0,2478.18,INR,9912.72,9912.72,NOT_RECEIVED
3IPK3BAX,2026-06-01T02:09:38Z,2026-06-02T09:19:26Z,OPEN,ACCEPTED,MAA4,B0G53H49BS,FBA79961,AI-13,Audio Array,17,0,17,0,2020.51,INR,34348.67,34348.67,NOT_RECEIVED
3IPK3BAX,2026-06-01T02:09:38Z,2026-06-02T09:19:26Z,OPEN,ACCEPTED,MAA4,B0CH4PMR8K,FBA79009,AM-C41,Audio Array,1,0,1,0,1245.72,INR,1245.72,1245.72,NOT_RECEIVED
3IPK3BAX,2026-06-01T02:09:38Z,2026-06-02T09:19:26Z,OPEN,ACCEPTED,MAA4,B0G53M9258,FBA79968,AI-14,Audio Array,1,0,1,0,4893.37,INR,4893.37,4893.37,NOT_RECEIVED
3IPK3BAX,2026-06-01T02:09:38Z,2026-06-02T09:19:26Z,OPEN,ACCEPTED,MAA4,B0FQBX8J17,FBA79838,AH-40 SL,Audio Array,7,0,7,0,927.11,INR,6489.77,6489.77,NOT_RECEIVED
3IPK3BAX,2026-06-01T02:09:38Z,2026-06-02T09:19:26Z,OPEN,ACCEPTED,MAA4,B0BPLZ5CGV,FBA76864,AI-04 Red,Audio Array,257,0,257,0,3495.06,INR,898230.42,898230.42,NOT_RECEIVED
3IPK3BAX,2026-06-01T02:09:38Z,2026-06-02T09:19:26Z,OPEN,ACCEPTED,MAA4,B0FQBWV1ST,FBA79840,AH-60-RD,Audio Array,2,0,2,0,1548.9,INR,3097.8,3097.8,NOT_RECEIVED
3IPK3BAX,2026-06-01T02:09:38Z,2026-06-02T09:19:26Z,OPEN,ACCEPTED,MAA4,B0FTVQQVDC,FBA79904,PB-10 (AM-C2+AI-04+AH-60-BL),Audio Array,24,0,24,0,7899.72,INR,189593.28,189593.28,NOT_RECEIVED
3IPK3BAX,2026-06-01T02:09:38Z,2026-06-02T09:19:26Z,OPEN,ACCEPTED,MAA4,B0BLJVJ2GN,FBA76414,AA-05,Audio Array,3,0,3,0,466.53,INR,1399.59,1399.59,NOT_RECEIVED
3IPK3BAX,2026-06-01T02:09:38Z,2026-06-02T09:19:26Z,OPEN,ACCEPTED,MAA4,B0FN7B3KWS,FBA79845,UB-02 (AM-S1 + AA-21),Audio Array,2,0,2,0,9088.28,INR,18176.56,18176.56,NOT_RECEIVED
3IPK3BAX,2026-06-01T02:09:38Z,2026-06-02T09:19:26Z,OPEN,ACCEPTED,MAA4,B0DT6T6N6B,FBA79694,AA-26,Audio Array,3,0,3,0,412.5,INR,1237.5,1237.5,NOT_RECEIVED
3HUTGMNU,2026-06-01T01:25:50Z,2026-06-02T08:15:28Z,OPEN,ACCEPTED,CCX1,B0GXPBHDRF,FBA80085,M6,Audio Array,4,0,4,0,5242.94,INR,20971.76,20971.76,NOT_RECEIVED
3GP9FMAY,2026-04-27T02:11:41Z,2026-05-30T14:33:18Z,CLOSED,ACCEPTED,ISK3,B0CF5TCQKL,FBA78975,AA-21,Audio Array,2,0,2,0,2478.18,INR,4956.36,4956.36,NOT_RECEIVED
3DROGGHN,2026-03-24T07:44:37Z,2026-04-30T14:27:51Z,CLOSED,ACCEPTED,ISK3,B0FG88HVQ8,FBA79813,AH-50,Audio Array,268,265,3,0,1481.53,INR,397050.04,4444.59,RECEIVED
3BH6TDCP,2026-02-09T01:38:09Z,2026-03-14T14:23:05Z,CLOSED,ACCEPTED,ISK3,B0B4JRQP22,FBA75679,AA-02,Audio Array,5,4,1,0,1667.79,INR,8338.95,1667.79,RECEIVED
3BH6TDCP,2026-02-09T01:38:09Z,2026-03-14T14:23:05Z,CLOSED,ACCEPTED,ISK3,B0B4K87PR4,FBA75690,AM-C10,Audio Array,2,1,1,0,2900.78,INR,5801.56,2900.78,RECEIVED
3BH6TDCP,2026-02-09T01:38:09Z,2026-03-14T14:23:05Z,CLOSED,ACCEPTED,ISK3,B0BQ7H7418,FBA76597,AA-06,Audio Array,5,4,1,0,933.69,INR,4668.450000000001,933.69,RECEIVED
3BH6TDCP,2026-02-09T01:38:09Z,2026-03-14T14:23:05Z,CLOSED,ACCEPTED,ISK3,B0BLKF46QG,FBA76723,AM-C20,Audio Array,5,0,5,0,939.91,INR,4699.55,4699.55,NOT_RECEIVED
3BH6TDCP,2026-02-09T01:38:09Z,2026-03-14T14:23:05Z,CLOSED,ACCEPTED,ISK3,B0CBCB82MT,FBA78960,AM-C39,Audio Array,2,0,2,0,1245.72,INR,2491.44,2491.44,NOT_RECEIVED
3BG2D4JL,2026-02-23T18:18:52Z,2026-03-26T14:29:16Z,CLOSED,ACCEPTED,ISK3,B0CF5RRTDJ,FBA78974,AA-20,Audio Array,10,0,10,0,1524.79,INR,15247.9,15247.9,NOT_RECEIVED
3BG2D4JL,2026-02-23T18:18:52Z,2026-03-26T14:29:16Z,CLOSED,ACCEPTED,ISK3,B0B4G1HPL5,FBA75692,AM-C11,Audio Array,50,30,20,0,3564.98,INR,178249.0,71299.6,RECEIVED
3BG2D4JL,2026-02-23T18:18:52Z,2026-03-26T14:29:16Z,CLOSED,ACCEPTED,ISK3,B0FJ8PZ9H7,FBA79833,PB-04 (AI-04 Red + AM-C44 x 2),Audio Array,10,8,2,0,10137.01,INR,101370.1,20274.02,RECEIVED
3BG2D4JL,2026-02-23T18:18:52Z,2026-03-26T14:29:16Z,CLOSED,ACCEPTED,ISK3,B0D3M86SH1,FBA79355,AA-19BL,Audio Array,20,17,3,0,3202.75,INR,64055.0,9608.25,RECEIVED
3BG2D4JL,2026-02-23T18:18:52Z,2026-03-26T14:29:16Z,CLOSED,ACCEPTED,ISK3,B0GCP1J2HC,FBA79972,M8,Audio Array,20,18,2,0,5942.1,INR,118842.0,11884.2,RECEIVED
3BG2D4JL,2026-02-23T18:18:52Z,2026-03-26T14:29:16Z,CLOSED,ACCEPTED,ISK3,B0B4K87PR4,FBA75690,AM-C10,Audio Array,50,49,1,0,2900.78,INR,145039.0,2900.78,RECEIVED
38UVULAF,2026-06-15T02:22:43Z,2026-06-15T15:09:04Z,OPEN,ACCEPTED,ISK3,B0G53M9258,FBA79968,AI-14,Audio Array,4,0,4,0,4893.37,INR,19573.48,19573.48,NOT_RECEIVED
38UVULAF,2026-06-15T02:22:43Z,2026-06-15T15:09:04Z,OPEN,ACCEPTED,ISK3,B0FQBTRM28,FBA79841,AH-60-BL,Audio Array,10,0,10,0,1548.9,INR,15489.0,15489.0,NOT_RECEIVED
38UVULAF,2026-06-15T02:22:43Z,2026-06-15T15:09:04Z,OPEN,ACCEPTED,ISK3,B0FJ2DT13L,FBA79825,GB-02 (AM-C43 + AI-11),Audio Array,4,0,4,0,3005.66,INR,12022.64,12022.64,NOT_RECEIVED
38UVULAF,2026-06-15T02:22:43Z,2026-06-15T15:09:04Z,OPEN,ACCEPTED,ISK3,B0FQBXS6Y2,FBA79839,AH-45 BK,Audio Array,29,0,29,0,1087.07,INR,31525.03,31525.03,NOT_RECEIVED
38UVULAF,2026-06-15T02:22:43Z,2026-06-15T15:09:04Z,OPEN,ACCEPTED,ISK3,B0B4G94VP3,FBA75683,AA-03,Audio Array,5,0,5,0,333.05,INR,1665.25,1665.25,NOT_RECEIVED
38UVULAF,2026-06-15T02:22:43Z,2026-06-15T15:09:04Z,OPEN,ACCEPTED,ISK3,B0CM6WH4ZT,FBA79105,AI-12,Audio Array,2,0,2,0,1023.09,INR,2046.18,2046.18,NOT_RECEIVED
38UVULAF,2026-06-15T02:22:43Z,2026-06-15T15:09:04Z,OPEN,ACCEPTED,ISK3,B0FTVV1QJY,FBA79908,PB-14 (AM-C43+AH-40-SL+AI-12),Audio Array,3,0,3,0,4054.39,INR,12163.17,12163.17,NOT_RECEIVED
38UVULAF,2026-06-15T02:22:43Z,2026-06-15T15:09:04Z,OPEN,ACCEPTED,ISK3,B0B4G59Y8W,FBA75689,AM-W13,Audio Array,1,0,1,0,1616.28,INR,1616.28,1616.28,NOT_RECEIVED
38UVULAF,2026-06-15T02:22:43Z,2026-06-15T15:09:04Z,OPEN,ACCEPTED,ISK3,B0D3M1B4Z8,FBA79380,AM-C46,Audio Array,22,0,22,0,2656.08,INR,58433.759999999995,58433.759999999995,NOT_RECEIVED
38UVULAF,2026-06-15T02:22:43Z,2026-06-15T15:09:04Z,OPEN,ACCEPTED,ISK3,B0FG88HVQ8,FBA79813,AH-50,Audio Array,58,0,58,0,1481.53,INR,85928.74,85928.74,NOT_RECEIVED
38UVULAF,2026-06-15T02:22:43Z,2026-06-15T15:09:04Z,OPEN,ACCEPTED,ISK3,B0B4JRQP22,FBA75679,AA-02,Audio Array,35,0,35,0,1667.8,INR,58373.0,58373.0,NOT_RECEIVED
38UVULAF,2026-06-15T02:22:43Z,2026-06-15T15:09:04Z,OPEN,ACCEPTED,ISK3,B0GW8Z556N,FBA79996,AM-C49,Audio Array,3,0,3,0,831.14,INR,2493.42,2493.42,NOT_RECEIVED
38UVULAF,2026-06-15T02:22:43Z,2026-06-15T15:09:04Z,OPEN,ACCEPTED,ISK3,B0CM6NTWBP,FBA79103,AI-10,Audio Array,9,0,9,0,2460.32,INR,22142.88,22142.88,NOT_RECEIVED
38UVULAF,2026-06-15T02:22:43Z,2026-06-15T15:09:04Z,OPEN,ACCEPTED,ISK3,B0CH4RNWJX,FBA79011,AM-C43,Audio Array,27,0,27,0,1818.39,INR,49096.530000000006,49096.530000000006,NOT_RECEIVED
38UVULAF,2026-06-15T02:22:43Z,2026-06-15T15:09:04Z,OPEN,ACCEPTED,ISK3,B0CM9KJZWQ,FBA79106,AM-C44,Audio Array,1,0,1,0,3564.98,INR,3564.98,3564.98,NOT_RECEIVED
38UVULAF,2026-06-15T02:22:43Z,2026-06-15T15:09:04Z,OPEN,ACCEPTED,ISK3,B0CM6NVLT9,FBA79104,AI-11,Audio Array,44,0,44,0,1087.07,INR,47831.079999999994,47831.079999999994,NOT_RECEIVED
38UVULAF,2026-06-15T02:22:43Z,2026-06-15T15:09:04Z,OPEN,ACCEPTED,ISK3,B0GKPXQ8G3,FBA80016,AM-W22,Audio Array,1,0,1,0,2481.29,INR,2481.29,2481.29,NOT_RECEIVED
38UVULAF,2026-06-15T02:22:43Z,2026-06-15T15:09:04Z,OPEN,ACCEPTED,ISK3,B0GW92316G,FBA80004,AM-W36 Pro,Audio Array,2,0,2,0,5942.1,INR,11884.2,11884.2,NOT_RECEIVED
38UVULAF,2026-06-15T02:22:43Z,2026-06-15T15:09:04Z,OPEN,ACCEPTED,ISK3,B0B4G8PH2P,FBA75678,AA-01,Audio Array,5,0,5,0,1467.58,INR,7337.9,7337.9,NOT_RECEIVED
38UVULAF,2026-06-15T02:22:43Z,2026-06-15T15:09:04Z,OPEN,ACCEPTED,ISK3,B0G53H49BS,FBA79961,AI-13,Audio Array,6,0,6,0,2020.51,INR,12123.06,12123.06,NOT_RECEIVED
38UVULAF,2026-06-15T02:22:43Z,2026-06-15T15:09:04Z,OPEN,ACCEPTED,ISK3,B0BPLWW72Y,FBA76862,AM-C28,Audio Array,2,0,2,0,1070.41,INR,2140.82,2140.82,NOT_RECEIVED
38UVULAF,2026-06-15T02:22:43Z,2026-06-15T15:09:04Z,OPEN,ACCEPTED,ISK3,B0CH4VCD6R,FBA77171,AC-6XL,Audio Array,29,0,29,0,412.5,INR,11962.5,11962.5,NOT_RECEIVED
38UVULAF,2026-06-15T02:22:43Z,2026-06-15T15:09:04Z,OPEN,ACCEPTED,ISK3,B0GXP97CZG,FBA80084,BE-4,Audio Array,1,0,1,0,3145.49,INR,3145.49,3145.49,NOT_RECEIVED
38UVULAF,2026-06-15T02:22:43Z,2026-06-15T15:09:04Z,OPEN,ACCEPTED,ISK3,B0FFB6YJM1,FBA79708,SB-01,Audio Array,2,0,2,0,959.11,INR,1918.22,1918.22,NOT_RECEIVED
38UVULAF,2026-06-15T02:22:43Z,2026-06-15T15:09:04Z,OPEN,ACCEPTED,ISK3,B0C4YTNJG7,FBA78203,AM-C30,Audio Array,1,0,1,0,1481.53,INR,1481.53,1481.53,NOT_RECEIVED
38UVULAF,2026-06-15T02:22:43Z,2026-06-15T15:09:04Z,OPEN,ACCEPTED,ISK3,B0FQBWV1ST,FBA79840,AH-60-RD,Audio Array,6,0,6,0,1548.9,INR,9293.400000000001,9293.400000000001,NOT_RECEIVED
38UVULAF,2026-06-15T02:22:43Z,2026-06-15T15:09:04Z,OPEN,ACCEPTED,ISK3,B0FQBX8J17,FBA79838,AH-40 SL,Audio Array,1,0,1,0,927.11,INR,927.11,927.11,NOT_RECEIVED
38UVULAF,2026-06-15T02:22:43Z,2026-06-15T15:09:04Z,OPEN,ACCEPTED,ISK3,B0BQ7H7418,FBA76597,AA-06,Audio Array,17,0,17,0,933.69,INR,15872.730000000001,15872.730000000001,NOT_RECEIVED
32ZQX1WZ,2026-05-25T01:56:46Z,2026-06-15T09:15:59Z,OPEN,ACCEPTED,ISK3,B0GKPXQ8G3,FBA80016,AM-W22,Audio Array,1,0,1,0,2481.29,INR,2481.29,2481.29,NOT_RECEIVED
32ZQX1WZ,2026-05-25T01:56:46Z,2026-06-15T09:15:59Z,OPEN,ACCEPTED,ISK3,B0FJ8TSQK1,FBA79830,GB-03 (AI-12 + AM-C43),Audio Array,10,0,10,0,2935.74,INR,29357.399999999998,29357.399999999998,NOT_RECEIVED
32ZQX1WZ,2026-05-25T01:56:46Z,2026-06-15T09:15:59Z,OPEN,ACCEPTED,ISK3,B0CM6NVLT9,FBA79104,AI-11,Audio Array,23,22,1,0,1087.07,INR,25002.609999999997,1087.07,PARTIALLY_RECEIVED
32ZQX1WZ,2026-05-25T01:56:46Z,2026-06-15T09:15:59Z,OPEN,ACCEPTED,ISK3,B0FTVV1QJY,FBA79908,PB-14 (AM-C43+AH-40-SL+AI-12),Audio Array,3,0,3,0,4054.39,INR,12163.17,12163.17,NOT_RECEIVED
32ZQX1WZ,2026-05-25T01:56:46Z,2026-06-15T09:15:59Z,OPEN,ACCEPTED,ISK3,B0FJ2DT13L,FBA79825,GB-02 (AM-C43 + AI-11),Audio Array,2,0,2,0,3005.66,INR,6011.32,6011.32,NOT_RECEIVED
32ZQX1WZ,2026-05-25T01:56:46Z,2026-06-15T09:15:59Z,OPEN,ACCEPTED,ISK3,B0FQJWWDVK,FBA79820,AC-3XL,Audio Array,5,0,5,0,348.94,INR,1744.7,1744.7,NOT_RECEIVED
32ZQX1WZ,2026-05-25T01:56:46Z,2026-06-15T09:15:59Z,OPEN,ACCEPTED,ISK3,B0DN6PFWNK,FBA79655,AM-C44 Pro,Audio Array,4,0,4,0,3844.64,INR,15378.56,15378.56,NOT_RECEIVED
32ZQX1WZ,2026-05-25T01:56:46Z,2026-06-15T09:15:59Z,OPEN,ACCEPTED,ISK3,B0B4G19R58,FBA75674,AM-C2,Audio Array,4,0,4,0,2935.74,INR,11742.96,11742.96,NOT_RECEIVED
2Z1KJ4VJ,2026-06-10T12:56:25Z,2026-06-11T07:19:48Z,OPEN,ACCEPTED,BLR8,B0GN97RFPR,FBA79848,AM-S2,Audio Array,40,0,40,0,5103.11,INR,204124.4,204124.4,NOT_RECEIVED
2Z1KJ4VJ,2026-06-10T12:56:25Z,2026-06-11T07:19:48Z,OPEN,ACCEPTED,BLR8,B0DXFPM4N2,FBA79482,AM-S1,Audio Array,15,0,15,0,6431.5,INR,96472.5,96472.5,NOT_RECEIVED
2YH357CU,2026-02-02T01:26:57Z,2026-03-06T14:21:12Z,CLOSED,ACCEPTED,ISK3,B0D3M86SH1,FBA79355,AA-19BL,Audio Array,7,4,3,0,3202.75,INR,22419.25,9608.25,RECEIVED
2WTO2RKN,2026-02-16T00:58:07Z,2026-03-21T14:22:12Z,CLOSED,ACCEPTED,BOM5,B0CM6WH4ZT,FBA79105,AI-12,Audio Array,10,0,10,0,906,INR,9060.0,9060.0,NOT_RECEIVED
2WTO2RKN,2026-02-16T00:58:07Z,2026-03-21T14:22:12Z,CLOSED,ACCEPTED,BOM5,B0FQBX8J17,FBA79838,AH-40 SL,Audio Array,23,0,23,0,799.14,INR,18380.22,18380.22,NOT_RECEIVED
2TMC6RJX,2026-03-02T01:08:51Z,2026-04-04T14:26:41Z,CLOSED,ACCEPTED,ISK3,B0CH4R1V6S,FBA79016,AM-C3a,Audio Array,1,0,1,0,575.21,INR,575.21,575.21,NOT_RECEIVED
2RFE27LN,2026-04-18T11:18:17Z,2026-06-04T14:26:03Z,CLOSED,ACCEPTED,BOM5,B0G3B677Z5,FBA79969,UB-03 (AM-S1 + AA-22),Audio Array,1,0,1,0,9088.28,INR,9088.28,9088.28,NOT_RECEIVED
2KRI1A4O,2026-04-27T02:10:34Z,2026-06-04T14:26:09Z,CLOSED,ACCEPTED,ISK3,B0CM6WH4ZT,FBA79105,AI-12,Audio Array,1,0,1,0,1023.09,INR,1023.09,1023.09,NOT_RECEIVED
2KRI1A4O,2026-04-27T02:10:34Z,2026-06-04T14:26:09Z,CLOSED,ACCEPTED,ISK3,B0BLKB55BM,FBA76721,AM-C18,Audio Array,1,0,1,0,1683.65,INR,1683.65,1683.65,NOT_RECEIVED
2KQGP3SZ,2026-03-23T01:21:51Z,2026-04-24T14:25:06Z,CLOSED,ACCEPTED,ISK3,B0B4G8ZB64,FBA75675,AM-C3,Audio Array,1,0,1,0,671.18,INR,671.18,671.18,NOT_RECEIVED
2IPN9N3Q,2025-12-29T01:34:57Z,2026-02-01T14:22:25Z,CLOSED,ACCEPTED,BOM5,B0FJ2JJZL3,FBA79821,"UB-01 (AI-04, AM-S1, AA-21, AM-C2)",Audio Array,4,3,1,0,14331.92,INR,57327.68,14331.92,RECEIVED
2GVLJOTE,2026-04-23T07:46:35Z,2026-06-15T11:21:59Z,CLOSED,ACCEPTED,ISK3,B0GKPXQ8G3,FBA80016,AM-W22,Audio Array,10,0,10,0,2481.29,INR,24812.9,24812.9,NOT_RECEIVED
2GVLJOTE,2026-04-23T07:46:35Z,2026-06-15T11:21:59Z,CLOSED,ACCEPTED,ISK3,B0FLYJFC22,FBK79010,AM-C42,Audio Array,9,0,9,0,1784.71,INR,16062.39,16062.39,NOT_RECEIVED
2GVLJOTE,2026-04-23T07:46:35Z,2026-06-15T11:21:59Z,CLOSED,ACCEPTED,ISK3,B0FLYHJ6DK,FBK79009,AM-C41,Audio Array,8,0,8,0,1245.72,INR,9965.76,9965.76,NOT_RECEIVED
2GVLJOTE,2026-04-23T07:46:35Z,2026-06-15T11:21:59Z,CLOSED,ACCEPTED,ISK3,B0DFMNGFTD,FBA79449,AM-W36,Audio Array,5,4,1,0,4473.88,INR,22369.4,4473.88,RECEIVED
2GVLJOTE,2026-04-23T07:46:35Z,2026-06-15T11:21:59Z,CLOSED,ACCEPTED,ISK3,B0G53CB72D,FBA79963,AM-Pro8,Audio Array,5,3,2,0,15730.23,INR,78651.15,31460.46,RECEIVED
2GVLJOTE,2026-04-23T07:46:35Z,2026-06-15T11:21:59Z,CLOSED,ACCEPTED,ISK3,B0B4DS678Q,FBA75676,AM-C4,Audio Array,10,9,1,0,1548.9,INR,15489.0,1548.9,RECEIVED
2GVLJOTE,2026-04-23T07:46:35Z,2026-06-15T11:21:59Z,CLOSED,ACCEPTED,ISK3,B0BPLZ5CGV,FBA76864,AI-04 Red,Audio Array,458,455,3,0,3495.06,INR,1600737.48,10485.18,RECEIVED
2CLKPDLX,2026-05-18T02:15:42Z,2026-06-14T11:31:01Z,OPEN,ACCEPTED,ISK3,B0DN6LJZBR,FBA79653,AM-C45 Pro,Audio Array,2,0,2,0,3075.57,INR,6151.14,6151.14,NOT_RECEIVED
2CLKPDLX,2026-05-18T02:15:42Z,2026-06-14T11:31:01Z,OPEN,ACCEPTED,ISK3,B0G2C2RCXN,FBA79967,AM-W19,Audio Array,1,0,1,0,1481.53,INR,1481.53,1481.53,NOT_RECEIVED
2CLKPDLX,2026-05-18T02:15:42Z,2026-06-14T11:31:01Z,OPEN,ACCEPTED,ISK3,B0BQ7H7418,FBA76597,AA-06,Audio Array,9,0,9,0,933.69,INR,8403.210000000001,8403.210000000001,NOT_RECEIVED
2CLKPDLX,2026-05-18T02:15:42Z,2026-06-14T11:31:01Z,OPEN,ACCEPTED,ISK3,B0B4KC7VBM,FBA75677,AM-C5,Audio Array,9,0,9,0,1751.02,INR,15759.18,15759.18,NOT_RECEIVED
2CLKPDLX,2026-05-18T02:15:42Z,2026-06-14T11:31:01Z,OPEN,ACCEPTED,ISK3,B0DFMLS8JG,FBA79445,AM-W32,Audio Array,3,0,3,0,2865.83,INR,8597.49,8597.49,NOT_RECEIVED
2CLKPDLX,2026-05-18T02:15:42Z,2026-06-14T11:31:01Z,OPEN,ACCEPTED,ISK3,B0CM6NTWBP,FBA79103,AI-10,Audio Array,4,2,2,0,2460.32,INR,9841.28,4920.64,PARTIALLY_RECEIVED
2CLKPDLX,2026-05-18T02:15:42Z,2026-06-14T11:31:01Z,OPEN,ACCEPTED,ISK3,B0B4G1PXWV,FBA75680,AM-C6,Audio Array,6,5,1,0,1548.9,INR,9293.400000000001,1548.9,PARTIALLY_RECEIVED
2CLKPDLX,2026-05-18T02:15:42Z,2026-06-14T11:31:01Z,OPEN,ACCEPTED,ISK3,B0CM9L1QZG,FBA79108,AM-W16,Audio Array,3,0,3,0,959.11,INR,2877.33,2877.33,NOT_RECEIVED
2CLKPDLX,2026-05-18T02:15:42Z,2026-06-14T11:31:01Z,OPEN,ACCEPTED,ISK3,B0CM9P5CCK,FBA79107,AM-W17,Audio Array,4,3,1,0,1414.16,INR,5656.64,1414.16,PARTIALLY_RECEIVED
2CCXFONZ,2026-06-08T01:59:12Z,2026-06-08T13:41:59Z,OPEN,ACCEPTED,CCX1,B0DXFPM4N2,FBA79482,AM-S1,Audio Array,2,0,2,0,6431.5,INR,12863.0,12863.0,NOT_RECEIVED
2A4Y3RXU,2026-05-25T01:56:41Z,2026-05-25T14:18:48Z,OPEN,ACCEPTED,DEL5,B0CH4VCD6R,FBA77171,AC-6XL,Audio Array,23,0,23,0,412.5,INR,9487.5,9487.5,NOT_RECEIVED
2A4Y3RXU,2026-05-25T01:56:41Z,2026-05-25T14:18:48Z,OPEN,ACCEPTED,DEL5,B0BPM2T7BQ,FBA76863,AI-03,Audio Array,2,0,2,0,2935.74,INR,5871.48,5871.48,NOT_RECEIVED
2951UYZE,2026-06-10T12:56:25Z,2026-06-11T06:47:44Z,OPEN,ACCEPTED,ISK3,B0CKHVHVQ1,FBA79005,AM-W45,Audio Array,193,0,193,0,3669.85,INR,708281.0499999999,708281.0499999999,NOT_RECEIVED
2951UYZE,2026-06-10T12:56:25Z,2026-06-11T06:47:44Z,OPEN,ACCEPTED,ISK3,B0CF5R3V95,FBA78973,AA-19,Audio Array,77,0,77,0,2535.38,INR,195224.26,195224.26,NOT_RECEIVED
2951UYZE,2026-06-10T12:56:25Z,2026-06-11T06:47:44Z,OPEN,ACCEPTED,ISK3,B0CF5TCQKL,FBA78975,AA-21,Audio Array,85,0,85,0,2478.18,INR,210645.3,210645.3,NOT_RECEIVED
2951UYZE,2026-06-10T12:56:25Z,2026-06-11T06:47:44Z,OPEN,ACCEPTED,ISK3,B0B4G19R58,FBA75674,AM-C2,Audio Array,75,0,75,0,2935.74,INR,220180.49999999997,220180.49999999997,NOT_RECEIVED
291CSUQH,2026-03-23T01:21:53Z,2026-04-24T14:31:10Z,CLOSED,ACCEPTED,ISK3,B0B4G8ZB64,FBA75675,AM-C3,Audio Array,14,4,10,0,671.18,INR,9396.519999999999,6711.799999999999,RECEIVED
291CSUQH,2026-03-23T01:21:53Z,2026-04-24T14:31:10Z,CLOSED,ACCEPTED,ISK3,B0CH4RNWJX,FBA79011,AM-C43,Audio Array,134,122,12,0,1818.39,INR,243664.26,21820.68,RECEIVED
291CSUQH,2026-03-23T01:21:53Z,2026-04-24T14:31:10Z,CLOSED,ACCEPTED,ISK3,B0CF5R3V95,FBA78973,AA-19,Audio Array,13,12,1,0,2535.38,INR,32959.94,2535.38,RECEIVED
27EHTDFD,2026-05-25T01:27:24Z,2026-06-16T10:03:42Z,OPEN,ACCEPTED,BLR8,B0CF5TCQKL,FBA78975,AA-21,Audio Array,6,0,6,0,2478.18,INR,14869.079999999998,14869.079999999998,NOT_RECEIVED
23DXV45H,2026-02-16T00:58:12Z,2026-03-21T14:28:44Z,CLOSED,ACCEPTED,ISK3,B0BPLZ5CGV,FBA76864,AI-04 Red,Audio Array,90,0,90,0,3082.56,INR,277430.4,277430.4,NOT_RECEIVED
23DXV45H,2026-02-16T00:58:12Z,2026-03-21T14:28:44Z,CLOSED,ACCEPTED,ISK3,B0B4G19R58,FBA75674,AM-C2,Audio Array,31,0,31,0,2935.74,INR,91007.93999999999,91007.93999999999,NOT_RECEIVED
23DXV45H,2026-02-16T00:58:12Z,2026-03-21T14:28:44Z,CLOSED,ACCEPTED,ISK3,B0CM6WH4ZT,FBA79105,AI-12,Audio Array,27,0,27,0,906,INR,24462.0,24462.0,NOT_RECEIVED
23DXV45H,2026-02-16T00:58:12Z,2026-03-21T14:28:44Z,CLOSED,ACCEPTED,ISK3,B0CJR76Y7G,FBA79064,AA-25,Audio Array,2,0,2,0,533.26,INR,1066.52,1066.52,NOT_RECEIVED
23DXV45H,2026-02-16T00:58:12Z,2026-03-21T14:28:44Z,CLOSED,ACCEPTED,ISK3,B0FQBXS6Y2,FBA79839,AH-45 BK,Audio Array,46,0,46,0,991.09,INR,45590.14,45590.14,NOT_RECEIVED
23DXV45H,2026-02-16T00:58:12Z,2026-03-21T14:28:44Z,CLOSED,ACCEPTED,ISK3,B0B4G1HPL5,FBA75692,AM-C11,Audio Array,3,1,2,0,3564.98,INR,10694.94,7129.96,RECEIVED
23DXV45H,2026-02-16T00:58:12Z,2026-03-21T14:28:44Z,CLOSED,ACCEPTED,ISK3,B0B4K87PR4,FBA75690,AM-C10,Audio Array,9,8,1,0,2900.78,INR,26107.02,2900.78,RECEIVED
23DXV45H,2026-02-16T00:58:12Z,2026-03-21T14:28:44Z,CLOSED,ACCEPTED,ISK3,B0FQJWWDVK,FBA79820,AC-3XL,Audio Array,3,1,2,0,285.38,INR,856.14,570.76,RECEIVED
23DXV45H,2026-02-16T00:58:12Z,2026-03-21T14:28:44Z,CLOSED,ACCEPTED,ISK3,B0DT6T6N6B,FBA79694,AA-26,Audio Array,132,0,132,0,333.05,INR,43962.6,43962.6,NOT_RECEIVED
23DXV45H,2026-02-16T00:58:12Z,2026-03-21T14:28:44Z,CLOSED,ACCEPTED,ISK3,B0CH4VCD6R,FBA77171,AC-6XL,Audio Array,42,7,35,0,361.65,INR,15189.3,12657.75,RECEIVED
23DXV45H,2026-02-16T00:58:12Z,2026-03-21T14:28:44Z,CLOSED,ACCEPTED,ISK3,B0DFMLS8JG,FBA79445,AM-W32,Audio Array,8,0,8,0,2656.08,INR,21248.64,21248.64,NOT_RECEIVED
23DXV45H,2026-02-16T00:58:12Z,2026-03-21T14:28:44Z,CLOSED,ACCEPTED,ISK3,B0CM6NVLT9,FBA79104,AI-11,Audio Array,4,0,4,0,1023.08,INR,4092.32,4092.32,NOT_RECEIVED
23DXV45H,2026-02-16T00:58:12Z,2026-03-21T14:28:44Z,CLOSED,ACCEPTED,ISK3,B0FQBX8J17,FBA79838,AH-40 SL,Audio Array,99,0,99,0,799.14,INR,79114.86,79114.86,NOT_RECEIVED
1Z8RD6TR,2026-06-15T02:22:21Z,2026-06-15T15:05:24Z,OPEN,ACCEPTED,BOM5,B0CM6NVLT9,FBA79104,AI-11,Audio Array,1,0,1,0,1087.07,INR,1087.07,1087.07,NOT_RECEIVED
1Z8RD6TR,2026-06-15T02:22:21Z,2026-06-15T15:05:24Z,OPEN,ACCEPTED,BOM5,B0BPLWW72Y,FBA76862,AM-C28,Audio Array,2,0,2,0,1070.41,INR,2140.82,2140.82,NOT_RECEIVED
1Z8RD6TR,2026-06-15T02:22:21Z,2026-06-15T15:05:24Z,OPEN,ACCEPTED,BOM5,B0BQ7H7418,FBA76597,AA-06,Audio Array,1,0,1,0,933.69,INR,933.69,933.69,NOT_RECEIVED
1Z8RD6TR,2026-06-15T02:22:21Z,2026-06-15T15:05:24Z,OPEN,ACCEPTED,BOM5,B0B4G94VP3,FBA75683,AA-03,Audio Array,1,0,1,0,333.05,INR,333.05,333.05,NOT_RECEIVED
1Z8RD6TR,2026-06-15T02:22:21Z,2026-06-15T15:05:24Z,OPEN,ACCEPTED,BOM5,B0G53PRM34,FBA79965,AM-Mix6,Audio Array,1,0,1,0,6641.25,INR,6641.25,6641.25,NOT_RECEIVED
1Z8RD6TR,2026-06-15T02:22:21Z,2026-06-15T15:05:24Z,OPEN,ACCEPTED,BOM5,B0FG88HVQ8,FBA79813,AH-50,Audio Array,6,0,6,0,1481.53,INR,8889.18,8889.18,NOT_RECEIVED
1RSJVJNQ,2026-06-08T01:43:10Z,2026-06-08T13:59:22Z,OPEN,ACCEPTED,BOM5,B0BLJVJ2GN,FBA76414,AA-05,Audio Array,3,0,3,0,466.53,INR,1399.59,1399.59,NOT_RECEIVED
1RSJVJNQ,2026-06-08T01:43:10Z,2026-06-08T13:59:22Z,OPEN,ACCEPTED,BOM5,B0B4DPX2J2,FBA75673,AM-C1,Audio Array,21,0,21,0,1919.45,INR,40308.450000000004,40308.450000000004,NOT_RECEIVED
1RSJVJNQ,2026-06-08T01:43:10Z,2026-06-08T13:59:22Z,OPEN,ACCEPTED,BOM5,B0GCP1J2HC,FBA79972,M8,Audio Array,37,0,37,0,5942.1,INR,219857.7,219857.7,NOT_RECEIVED
1RSJVJNQ,2026-06-08T01:43:10Z,2026-06-08T13:59:22Z,OPEN,ACCEPTED,BOM5,B0FFB6YJM1,FBA79708,SB-01,Audio Array,1,0,1,0,959.11,INR,959.11,959.11,NOT_RECEIVED
1RSJVJNQ,2026-06-08T01:43:10Z,2026-06-08T13:59:22Z,OPEN,ACCEPTED,BOM5,B0FF9R3GKK,FBA79783,AM-C47,Audio Array,1,0,1,0,2222.63,INR,2222.63,2222.63,NOT_RECEIVED
1RSJVJNQ,2026-06-08T01:43:10Z,2026-06-08T13:59:22Z,OPEN,ACCEPTED,BOM5,B0FG88HVQ8,FBA79813,AH-50,Audio Array,6,0,6,0,1481.53,INR,8889.18,8889.18,NOT_RECEIVED
1RSJVJNQ,2026-06-08T01:43:10Z,2026-06-08T13:59:22Z,OPEN,ACCEPTED,BOM5,B0DFMLXD9S,FBA79447,AM-W34,Audio Array,1,0,1,0,2865.83,INR,2865.83,2865.83,NOT_RECEIVED
1QIWPEFN,2026-03-16T01:49:51Z,2026-04-17T14:26:29Z,CLOSED,ACCEPTED,ISK3,B0CH4VCD6R,FBA77171,AC-6XL,Audio Array,12,0,12,0,412.5,INR,4950.0,4950.0,NOT_RECEIVED
1PTMUCCX,2026-03-23T01:32:58Z,2026-06-04T14:25:12Z,CLOSED,ACCEPTED,ISK3,B0G53H49BS,FBA79961,AI-13,Audio Array,126,116,10,0,2020.51,INR,254584.26,20205.1,RECEIVED
1ORIXJIB,2026-02-23T01:49:22Z,2026-03-28T14:32:16Z,CLOSED,ACCEPTED,ISK3,B0CH4R1V6S,FBA79016,AM-C3a,Audio Array,1,0,1,0,575.21,INR,575.21,575.21,NOT_RECEIVED
1ORIXJIB,2026-02-23T01:49:22Z,2026-03-28T14:32:16Z,CLOSED,ACCEPTED,ISK3,B0B4G89VQJ,FBA75686,AM-W10,Audio Array,2,0,2,0,3215.4,INR,6430.8,6430.8,NOT_RECEIVED
1N1KLU4U,2026-06-15T02:39:32Z,2026-06-16T05:40:57Z,OPEN,ACCEPTED,BLR8,B0FN7B3KWS,FBA79845,UB-02 (AM-S1 + AA-21),Audio Array,8,0,8,0,9088.28,INR,72706.24,72706.24,NOT_RECEIVED
1N1KLU4U,2026-06-15T02:39:32Z,2026-06-16T05:40:57Z,OPEN,ACCEPTED,BLR8,B0G3B677Z5,FBA79969,UB-03 (AM-S1 + AA-22),Audio Array,2,0,2,0,9088.28,INR,18176.56,18176.56,NOT_RECEIVED
1N1KLU4U,2026-06-15T02:39:32Z,2026-06-16T05:40:57Z,OPEN,ACCEPTED,BLR8,B0GN8RQJRG,FBA79979,AK-37-B,Audio Array,8,0,8,0,2795.91,INR,22367.28,22367.28,NOT_RECEIVED
1N1KLU4U,2026-06-15T02:39:32Z,2026-06-16T05:40:57Z,OPEN,ACCEPTED,BLR8,B0G53KWRVW,FBA79966,AM-Mix10,Audio Array,4,0,4,0,8389.13,INR,33556.52,33556.52,NOT_RECEIVED
1N1KLU4U,2026-06-15T02:39:32Z,2026-06-16T05:40:57Z,OPEN,ACCEPTED,BLR8,B0GW96CQMG,FBA80005,T-835,Audio Array,2,0,2,0,7899.72,INR,15799.44,15799.44,NOT_RECEIVED
1N1KLU4U,2026-06-15T02:39:32Z,2026-06-16T05:40:57Z,OPEN,ACCEPTED,BLR8,B0CX1XK5R6,FBA79230,AM-W46,Audio Array,1,0,1,0,3495.06,INR,3495.06,3495.06,NOT_RECEIVED
1N1KLU4U,2026-06-15T02:39:32Z,2026-06-16T05:40:57Z,OPEN,ACCEPTED,BLR8,B0B4G8PH2P,FBA75678,AA-01,Audio Array,5,0,5,0,1467.58,INR,7337.9,7337.9,NOT_RECEIVED
1M91ZG2W,2026-05-18T02:34:51Z,2026-06-03T07:18:51Z,OPEN,ACCEPTED,DEL5,B0DXFPM4N2,FBA79482,AM-S1,Audio Array,38,36,2,0,6431.5,INR,244397.0,12863.0,PARTIALLY_RECEIVED
1KFZ7V6N,2026-01-19T01:27:43Z,2026-02-21T14:23:26Z,CLOSED,ACCEPTED,ISK3,B0B4G7VWXD,FBA75684,AA-04,Audio Array,5,3,2,0,1133.89,INR,5669.450000000001,2267.78,RECEIVED
1KFZ7V6N,2026-01-19T01:27:43Z,2026-02-21T14:23:26Z,CLOSED,ACCEPTED,ISK3,B0CM6NTWBP,FBA79103,AI-10,Audio Array,4,0,4,0,2087.88,INR,8351.52,8351.52,NOT_RECEIVED
1KFZ7V6N,2026-01-19T01:27:43Z,2026-02-21T14:23:26Z,CLOSED,ACCEPTED,ISK3,B0CKHVHVQ1,FBA79005,AM-W45,Audio Array,5,4,1,0,3669.85,INR,18349.25,3669.85,RECEIVED
1KFZ7V6N,2026-01-19T01:27:43Z,2026-02-21T14:23:26Z,CLOSED,ACCEPTED,ISK3,B0B4DPX2J2,FBA75673,AM-C1,Audio Array,292,280,12,0,1838.6,INR,536871.2,22063.199999999997,RECEIVED
1KFZ7V6N,2026-01-19T01:27:43Z,2026-02-21T14:23:26Z,CLOSED,ACCEPTED,ISK3,B0CH4PMR8K,FBA79009,AM-C41,Audio Array,2,0,2,0,1245.72,INR,2491.44,2491.44,NOT_RECEIVED
1JM6B8QZ,2026-02-02T01:26:56Z,2026-03-06T14:26:26Z,CLOSED,ACCEPTED,ISK3,B0BQ7H7418,FBA76597,AA-06,Audio Array,1,0,1,0,933.68,INR,933.68,933.68,NOT_RECEIVED
1IOTCW7O,2026-04-13T01:55:35Z,2026-06-04T14:23:49Z,CLOSED,ACCEPTED,ISK3,B0CM6WH4ZT,FBA79105,AI-12,Audio Array,4,2,2,0,1023.09,INR,4092.36,2046.18,RECEIVED
1IOTCW7O,2026-04-13T01:55:35Z,2026-06-04T14:23:49Z,CLOSED,ACCEPTED,ISK3,B0BPLWW72Y,FBA76862,AM-C28,Audio Array,1,0,1,0,1074.28,INR,1074.28,1074.28,NOT_RECEIVED
1IOC7Q2V,2026-04-20T02:38:19Z,2026-06-03T07:18:48Z,OPEN,ACCEPTED,DEL5,B0DFMMTWLY,FBA79446,AM-W33,Audio Array,3,0,3,0,1481.53,INR,4444.59,4444.59,NOT_RECEIVED
1IOC7Q2V,2026-04-20T02:38:19Z,2026-06-03T07:18:48Z,OPEN,ACCEPTED,DEL5,B0G4DNF8RZ,FBA79842,AM-C48,Audio Array,1,0,1,0,2586.17,INR,2586.17,2586.17,NOT_RECEIVED
1IOC7Q2V,2026-04-20T02:38:19Z,2026-06-03T07:18:48Z,OPEN,ACCEPTED,DEL5,B0CM6WH4ZT,FBA79105,AI-12,Audio Array,4,0,4,0,1023.09,INR,4092.36,4092.36,NOT_RECEIVED
1IOC7Q2V,2026-04-20T02:38:19Z,2026-06-03T07:18:48Z,OPEN,ACCEPTED,DEL5,B0FQBX8J17,FBA79838,AH-40 SL,Audio Array,17,0,17,0,927.11,INR,15760.87,15760.87,NOT_RECEIVED
1IOC7Q2V,2026-04-20T02:38:19Z,2026-06-03T07:18:48Z,OPEN,ACCEPTED,DEL5,B0G3B677Z5,FBA79969,UB-03 (AM-S1 + AA-22),Audio Array,2,0,2,0,9088.28,INR,18176.56,18176.56,NOT_RECEIVED
1IOC7Q2V,2026-04-20T02:38:19Z,2026-06-03T07:18:48Z,OPEN,ACCEPTED,DEL5,B0G53KWRVW,FBA79966,AM-Mix10,Audio Array,3,0,3,0,8389.13,INR,25167.39,25167.39,NOT_RECEIVED
1IOC7Q2V,2026-04-20T02:38:19Z,2026-06-03T07:18:48Z,OPEN,ACCEPTED,DEL5,B0B4G8ZB64,FBA75675,AM-C3,Audio Array,3,0,3,0,671.18,INR,2013.54,2013.54,NOT_RECEIVED
1IOC7Q2V,2026-04-20T02:38:19Z,2026-06-03T07:18:48Z,OPEN,ACCEPTED,DEL5,B0GN8MPYPG,FBA79982,AK-61 Pro,Audio Array,5,0,5,0,3844.64,INR,19223.2,19223.2,NOT_RECEIVED
1G7BML7U,2026-06-15T01:47:01Z,2026-06-15T14:59:35Z,OPEN,ACCEPTED,DEL5,B0DXFPM4N2,FBA79482,AM-S1,Audio Array,26,0,26,0,6431.5,INR,167219.0,167219.0,NOT_RECEIVED
1DZN8RDF,2026-05-25T01:56:41Z,2026-05-25T14:21:24Z,OPEN,ACCEPTED,CCX1,B0FJ8TSQK1,FBA79830,GB-03 (AI-12 + AM-C43),Audio Array,2,0,2,0,2935.74,INR,5871.48,5871.48,NOT_RECEIVED
1DZN8RDF,2026-05-25T01:56:41Z,2026-05-25T14:21:24Z,OPEN,ACCEPTED,CCX1,B0CF5R3V95,FBA78973,AA-19,Audio Array,4,0,4,0,2535.38,INR,10141.52,10141.52,NOT_RECEIVED
1DZN8RDF,2026-05-25T01:56:41Z,2026-05-25T14:21:24Z,OPEN,ACCEPTED,CCX1,B0FTVV1QJY,FBA79908,PB-14 (AM-C43+AH-40-SL+AI-12),Audio Array,3,0,3,0,4054.39,INR,12163.17,12163.17,NOT_RECEIVED
1DZN8RDF,2026-05-25T01:56:41Z,2026-05-25T14:21:24Z,OPEN,ACCEPTED,CCX1,B0BPM2T7BQ,FBA76863,AI-03,Audio Array,1,0,1,0,2935.74,INR,2935.74,2935.74,NOT_RECEIVED
1DZN8RDF,2026-05-25T01:56:41Z,2026-05-25T14:21:24Z,OPEN,ACCEPTED,CCX1,B0FFB6YJM1,FBA79708,SB-01,Audio Array,1,0,1,0,959.11,INR,959.11,959.11,NOT_RECEIVED
1DZN8RDF,2026-05-25T01:56:41Z,2026-05-25T14:21:24Z,OPEN,ACCEPTED,CCX1,B0CKHVHVQ1,FBA79005,AM-W45,Audio Array,1,0,1,0,3669.85,INR,3669.85,3669.85,NOT_RECEIVED
1DZN8RDF,2026-05-25T01:56:41Z,2026-05-25T14:21:24Z,OPEN,ACCEPTED,CCX1,B0FN7B3KWS,FBA79845,UB-02 (AM-S1 + AA-21),Audio Array,2,0,2,0,9088.28,INR,18176.56,18176.56,NOT_RECEIVED
1ACNAY2S,2026-03-24T07:58:39Z,2026-06-04T14:29:59Z,CLOSED,ACCEPTED,ISK3,B0B4DPX2J2,FBA75673,AM-C1,Audio Array,456,449,7,0,1919.45,INR,875269.2000000001,13436.15,RECEIVED
1ACNAY2S,2026-03-24T07:58:39Z,2026-06-04T14:29:59Z,CLOSED,ACCEPTED,ISK3,B0CF5R3V95,FBA78973,AA-19,Audio Array,41,36,5,0,2535.38,INR,103950.58,12676.900000000001,RECEIVED
1ACNAY2S,2026-03-24T07:58:39Z,2026-06-04T14:29:59Z,CLOSED,ACCEPTED,ISK3,B0CF5SHL15,FBA78976,AA-22,Audio Array,14,13,1,0,2478.18,INR,34694.52,2478.18,RECEIVED
15BPTI9E,2026-05-18T02:15:37Z,2026-06-01T08:14:42Z,OPEN,ACCEPTED,BOM5,B0B4G1PXWV,FBA75680,AM-C6,Audio Array,1,0,1,0,1548.9,INR,1548.9,1548.9,NOT_RECEIVED
12M2LKDZ,2026-05-04T03:09:59Z,2026-06-06T14:26:49Z,CLOSED,ACCEPTED,ISK3,B0CH4RNWJX,FBA79011,AM-C43,Audio Array,1,0,1,0,1818.39,INR,1818.39,1818.39,NOT_RECEIVED
