(Parent) ASIN,(Child) ASIN,Title,Sessions - Total,Sessions - Total - B2B,Session Percentage - Total,Session Percentage - Total - B2B,Page Views - Total,Page Views - Total - B2B,Page Views Percentage - Total,Page Views Percentage - Total - B2B,Featured Offer Percentage,Featured Offer Percentage - B2B,Units Ordered,Units Ordered - B2B,Unit Session Percentage,Unit Session Percentage - B2B,Ordered Product Sales,Ordered Product Sales - B2B,Total Order Items,Total Order Items - B2B
B00AG37H8Y,B00AG37H8Y,"Fossil Analog White Dial Men's Watch-FS4795 Stainless Steel, Multicolor Strap","17,654",377,9.65%,10.90%,"23,725",528,9.67%,10.97%,99.88%,100.00%,40,0,0.23%,0.00%,"₹5,79,760.00",₹0.00,40,0
B00EVZ83J0,B00EVZ83J0,"Fossil Decker Brown Watch Ch2885 - Chronograph, Men, Leather","11,705",249,6.40%,7.20%,"16,455",332,6.71%,6.90%,49.11%,59.04%,37,2,0.32%,0.80%,"₹2,97,739.00","₹16,094.00",37,2
B00NVAWTLY,B00NVAWTLY,"Fossil Nate Analog Black Dial Men's Watch-JR1487 Genuine Leather, Brown Strap","2,432",34,1.33%,0.98%,"3,428",44,1.40%,0.91%,86.24%,96.00%,19,1,0.78%,2.94%,"₹1,92,793.00","₹10,147.00",19,1
B00AFTTQQ0,B00AFTTQQ0,Fossil Grant Chronograph Black Dial Men's Watch-FS4812,"2,181",23,1.19%,0.66%,"3,127",26,1.27%,0.54%,90.61%,100.00%,14,0,0.64%,0.00%,"₹1,27,358.00",₹0.00,14,0
B004D4S7AY,B004D4S7AY,Fossil Analog Gold Dial Women's Watch - ES2811,"5,169",62,2.82%,1.79%,"7,281",104,2.97%,2.16%,51.88%,58.18%,13,2,0.25%,3.23%,"₹1,75,422.00","₹26,988.00",13,2
B008AXYWHQ,B008AXYWHQ,Fossil Nate Chronograph Analog Black Dial Grey Band Men's Stainless Steel Watch - JR1401,"3,906",73,2.13%,2.11%,"5,628",104,2.29%,2.16%,95.97%,97.50%,12,0,0.31%,0.00%,"₹1,34,364.00",₹0.00,12,0
B06VV5QB6Q,B06VV5QB6Q,"Fossil Analog Black Dial Men's Watch-FS5308 Stainless Steel, Black Strap",959,10,0.52%,0.29%,"1,332",13,0.54%,0.27%,81.34%,100.00%,12,0,1.25%,0.00%,"₹1,13,916.00",₹0.00,12,0
B07CSNG8XL,B07CSNG8XL,Fossil Carlie Analog White Dial Women's Watch - ES4433,"2,225",26,1.22%,0.75%,"3,042",45,1.24%,0.93%,87.62%,100.00%,12,1,0.54%,3.85%,"₹1,13,928.00","₹9,494.00",12,1
B07N6KCJM4,B07N6KCJM4,Saregama Carvaan Mini 2.0 Telugu- Music Player with Bluetooth/FM/AM/AUX (Sunset Red),"1,031",22,0.56%,0.64%,"1,416",28,0.58%,0.58%,43.70%,27.27%,12,0,1.16%,0.00%,"₹29,880.00",₹0.00,12,0
B0DSBSD26P,B0DSBSD26P,Fossil Chronograph Men Neutra Grey Quartz Stainless Steel Blue Dial Watch FS6111,"1,405",39,0.77%,1.13%,"1,967",73,0.80%,1.52%,83.95%,100.00%,10,1,0.71%,2.56%,"₹1,44,940.00","₹14,494.00",10,1
B08QVCPDVT,B08QVCPDVT,Fossil Neutra Silver Watch FS5792,"1,722",28,0.94%,0.81%,"2,381",35,0.97%,0.73%,92.28%,100.00%,9,0,0.52%,0.00%,"₹1,30,446.00",₹0.00,9,0
B07M7P7VLX,B07M7P7VLX,Fossil Women's Analog Watch (Black),"1,242",20,0.68%,0.58%,"1,730",30,0.71%,0.62%,92.88%,100.00%,8,0,0.64%,0.00%,"₹75,576.00",₹0.00,8,0
B08K969L6V,B08K969L6V,"Saregama Carvaan Mini Kids - Pre-Loaded with Stories, Rhymes, Learnings, Mantras with Bluetooth/USB/Aux in-Out","2,229",55,1.22%,1.59%,"3,256",81,1.33%,1.68%,7.99%,11.43%,8,0,0.36%,0.00%,"₹25,520.00",₹0.00,8,0
B0058XWUHA,B0058XWUHA,Michael Kors Parker Analog White Dial Gold Band Women's Stainless Steel Watch-MK5491,771,14,0.42%,0.40%,"1,111",16,0.45%,0.33%,96.35%,100.00%,6,0,0.78%,0.00%,"₹1,37,964.00",₹0.00,6,0
B07LDHVWTF,B07LDHVWTF,Saregama Carvaan Mini 2.0 Gurbani- Music Player with Bluetooth/FM/AM/AUX (Saffron Orange),"1,077",30,0.59%,0.87%,"1,527",46,0.62%,0.96%,11.85%,7.69%,6,0,0.56%,0.00%,"₹14,940.00",₹0.00,6,0
B0FTMM455Z,B0FTMM455Z,Fossil Raquel Gold Quartz Stainless Steel Watch ES5452,"1,140",31,0.62%,0.90%,"1,577",36,0.64%,0.75%,91.80%,100.00%,6,0,0.53%,0.00%,"₹80,970.00",₹0.00,6,0
B079XB5RXH,B079XB5RXH,Michael Kors Ritz Analogue Women's Watch (Rose Gold Dial Rose Gold Colored Strap),"1,097",21,0.60%,0.61%,"1,466",30,0.60%,0.62%,99.55%,100.00%,5,0,0.46%,0.00%,"₹1,22,470.00",₹0.00,5,0
B0D936GPVL,B0D936GPVL,Fossil Harlow Gold Watch ES5361,"5,714",55,3.12%,1.59%,"7,131",70,2.91%,1.45%,91.89%,93.33%,5,0,0.09%,0.00%,"₹67,475.00",₹0.00,5,0
B0DKJHSD8R,B0DKJHSD8R,Armani Exchange Analog Gray Dial Men's Stainless Steel Watch-AX4184,"3,289",86,1.80%,2.49%,"4,516",113,1.84%,2.35%,88.79%,82.76%,5,0,0.15%,0.00%,"₹79,975.00",₹0.00,5,0
B07MFZ6S2Q,B07MFZ6S2Q,Fossil Neutra Analog Black Dial and Band Men's Stainless Steel Watch-FS5525,863,18,0.47%,0.52%,"1,191",22,0.49%,0.46%,89.56%,100.00%,4,0,0.46%,0.00%,"₹57,976.00",₹0.00,4,0
B0DSBQCZTK,B0DSBQCZTK,Armani Exchange Men Analogue Black Band Black Quartz Stainless Steel Watch AX2463,"1,942",41,1.06%,1.18%,"2,621",63,1.07%,1.31%,97.54%,100.00%,4,1,0.21%,2.44%,"₹95,964.00","₹23,991.00",4,1
B0DSBRWZ8N,B0DSBRWZ8N,Fossil Chronograph Men Neutra Brown Quartz Leather Gold Dial Watch FS6113,900,9,0.49%,0.26%,"1,187",20,0.48%,0.42%,67.71%,100.00%,4,0,0.44%,0.00%,"₹51,980.00",₹0.00,4,0
B0DSBSGK17,B0DSBSGK17,Fossil Men Everett Multicolor Quartz Stainless Steel Green Dial Analog Watch FS6106,"1,701",40,0.93%,1.16%,"2,277",49,0.93%,1.02%,73.89%,94.44%,4,0,0.24%,0.00%,"₹63,980.00",₹0.00,4,0
B00WM0CF4A,B00WM0CF4A,Fossil Women's ES3843 Jacqueline Analog Quartz Blue Watch,"1,555",34,0.85%,0.98%,"2,004",40,0.82%,0.83%,57.10%,83.33%,3,1,0.19%,2.94%,"₹29,985.00","₹9,995.00",3,1
B0846Q1JT5,B0846Q1JT5,Armani Exchange Analog Silver Dial Women's Stainless Steel Watch-Ax5901,"1,033",13,0.56%,0.38%,"1,335",21,0.54%,0.44%,90.20%,100.00%,3,0,0.29%,0.00%,"₹46,485.00",₹0.00,3,0
B0CHXTNMNX,B0CHXTNMNX,"Armani Exchange Stainless Steel Analog Blue Dial Men's Watch-Ax7151Set, Band Color:Gold",358,11,0.20%,0.32%,478,13,0.19%,0.27%,83.76%,85.71%,3,0,0.84%,0.00%,"₹59,985.00",₹0.00,3,0
B0D854LDQM,B0D854LDQM,"Armani Exchange Stainless Steel Analog Blue Dial Men's Watch-Ax4182, Band Color:Gray",560,15,0.31%,0.43%,815,24,0.33%,0.50%,100.00%,100.00%,3,0,0.54%,0.00%,"₹47,985.00",₹0.00,3,0
B0D9362N4Q,B0D9362N4Q,Fossil Harlow Silver Watch ES5363,"1,130",14,0.62%,0.40%,"1,445",20,0.59%,0.42%,87.51%,100.00%,3,0,0.27%,0.00%,"₹40,482.00",₹0.00,3,0
B0D9574DPS,B0D9574DPS,Fossil Neutra Gold Watch ES5358,327,6,0.18%,0.17%,452,8,0.18%,0.17%,94.91%,100.00%,4,0,1.22%,0.00%,"₹26,982.00",₹0.00,3,0
B0DT2KTXK3,B0DT2KTXK3,Emporio Armani Silver Quartz Stainless Steel Watch AR11676,96,4,0.05%,0.12%,154,12,0.06%,0.25%,93.23%,0.00%,3,0,3.13%,0.00%,"₹50,391.00",₹0.00,3,0
B0F29SZCVF,B0F29SZCVF,"NexLev Knee Massager for Joint Pain Relief |Controlled Vibration & Heating for Arthritis, Knee, Shoulder or Elbow pain | 15 modes |2 Extension Belt |Graphene Heating pad for Consistent Heating | KM-01",91,0,0.05%,0.00%,114,0,0.05%,0.00%,99.06%,0.00%,3,0,3.30%,0.00%,"₹4,782.00",₹0.00,3,0
B007NM84PQ,B007NM84PQ,Fossil Women Jesse Analog Rose Gold Dial Watch - ES3020,"2,379",18,1.30%,0.52%,"3,016",21,1.23%,0.44%,96.64%,91.67%,2,0,0.08%,0.00%,"₹23,988.00",₹0.00,2,0
B00AFTT8KE,B00AFTT8KE,"Fossil Analog Silver Dial Women's Watch - ES3284 Stainless Steel, Gold Strap",590,11,0.32%,0.32%,835,15,0.34%,0.31%,98.04%,100.00%,2,0,0.34%,0.00%,"₹25,988.00",₹0.00,2,0
B00AMWDOEK,B00AMWDOEK,Fossil Grant Chronograph Beige Dial Men's Watch - FS4735,"2,898",35,1.58%,1.01%,"3,657",50,1.49%,1.04%,97.68%,100.00%,2,0,0.07%,0.00%,"₹25,988.00",₹0.00,2,0
B0769YW2KN,B0769YW2KN,"Fossil Analog Black Dial Men's Watch - ME3154, Brown, Free Size","1,205",20,0.66%,0.58%,"1,514",23,0.62%,0.48%,74.95%,100.00%,2,0,0.17%,0.00%,"₹39,988.00",₹0.00,2,0
B07GZHQFYR,B07GZHQFYR,Saregama Carvaan Mini Hindi 2.0- Music Player with Bluetooth/FM/AM/AUX (Sunset Red),"1,793",38,0.98%,1.10%,"2,444",58,1.00%,1.20%,2.44%,0.00%,2,1,0.11%,2.63%,"₹4,980.00","₹2,490.00",2,1
B07QHNNN21,B07QHNNN21,"Saregama Carvaan Punjabi - Portable Music Player with 5000 Preloaded Songs, FM/BT/AUX (Porcelain White)",121,1,0.07%,0.03%,159,2,0.06%,0.04%,65.69%,100.00%,2,0,1.65%,0.00%,"₹13,580.00",₹0.00,2,0
B07RMH1BMS,B07RMH1BMS,Saregama SCM02 Carvaan Mini Malayalam Bluetooth Speaker (Sunset Red),306,6,0.17%,0.17%,409,11,0.17%,0.23%,25.14%,100.00%,2,0,0.65%,0.00%,"₹4,980.00",₹0.00,2,0
B07S3X9JYX,B07S3X9JYX,"Saregama Carvaan 2.0 Hindi Portable Music Player 5000 Pre-Loaded Songs with Podcast, FM/BT/AUX (Classic Black)",983,32,0.54%,0.92%,"1,314",41,0.54%,0.85%,25.90%,10.53%,2,0,0.20%,0.00%,"₹19,580.00",₹0.00,2,0
B0BFXL8ZP9,B0BFXL8ZP9,"Fossil Neutra Analog Green Dial Men's Watch-FS5963 Genuine Leather, Brown Strap","1,049",14,0.57%,0.40%,"1,481",15,0.60%,0.31%,88.73%,77.78%,2,0,0.19%,0.00%,"₹25,990.00",₹0.00,2,0
B0BS4BHNVN,B0BS4BHNVN,Michael Kors Harlowe Analog Rose Gold Dial Women's Stainless Steel Watch-Mk4710,255,5,0.14%,0.14%,333,7,0.14%,0.15%,91.00%,75.00%,2,0,0.78%,0.00%,"₹48,988.00",₹0.00,2,0
B0CFBB587Z,B0CFBB587Z,"Fossil Analog Multicolor Dial Men's Watch-ME3253 Stainless Steel, Black Strap","1,820",27,0.99%,0.78%,"2,422",48,0.99%,1.00%,88.24%,100.00%,2,1,0.11%,3.70%,"₹45,988.00","₹22,994.00",2,1
B0CHXTV16D,B0CHXTV16D,Armani Exchange Two Tone Watch AX1956,105,4,0.06%,0.12%,149,4,0.06%,0.08%,99.22%,100.00%,2,0,1.90%,0.00%,"₹24,494.00",₹0.00,2,0
B0CRCWV9DV,B0CRCWV9DV,"Fossil Men Sport Tourer Silver Quartz Stainless Steel Chronograph Watch Fs6048, Green Dial, Silver Band","1,020",25,0.56%,0.72%,"1,338",34,0.55%,0.71%,85.93%,100.00%,2,0,0.20%,0.00%,"₹31,988.00",₹0.00,2,0
B0CZ8ZKPJ9,B0CZ8ZKPJ9,Fossil Analog Women Blue Dive Black Dial Multi-Colour Quartz Stainless Steel Watch ES5349,517,9,0.28%,0.26%,682,23,0.28%,0.48%,37.21%,37.50%,2,0,0.39%,0.00%,"₹22,394.00",₹0.00,2,0
B0D84YD59Y,B0D84YD59Y,"Armani Exchange Stainless Steel Analog Silver Dial Women's Watch-Ax5725, Band Color:Gold",109,0,0.06%,0.00%,156,0,0.06%,0.00%,73.13%,0.00%,2,0,1.83%,0.00%,"₹24,988.00",₹0.00,2,0
B0D85171BL,B0D85171BL,"Armani Exchange Stainless Steel Analog Silver Dial Women's Watch-Ax5724, Band Color:Silver",181,2,0.10%,0.06%,237,2,0.10%,0.04%,98.08%,100.00%,2,1,1.10%,50.00%,"₹21,988.00","₹10,994.00",2,1
B0D8572WTJ,B0D8572WTJ,"Armani Exchange Stainless Steel Analog Black Dial Men's Watch-Ax4183, Band Color:Black",562,6,0.31%,0.17%,774,8,0.32%,0.17%,94.01%,80.00%,2,0,0.36%,0.00%,"₹31,988.00",₹0.00,2,0
B0D954M6YQ,B0D954M6YQ,Fossil Neutra Silver Watch ES5357,114,2,0.06%,0.06%,154,2,0.06%,0.04%,52.21%,0.00%,2,0,1.75%,0.00%,"₹18,894.00",₹0.00,2,0
B0D955BY7N,B0D955BY7N,Michael Kors Harlowe Rose Gold Watch MK4845,45,0,0.02%,0.00%,73,0,0.03%,0.00%,98.21%,0.00%,2,0,4.44%,0.00%,"₹40,988.00",₹0.00,2,0
B0D9568SN6,B0D9568SN6,Michael Kors Brynn Gold Watch MK7504,28,0,0.02%,0.00%,46,0,0.02%,0.00%,88.89%,0.00%,2,0,7.14%,0.00%,"₹37,794.00",₹0.00,2,0
B0DP5JYG31,B0DP5JYG31,Michael Kors Panorama Black Quartz Stainless Steel Watch MK9198,109,5,0.06%,0.14%,167,6,0.07%,0.12%,51.66%,66.67%,2,0,1.83%,0.00%,"₹22,996.00",₹0.00,2,0
B0DP5KBJ7H,B0DP5KBJ7H,Michael Kors Panorama Gold Quartz Stainless Steel Watch MK9195,118,1,0.06%,0.03%,167,5,0.07%,0.10%,41.06%,0.00%,2,0,1.69%,0.00%,"₹22,996.00",₹0.00,2,0
B0DSBN62LR,B0DSBN62LR,Armani Exchange Black Quartz Silicone Watch AX7165SET,223,5,0.12%,0.14%,325,6,0.13%,0.12%,94.39%,100.00%,2,0,0.90%,0.00%,"₹31,990.00",₹0.00,2,0
B0DSBPCW8R,B0DSBPCW8R,Armani Exchange Pink Quartz Stainless Steel Watch AX5729,14,0,0.01%,0.00%,32,0,0.01%,0.00%,88.00%,0.00%,2,0,14.29%,0.00%,"₹24,990.00",₹0.00,2,0
B0DSBQDZNV,B0DSBQDZNV,Fossil Men Everett Silver Quartz Stainless Steel Blue Dial Analog Watch FS6104,825,18,0.45%,0.52%,"1,140",21,0.46%,0.44%,36.29%,100.00%,2,0,0.24%,0.00%,"₹31,990.00",₹0.00,2,0
B00AFTTQ8I,B00AFTTQ8I,Fossil Chronograph men Grant Brown Quartz Leather Watch FS4813IE,"1,890",11,1.03%,0.32%,"2,396",12,0.98%,0.25%,99.50%,100.00%,1,0,0.05%,0.00%,"₹12,994.00",₹0.00,1,0
B00FF8CDSO,B00FF8CDSO,"Fossil Leather Virginia Analog Gold Dial Women's Watch-Es3405, Band Color:Multicolor",29,0,0.02%,0.00%,47,0,0.02%,0.00%,75.76%,0.00%,1,0,3.45%,0.00%,"₹7,797.00",₹0.00,1,0
B00PW3J8LM,B00PW3J8LM,"Fossil Men Leather Townsman Analog Black Dial Watch -Me3061, Band Color-Brown",391,8,0.21%,0.23%,503,10,0.21%,0.21%,79.56%,100.00%,1,0,0.26%,0.00%,"₹19,494.00",₹0.00,1,0
B00Z52HG6O,B00Z52HG6O,Michael Kors Slim Runway Analog Rose Gold Dial Women's Watch-MK3197,405,15,0.22%,0.43%,555,26,0.23%,0.54%,99.79%,100.00%,1,1,0.25%,6.67%,"₹10,497.00","₹10,497.00",1,1
B012R0UNAW,B012R0UNAW,"Emporio Armani Stainless Steel Gianni T-Bar Analog White Dial Women Watch - Ar1926, Multi-Color Band","1,834",23,1.00%,0.66%,"2,418",37,0.99%,0.77%,97.43%,100.00%,1,0,0.05%,0.00%,"₹32,494.00",₹0.00,1,0
B01GZZZ328,B01GZZZ328,Emporio Armani Luigi Analog White Dial Men's Watch - AR2502,177,2,0.10%,0.06%,238,2,0.10%,0.04%,80.29%,100.00%,1,0,0.56%,0.00%,"₹14,495.00",₹0.00,1,0
B07LDJJ4JP,B07LDJJ4JP,Saregama Carvaan Mini 2.0 Tamil- Music Player with Bluetooth/FM/AM/AUX (Sunset Red),479,14,0.26%,0.40%,667,25,0.27%,0.52%,3.77%,0.00%,1,0,0.21%,0.00%,"₹2,490.00",₹0.00,1,0
B07MM5MH6F,B07MM5MH6F,"Fossil Watch, Black, Free Size, (FS5512)","1,006",15,0.55%,0.43%,"1,293",17,0.53%,0.35%,96.58%,100.00%,1,0,0.10%,0.00%,"₹12,994.00",₹0.00,1,0
B07RZ1R1HJ,B07RZ1R1HJ,"Fossil Analog Gold Dial Women's Watch (ES4628, Multicolour)",873,8,0.48%,0.23%,"1,176",14,0.48%,0.29%,97.95%,100.00%,1,0,0.11%,0.00%,"₹12,994.00",₹0.00,1,0
B07SRVV8V4,B07SRVV8V4,"Fossil Gen 5 Carlyle Stainless Steel Touchscreen Men's Smartwatch with Speaker, Heart Rate, GPS and Smartphone Notifications - FTW4024",94,3,0.05%,0.09%,123,5,0.05%,0.10%,85.19%,100.00%,1,0,1.06%,0.00%,"₹22,995.00",₹0.00,1,0
B07T2XZ5K4,B07T2XZ5K4,Diesel Analog Silver Dial Men's Watch-DZ2219,46,2,0.03%,0.06%,66,3,0.03%,0.06%,65.38%,100.00%,1,0,2.17%,0.00%,"₹10,497.00",₹0.00,1,0
B07T3ZLNM3,B07T3ZLNM3,"Diesel Leather Analog Silver Dial Men's Watch-Dz4665, Band Color -Brown","1,731",26,0.95%,0.75%,"2,077",30,0.85%,0.62%,77.57%,66.67%,1,0,0.06%,0.00%,"₹21,495.00",₹0.00,1,0
B07T53XXCF,B07T53XXCF,Diesel Analog Black Dial Men's Watch-DZ2196,3,0,0.00%,0.00%,9,0,0.00%,0.00%,100.00%,0.00%,1,0,33.33%,0.00%,"₹11,897.00",₹0.00,1,0
B07T64HT6R,B07T64HT6R,Diesel D-Era Gold Quartz Stainless Steel Watch DZ5611,53,0,0.03%,0.00%,72,0,0.03%,0.00%,80.95%,0.00%,1,0,1.89%,0.00%,"₹19,995.00",₹0.00,1,0
B0846PC77Q,B0846PC77Q,Armani Exchange Analogue Men's Watch (Black Dial Black Colored Strap),191,4,0.10%,0.12%,245,4,0.10%,0.08%,96.40%,100.00%,1,0,0.52%,0.00%,"₹15,494.00",₹0.00,1,0
B09CSXR4TR,B09CSXR4TR,Armani Exchange A?X Analog Black Dial Women's Stainless Steel Watch-Ax5911,202,3,0.11%,0.09%,238,3,0.10%,0.06%,93.61%,50.00%,1,0,0.50%,0.00%,"₹16,495.00",₹0.00,1,0
B09GYMBKMQ,B09GYMBKMQ,Armani Exchange Black Watch AX2429,10,2,0.01%,0.06%,16,4,0.01%,0.08%,100.00%,100.00%,1,1,10.00%,50.00%,"₹13,996.00","₹13,996.00",1,1
B09GYQ4RS7,B09GYQ4RS7,Fossil Everett Analog Gray Dial Men's Stainless Steel Watch-Me3206,"1,939",45,1.06%,1.30%,"2,504",56,1.02%,1.16%,70.84%,85.00%,1,0,0.05%,0.00%,"₹21,994.00",₹0.00,1,0
B09SHQSHBF,B09SHQSHBF,"Fossil Bronson Analog Black Dial Men's Watch-ME3218 Stainless Steel, Grey Strap","1,645",26,0.90%,0.75%,"1,989",28,0.81%,0.58%,79.30%,71.43%,1,0,0.06%,0.00%,"₹18,395.00",₹0.00,1,0
B0BQZH3LGP,B0BQZH3LGP,Armani Exchange Analog Beige Dial Men's Watch-AX1739,120,3,0.07%,0.09%,168,6,0.07%,0.12%,100.00%,100.00%,1,0,0.83%,0.00%,"₹17,495.00",₹0.00,1,0
B0C89RHY4W,B0C89RHY4W,Fossil Analog White Dial Women's Watch-Es5306 - Stainless Steel,203,3,0.11%,0.09%,254,5,0.10%,0.10%,51.28%,100.00%,1,1,0.49%,33.33%,"₹15,994.00","₹15,994.00",1,1
B0CF5XZR93,B0CF5XZR93,Fossil Analog Black Dial Men's Watch-Fs6032 - Stainless Steel,629,13,0.34%,0.38%,808,15,0.33%,0.31%,87.08%,100.00%,1,0,0.16%,0.00%,"₹13,494.00",₹0.00,1,0
B0CF61X2BG,B0CF61X2BG,Fossil Analog Blue Dial Men's Watch-Fs6029 - Stainless Steel,358,5,0.20%,0.14%,476,6,0.19%,0.12%,74.94%,100.00%,1,0,0.28%,0.00%,"₹13,494.00",₹0.00,1,0
B0CFBCTN93,B0CFBCTN93,"Fossil Machine Brown Automatic Leather Watch Me3254 - Analog, Men","2,099",39,1.15%,1.13%,"2,569",46,1.05%,0.96%,78.60%,92.31%,1,0,0.05%,0.00%,"₹20,994.00",₹0.00,1,0
B0CJ6ZW8F6,B0CJ6ZW8F6,"Fossil Watch Ring Gold dial ES5319 for Women, Analog, Stainless Steel, Gold Strap",526,1,0.29%,0.03%,644,2,0.26%,0.04%,28.38%,0.00%,1,0,0.19%,0.00%,"₹11,994.00",₹0.00,1,0
B0CM6WH4ZT,B0CM6WH4ZT,"Audio Array AI-12 USB Bluetooth Soundcard | 1Ch Mixer interface | 2 mic inputs, 2 smartphone & PC/Mac outputs | Karaoke Recording, Mobile/PC Streaming, Live Broadcasting | Singing, Recording,Gaming",432,8,0.24%,0.23%,579,9,0.24%,0.19%,17.86%,25.00%,1,0,0.23%,0.00%,"₹1,399.00",₹0.00,1,0
B0CRCZ8TGK,B0CRCZ8TGK,"Fossil Women Carlie Gold Quartz Stainless Steel Analogue Watch Es5329, Dial-Color:White",803,7,0.44%,0.20%,"1,021",16,0.42%,0.33%,65.38%,100.00%,1,0,0.12%,0.00%,"₹11,993.00",₹0.00,1,0
B0CRCZYDY6,B0CRCZYDY6,"Michael Kors Stainless Steel Analog White Dial Women's Watch-Mk4817Set, Band Color:Two-Tone",117,2,0.06%,0.06%,145,4,0.06%,0.08%,72.93%,100.00%,1,0,0.85%,0.00%,"₹24,495.00",₹0.00,1,0
B0CRD2CVZL,B0CRD2CVZL,Fossil Analog Women Gold Gold Scarlette Quartz Stainless Steel Watch ES5338,272,4,0.15%,0.12%,360,4,0.15%,0.08%,81.45%,100.00%,1,0,0.37%,0.00%,"₹11,994.00",₹0.00,1,0
B0CWRLQ99S,B0CWRLQ99S,"Armani Exchange Stainless Steel Analog Gray Dial Men's Watch-Ax1764, Band Color-Silver",14,0,0.01%,0.00%,21,0,0.01%,0.00%,100.00%,0.00%,1,0,7.14%,0.00%,"₹9,797.00",₹0.00,1,0
B0CYMWQCKL,B0CYMWQCKL,"Emporio Armani Leather Analog Beige Dial Men's Watch-Ar11610, Band Color-Brown",303,6,0.17%,0.17%,419,7,0.17%,0.15%,98.90%,100.00%,1,0,0.33%,0.00%,"₹14,494.00",₹0.00,1,0
B0D2LHNS9B,B0D2LHNS9B,"NexLev Foot Callus Remover | Electric Scrubber & Shaver for Dead, Hard & Cracked Skin | Professional Pedicure at Home | Waterproof | Type C | 3 Crystal Quartz Heads | For Men and Women| CR-01",76,1,0.04%,0.03%,113,1,0.05%,0.02%,4.21%,0.00%,1,0,1.32%,0.00%,₹0.00,₹0.00,1,0
B0D853Y52R,B0D853Y52R,"Armani Exchange Stainless Steel Analog Black Dial Men's Watch-Ax4181, Band Color:Multicolor",336,9,0.18%,0.26%,489,13,0.20%,0.27%,93.17%,87.50%,1,0,0.30%,0.00%,"₹15,995.00",₹0.00,1,0
B0D936P9C1,B0D936P9C1,Fossil Everett Brown Watch ME3261,581,9,0.32%,0.26%,802,16,0.33%,0.33%,22.61%,16.67%,1,0,0.17%,0.00%,"₹19,995.00",₹0.00,1,0
B0D955GP1C,B0D955GP1C,Michael Kors Analog Women Rylee Gold Watch MK4847,13,0,0.01%,0.00%,21,0,0.01%,0.00%,100.00%,0.00%,1,0,7.69%,0.00%,"₹11,546.00",₹0.00,1,0
B0D955L5S7,B0D955L5S7,Michael Kors Lexington Gold Watch MK4842,181,3,0.10%,0.09%,260,4,0.11%,0.08%,93.72%,100.00%,1,0,0.55%,0.00%,"₹18,494.00",₹0.00,1,0
B0D955YGX7,B0D955YGX7,Michael Kors Analog Men Accelerator 2.0 Black Dial Gold Watch MK9177,188,7,0.10%,0.20%,262,14,0.11%,0.29%,90.99%,100.00%,1,0,0.53%,0.00%,"₹19,596.00",₹0.00,1,0
B0DJ2V3TH2,B0DJ2V3TH2,Fossil Men's Everett Gold Quartz Analog Stainless Steel Watch FS6090,631,10,0.34%,0.29%,860,16,0.35%,0.33%,82.76%,75.00%,1,0,0.16%,0.00%,"₹13,494.00",₹0.00,1,0
B0DJ2VFZWN,B0DJ2VFZWN,Fossil Men's Minimalist Brown Analog Quartz Leather Watch FS6094,548,4,0.30%,0.12%,755,6,0.31%,0.12%,74.81%,100.00%,1,0,0.18%,0.00%,"₹7,995.00",₹0.00,1,0
B0DJ2WJ9R7,B0DJ2WJ9R7,Michael Kors Lexington Rose Gold Watch MK4863,103,2,0.06%,0.06%,131,4,0.05%,0.08%,100.00%,0.00%,1,0,0.97%,0.00%,"₹22,995.00",₹0.00,1,0
B0DJ2WKCPD,B0DJ2WKCPD,Fossil Women's Harlow Pink Quartz Analog Stainless Steel Watch ES5386,495,8,0.27%,0.23%,673,15,0.27%,0.31%,89.25%,100.00%,1,0,0.20%,0.00%,"₹13,495.00",₹0.00,1,0
B0DJ2WP1M5,B0DJ2WP1M5,Michael Kors Sage Black Watch MK9193,96,1,0.05%,0.03%,157,1,0.06%,0.02%,80.30%,100.00%,1,0,1.04%,0.00%,"₹20,495.00",₹0.00,1,0
B0DJ2XNSD2,B0DJ2XNSD2,Fossil Men's Townsman Brown Analog Automatic Leather Watch ME3266,"1,019",16,0.56%,0.46%,"1,345",31,0.55%,0.64%,69.02%,83.33%,1,0,0.10%,0.00%,"₹19,495.00",₹0.00,1,0
B0DJ2XQB3P,B0DJ2XQB3P,Fossil Men's Everett Black Analog Quartz Leather Watch FS6089,549,8,0.30%,0.23%,748,12,0.30%,0.25%,72.34%,85.71%,1,0,0.18%,0.00%,"₹8,397.00",₹0.00,1,0
B0DKJBJBX6,B0DKJBJBX6,Armani Exchange Analog Black Dial Men's Watch-AX7163SET,304,8,0.17%,0.23%,435,11,0.18%,0.23%,67.10%,100.00%,1,0,0.33%,0.00%,"₹19,995.00",₹0.00,1,0
B0DKJG6R31,B0DKJG6R31,Armani Exchange Analog Black Dial Men's Stainless Steel Watch-AX2459,68,0,0.04%,0.00%,88,0,0.04%,0.00%,77.78%,0.00%,1,0,1.47%,0.00%,"₹8,248.00",₹0.00,1,0
B0DKJH623H,B0DKJH623H,Armani Exchange Analog Black Dial Men's Stainless Steel Watch-AX2461,605,19,0.33%,0.55%,857,24,0.35%,0.50%,35.04%,27.27%,1,0,0.17%,0.00%,"₹10,797.00",₹0.00,1,0
B0DKJJDZSF,B0DKJJDZSF,Armani Exchange Analog Gray Dial Men's Watch-AX2462,"1,072",25,0.59%,0.72%,"1,447",32,0.59%,0.66%,64.49%,50.00%,1,0,0.09%,0.00%,"₹9,998.00",₹0.00,1,0
B0DP5J526J,B0DP5J526J,Michael Kors Panorama Black Quartz Leather Watch MK9201,46,0,0.03%,0.00%,60,0,0.02%,0.00%,67.24%,0.00%,1,0,2.17%,0.00%,"₹12,297.00",₹0.00,1,0
B0DSBPGKDR,B0DSBPGKDR,Armani Exchange Gold Quartz Stainless Steel Watch AX5916,68,1,0.04%,0.03%,102,1,0.04%,0.02%,85.39%,0.00%,1,0,1.47%,0.00%,"₹14,995.00",₹0.00,1,0
B0DT2Q1R2H,B0DT2Q1R2H,Emporio Armani Black Quartz Leather Watch AR11666,"2,010",20,1.10%,0.58%,"2,500",22,1.02%,0.46%,94.65%,91.67%,1,0,0.05%,0.00%,"₹15,995.00",₹0.00,1,0
B0DT2QDBS3,B0DT2QDBS3,Emporio Armani Brown Quartz Leather Watch AR11665,468,5,0.26%,0.14%,621,13,0.25%,0.27%,77.80%,50.00%,1,0,0.21%,0.00%,"₹15,995.00",₹0.00,1,0
B0DT2Y9HRM,B0DT2Y9HRM,Emporio Armani Black Quartz Leather Watch AR11677,279,14,0.15%,0.40%,375,19,0.15%,0.39%,91.44%,75.00%,1,0,0.36%,0.00%,"₹17,146.00",₹0.00,1,0
B0DT2ZS8T4,B0DT2ZS8T4,Emporio Armani Pink Quartz Stainless Steel Watch AR11671,29,0,0.02%,0.00%,36,0,0.01%,0.00%,87.50%,0.00%,1,0,3.45%,0.00%,"₹17,147.00",₹0.00,1,0
B0DT36621X,B0DT36621X,Emporio Armani Brown Quartz Leather Watch AR11672,51,3,0.03%,0.09%,66,3,0.03%,0.06%,100.00%,100.00%,1,0,1.96%,0.00%,"₹14,495.00",₹0.00,1,0
B0DT37Y5FY,B0DT37Y5FY,Michael Kors Gramercy Silver Quartz Stainless Steel Watch MK7529,51,3,0.03%,0.09%,60,3,0.02%,0.06%,100.00%,0.00%,1,0,1.96%,0.00%,"₹10,248.00",₹0.00,1,0
B0FCVPBY7Y,B0FCVPBY7Y,Fossil Grant Multicolor Quartz Stainless Steel Watch FS6131,"1,202",34,0.66%,0.98%,"1,723",61,0.70%,1.27%,16.97%,6.06%,1,0,0.08%,0.00%,"₹14,495.00",₹0.00,1,0
B0FFD4KBM7,B0FFD4KBM7,Armani Exchange Blue Quartz Stainless Steel Watch AX5730,82,2,0.04%,0.06%,113,2,0.05%,0.04%,90.00%,100.00%,1,0,1.22%,0.00%,"₹12,494.00",₹0.00,1,0
B0FJ2RND61,B0FJ2RND61,Fossil Townsman Brown Automatic Leather Watch ME3270,"1,565",44,0.86%,1.27%,"2,025",59,0.83%,1.23%,77.61%,79.17%,1,0,0.06%,0.00%,"₹19,994.00",₹0.00,1,0
B0FK1995CB,B0FK1995CB,Michael Kors Bryant Brown Quartz Stainless Steel Watch MK7559,83,2,0.05%,0.06%,121,3,0.05%,0.06%,81.82%,50.00%,1,0,1.20%,0.00%,"₹24,494.00",₹0.00,1,0
B0FQ832739,B0FQ832739,Michael Kors Lexington Gold Quartz Stainless Steel Watch MK9245SET,50,4,0.03%,0.12%,73,5,0.03%,0.10%,89.06%,100.00%,1,0,2.00%,0.00%,"₹26,995.00",₹0.00,1,0
B0FRVT4SJ1,B0FRVT4SJ1,Armani Exchange Analog Green Dial Men's Watch-AX2765,65,1,0.04%,0.03%,83,1,0.03%,0.02%,76.00%,0.00%,1,0,1.54%,0.00%,"₹12,495.00",₹0.00,1,0
B0FRWJ5N3P,B0FRWJ5N3P,Armani Exchange Rose Gold Watch Set AX7175SET,33,0,0.02%,0.00%,47,0,0.02%,0.00%,90.48%,0.00%,1,0,3.03%,0.00%,"₹15,995.00",₹0.00,1,0
B0FS5QZRYB,B0FS5QZRYB,Fossil Scarlette Multicolor Quartz Stainless Steel Watch ES5443,650,9,0.36%,0.26%,906,9,0.37%,0.19%,94.79%,100.00%,1,0,0.15%,0.00%,"₹11,995.00",₹0.00,1,0
B0FS6N1YT5,B0FS6N1YT5,Michael Kors Essex 2-Tone Watch MK4967,60,2,0.03%,0.06%,95,2,0.04%,0.04%,72.62%,0.00%,1,0,1.67%,0.00%,"₹15,995.00",₹0.00,1,0
B0FTK1RVG8,B0FTK1RVG8,Fossil Crosby Brown Quartz Leather Watch FS6150,332,12,0.18%,0.35%,420,16,0.17%,0.33%,78.63%,50.00%,1,0,0.30%,0.00%,"₹11,995.00",₹0.00,1,0
B0FTKCRHPQ,B0FTKCRHPQ,Emporio Armani Brown Quartz Rubber Watch AR11714,34,2,0.02%,0.06%,54,2,0.02%,0.04%,100.00%,100.00%,1,0,2.94%,0.00%,"₹18,495.00",₹0.00,1,0
B0FTKJC5JW,B0FTKJC5JW,Fossil Neutra Brown Quartz Leather Watch FS6143,66,1,0.04%,0.03%,88,1,0.04%,0.02%,65.82%,0.00%,1,0,1.52%,0.00%,"₹12,995.00",₹0.00,1,0
B0FTML3VHG,B0FTML3VHG,Fossil Harlow Gold Quartz Stainless Steel Watch ES5451,550,14,0.30%,0.40%,763,19,0.31%,0.39%,47.43%,18.18%,1,0,0.18%,0.00%,"₹13,495.00",₹0.00,1,0
B0FTMMHDNH,B0FTMMHDNH,Michael Kors Parker Multicolor Quartz Stainless Steel Watch MKO1224,100,2,0.05%,0.06%,154,2,0.06%,0.04%,100.00%,100.00%,1,0,1.00%,0.00%,"₹24,495.00",₹0.00,1,0
B0FTMMNCK7,B0FTMMNCK7,Fossil Sloan Gold Quartz Stainless Steel Watch ES5444,407,10,0.22%,0.29%,565,16,0.23%,0.33%,66.81%,33.33%,1,0,0.25%,0.00%,"₹15,995.00",₹0.00,1,0
B0FTMNTYMX,B0FTMNTYMX,Fossil Crosby Blue Quartz Leather Watch FS6149,101,2,0.06%,0.06%,137,2,0.06%,0.04%,93.16%,0.00%,1,0,0.99%,0.00%,"₹11,995.00",₹0.00,1,0
B001J1772I,B001J1772I,Diesel Mega Chief Analog Grey Over sized dial Men's Watch - DZ1206,395,5,0.22%,0.14%,494,5,0.20%,0.10%,90.38%,100.00%,0,0,0.00%,0.00%,₹0.00,₹0.00,0,0
B002LZUAFM,B002LZUAFM,Emporio Armani Mens Chronograph Stainless Steel Watch (Black_Free Size),"1,891",19,1.03%,0.55%,"2,626",23,1.07%,0.48%,69.09%,87.50%,0,0,0.00%,0.00%,₹0.00,₹0.00,0,0
B00786VY22,B00786VY22,Armani Exchange Mens Hampton Leather Analogue Watch - AX2101 (Black_Free Size),103,3,0.06%,0.09%,120,3,0.05%,0.06%,3.51%,0.00%,0,0,0.00%,0.00%,₹0.00,₹0.00,0,0
B00944CXEY,B00944CXEY,Michael Kors Darci Analog Silver Dial Women's Watch - MK3190,215,3,0.12%,0.09%,276,4,0.11%,0.08%,71.88%,100.00%,0,0,0.00%,0.00%,₹0.00,₹0.00,0,0
B01GZZYSRO,B01GZZYSRO,Emporio Armani Analog Blue Dial Men's Watch-Ar1979 - Stainless Steel,316,13,0.17%,0.38%,460,16,0.19%,0.33%,95.06%,100.00%,0,0,0.00%,0.00%,₹0.00,₹0.00,0,0
B01KNMEVDG,B01KNMEVDG,Fossil Grant Sport Blue Watch FS5237,"9,820",195,5.37%,5.64%,"12,923",256,5.27%,5.32%,2.76%,1.68%,0,0,0.00%,0.00%,₹0.00,₹0.00,0,0
B01MTYS3BW,B01MTYS3BW,Diesel Analog Stainless Steel Black Dial and Band (Big dial) Men's Watch-DZ7395,"3,849",105,2.10%,3.03%,"4,925",151,2.01%,3.14%,0.21%,0.00%,0,0,0.00%,0.00%,₹0.00,₹0.00,0,0
B077SMJP9Z,B077SMJP9Z,"Skagen Stainless Steel Analog White Dial Women Watch - Skw2694, Rose Gold Band",587,6,0.32%,0.17%,738,11,0.30%,0.23%,0.00%,0.00%,0,0,0.00%,0.00%,₹0.00,₹0.00,0,0
B077SN2LNP,B077SN2LNP,Michael Kors Lexington Analog Black Dial Men's Watch-MK8603,133,4,0.07%,0.12%,184,7,0.08%,0.15%,76.97%,100.00%,0,0,0.00%,0.00%,₹0.00,₹0.00,0,0
B07QSK7DHR,B07QSK7DHR,Michael Kors Analog Gold Dial Women's Watch-MK4339,40,0,0.02%,0.00%,56,0,0.02%,0.00%,66.00%,0.00%,0,0,0.00%,0.00%,₹0.00,₹0.00,0,0
B07QW9DDGB,B07QW9DDGB,Michael Kors Maci Blue Watch MK2833,7,0,0.00%,0.00%,7,0,0.00%,0.00%,100.00%,0.00%,0,0,0.00%,0.00%,₹0.00,₹0.00,0,0
B07RMH1F26,B07RMH1F26,Saregama Carvaan Mini 2.0 Kannada- Music Player with Bluetooth/FM/AM/AUX (Sunset Red),206,6,0.11%,0.17%,303,8,0.12%,0.17%,10.49%,0.00%,0,0,0.00%,0.00%,₹0.00,₹0.00,0,0
B07SPCV89W,B07SPCV89W,Saregama Carvaan Mini 2.0 Bengali- Music Player with Bluetooth/FM/AM/AUX (Sunset red),529,6,0.29%,0.17%,743,8,0.30%,0.17%,4.96%,0.00%,0,0,0.00%,0.00%,₹0.00,₹0.00,0,0
B07SZSVT1F,B07SZSVT1F,"Diesel Stainless Steel Analog Silver Dial Men's Watch-Dz2213, Band Color:Black",47,3,0.03%,0.09%,56,3,0.02%,0.06%,85.42%,100.00%,0,0,0.00%,0.00%,₹0.00,₹0.00,0,0
B07T1X89FZ,B07T1X89FZ,"Diesel Stainless Steel Analog Silver Dial Men's Watch-Dz2215, Band Color:Green",29,1,0.02%,0.03%,36,2,0.01%,0.04%,45.16%,100.00%,0,0,0.00%,0.00%,₹0.00,₹0.00,0,0
B07T1X8TKH,B07T1X8TKH,"Diesel Stainless Steel Analog White Dial Men's Watch-Dz2214, Band Color:Gold",17,1,0.01%,0.03%,22,1,0.01%,0.02%,100.00%,100.00%,0,0,0.00%,0.00%,₹0.00,₹0.00,0,0
B07T1X96CL,B07T1X96CL,"Diesel Leather Analog Multicolor Dial Men's Watch-Dz4667, Band Color -Black",212,4,0.12%,0.12%,302,7,0.12%,0.15%,50.38%,50.00%,0,0,0.00%,0.00%,₹0.00,₹0.00,0,0
B07T2XY7V5,B07T2XY7V5,Diesel Spiked Black Quartz Leather Watch DZ4671,21,0,0.01%,0.00%,29,0,0.01%,0.00%,91.67%,0.00%,0,0,0.00%,0.00%,₹0.00,₹0.00,0,0
B07T2XYGR5,B07T2XYGR5,Diesel Men Spiked Green Quartz Stainless Steel Chronograph Watch DZ4670,126,2,0.07%,0.06%,181,5,0.07%,0.10%,91.93%,100.00%,0,0,0.00%,0.00%,₹0.00,₹0.00,0,0
B07T2XYHYD,B07T2XYHYD,Diesel D-Era White Quartz Leather Watch DZ5613,8,0,0.00%,0.00%,9,0,0.00%,0.00%,77.78%,0.00%,0,0,0.00%,0.00%,₹0.00,₹0.00,0,0
B07T3ZPD9X,B07T3ZPD9X,Diesel D-Era Black Quartz Leather Watch DZ5612,34,1,0.02%,0.03%,41,3,0.02%,0.06%,67.65%,100.00%,0,0,0.00%,0.00%,₹0.00,₹0.00,0,0
B07T53T1KV,B07T53T1KV,Diesel Mr. Daddy Slim Grey Quartz Stainless Steel Watch DZ7487,301,10,0.16%,0.29%,393,11,0.16%,0.23%,82.52%,60.00%,0,0,0.00%,0.00%,₹0.00,₹0.00,0,0
B07T62VK1C,B07T62VK1C,"Diesel Stainless Steel Analog White Dial Men's Watch-Dz2212, Band Color:Silver",121,0,0.07%,0.00%,151,0,0.06%,0.00%,88.64%,0.00%,0,0,0.00%,0.00%,₹0.00,₹0.00,0,0
B07T62XNWY,B07T62XNWY,Diesel D-Era Silver Quartz Stainless Steel Watch DZ5609,14,0,0.01%,0.00%,15,0,0.01%,0.00%,92.86%,0.00%,0,0,0.00%,0.00%,₹0.00,₹0.00,0,0
B07T62YVHY,B07T62YVHY,Diesel Wonder-D White Watch DZ5618,61,3,0.03%,0.09%,83,5,0.03%,0.10%,100.00%,100.00%,0,0,0.00%,0.00%,₹0.00,₹0.00,0,0
B07T63MQ9G,B07T63MQ9G,"Diesel Leather Analog Black Dial Men's Watch-Dz2210Set, Band Color -Black",15,0,0.01%,0.00%,18,0,0.01%,0.00%,100.00%,0.00%,0,0,0.00%,0.00%,₹0.00,₹0.00,0,0
B07T63ZJTR,B07T63ZJTR,"Diesel Stainless Steel Analog Yellow Dial Men's Watch-Dz4662, Band Color -Gold",125,4,0.07%,0.12%,153,7,0.06%,0.15%,100.00%,100.00%,0,0,0.00%,0.00%,₹0.00,₹0.00,0,0
B07WLWN2ZT,B07WLWN2ZT,"TONOR USB Gaming Microphone, Computer Condenser PC Mic with Tripod Stand & Pop for Streaming, Podcasting, Vocal Recording, Compatible with iMac PC Laptop Desktop Windows Computer, TC-777",361,7,0.20%,0.20%,489,10,0.20%,0.21%,0.00%,0.00%,0,0,0.00%,0.00%,₹0.00,₹0.00,0,0
B0846PJPW9,B0846PJPW9,Armani Exchange Black Dial Analog Men's Watch,"3,911",66,2.14%,1.91%,"5,229",83,2.13%,1.72%,7.22%,5.26%,0,0,0.00%,0.00%,₹0.00,₹0.00,0,0
B084CG2ZVZ,B084CG2ZVZ,Fossil Neutra Chrono Grey Quartz Stainless Steel Watch FS5699,310,8,0.17%,0.23%,425,10,0.17%,0.21%,90.05%,100.00%,0,0,0.00%,0.00%,₹0.00,₹0.00,0,0
B085YFCGNF,B085YFCGNF,Saregama Carvaan Mini 2.0 Marathi (Sadabahar Gaani) - Music Player with Bluetooth/FM/AM/AUX (Sunset Red),584,14,0.32%,0.40%,860,22,0.35%,0.46%,9.44%,0.00%,0,0,0.00%,0.00%,₹0.00,₹0.00,0,0
B088NYP2LX,B088NYP2LX,"MVMT Stainless Steel Caviar Analog Black Dial Men Watch-28000052-D, Black Band",2,0,0.00%,0.00%,2,0,0.00%,0.00%,0.00%,0.00%,0,0,0.00%,0.00%,₹0.00,₹0.00,0,0
B088NZCC28,B088NZCC28,MVMT Caviar Quartz Black Round Dial Men's Watch - 28000053-D,2,0,0.00%,0.00%,2,0,0.00%,0.00%,0.00%,0.00%,0,0,0.00%,0.00%,₹0.00,₹0.00,0,0
B08BCLYN66,B08BCLYN66,Armani Exchange Gold Quartz Stainless Steel Watch AX5734,130,1,0.07%,0.03%,174,2,0.07%,0.04%,99.36%,100.00%,0,0,0.00%,0.00%,₹0.00,₹0.00,0,0
B08CVP2HXP,B08CVP2HXP,"TONOR USB Microphone, Condenser Computer PC Mic with Tripod Stand, Metal,Pop Filter, Shock Mount for Gaming,Streaming,Podcasting,YouTube, Voice Over,Skype, Twitch,Compatible with Laptop Desktop, TC30",315,6,0.17%,0.17%,454,8,0.19%,0.17%,12.25%,0.00%,0,0,0.00%,0.00%,₹0.00,₹0.00,0,0
B08LNJ6Z9H,B08LNJ6Z9H,"PreSonus Revelator USB-C Microphone for podcasting, live streaming, with built-in voice effects plus loopback mixer for gaming, casting, and recording interviews over Skype, Zoom, Discord",0,0,0.00%,0.00%,0,0,0.00%,0.00%,0.00%,0.00%,0,0,0.00%,0.00%,₹0.00,₹0.00,0,0
B08R6P2518,B08R6P2518,Fossil Men Leather Everett Black Card Case Ml4398001,451,6,0.25%,0.17%,549,6,0.22%,0.12%,61.11%,100.00%,0,0,0.00%,0.00%,₹0.00,₹0.00,0,0
B08SW1LBDF,B08SW1LBDF,Diesel Silicone Mega Chief Analog-Digital Black Dial Men's Watch-Dz4548,0,0,0.00%,0.00%,0,0,0.00%,0.00%,0.00%,0.00%,0,0,0.00%,0.00%,₹0.00,₹0.00,0,0
B08XBYKWW3,B08XBYKWW3,Emporio Armani Diver Analog Green Dial Men's Watch-AR11338,222,3,0.12%,0.09%,287,3,0.12%,0.06%,96.09%,100.00%,0,0,0.00%,0.00%,₹0.00,₹0.00,0,0
B094R8FJ6J,B094R8FJ6J,Michael Kors Analog Men Alek Silver Dial Two Tone Watch MK9183,0,0,0.00%,0.00%,0,0,0.00%,0.00%,0.00%,0.00%,0,0,0.00%,0.00%,₹0.00,₹0.00,0,0
B09BBK2LV4,B09BBK2LV4,Emporio Armani Silver Watch AR11360,405,6,0.22%,0.17%,492,6,0.20%,0.12%,72.55%,33.33%,0,0,0.00%,0.00%,₹0.00,₹0.00,0,0
B09NC2NFR9,B09NC2NFR9,"Fossil Machine Analog Black Dial Men's Watch-FS5901 Genuine Leather, Brown Strap",190,2,0.10%,0.06%,270,2,0.11%,0.04%,32.16%,0.00%,0,0,0.00%,0.00%,₹0.00,₹0.00,0,0
B0B4G7VWXD,B0B4G7VWXD,"Audio Array AA-04 Metal Spider Shock Mount for Condenser Microphone | Anti Vibration, Suspension, Isolation | 4 Size Bottom Screws & Extra Replacement Elastic Bands | Recommended For Rode, Samson, etc",181,10,0.10%,0.29%,281,15,0.11%,0.31%,0.00%,0.00%,0,0,0.00%,0.00%,₹0.00,₹0.00,0,0
B0B4G94VP3,B0B4G94VP3,"Audio Array AA-03 Double Layer Professional Pop Filter | Flexible 360° Free Angle Adjustable, Durable Windshield | Metal Gooseneck Stabilizing Arm Holder with 32cm Arm Length | Suitable for Recording.",138,4,0.08%,0.12%,183,5,0.07%,0.10%,1.81%,0.00%,0,0,0.00%,0.00%,₹0.00,₹0.00,0,0
B0B75LLWV6,B0B75LLWV6,Emporio Armani Analog White Dial Women's Watch-AR11484,22,0,0.01%,0.00%,25,0,0.01%,0.00%,95.83%,0.00%,0,0,0.00%,0.00%,₹0.00,₹0.00,0,0
B0BFZL8NN2,B0BFZL8NN2,Emporio Armani Analog Mother of Pearl Dial Women's Watch-AR11499,0,0,0.00%,0.00%,0,0,0.00%,0.00%,0.00%,0.00%,0,0,0.00%,0.00%,₹0.00,₹0.00,0,0
B0BFZRGPJ6,B0BFZRGPJ6,Emporio Armani Analog Green Dial Men's Watch-AR11500,866,20,0.47%,0.58%,"1,107",27,0.45%,0.56%,96.97%,89.47%,0,0,0.00%,0.00%,₹0.00,₹0.00,0,0
B0BQ34TRDX,B0BQ34TRDX,Fossil Raquel Analog White Dial Women's Watch-Es5271 - Stainless Steel,156,1,0.09%,0.03%,207,1,0.08%,0.02%,75.94%,0.00%,0,0,0.00%,0.00%,₹0.00,₹0.00,0,0
B0BQ35JRM3,B0BQ35JRM3,Fossil Machine Black Watch FS5971,173,1,0.09%,0.03%,238,1,0.10%,0.02%,96.89%,100.00%,0,0,0.00%,0.00%,₹0.00,₹0.00,0,0
B0BQZG6C28,B0BQZG6C28,Emporio Armani Analog White Dial Women's Watch-AR80065SET,11,0,0.01%,0.00%,22,0,0.01%,0.00%,100.00%,0.00%,0,0,0.00%,0.00%,₹0.00,₹0.00,0,0
B0BQZGJHKV,B0BQZGJHKV,Armani Exchange Analog Black Dial Men's Watch-AX1867,0,0,0.00%,0.00%,0,0,0.00%,0.00%,0.00%,0.00%,0,0,0.00%,0.00%,₹0.00,₹0.00,0,0
B0BR5DZQSN,B0BR5DZQSN,Diesel Spiked Analog Black Dial Men's Stainless Steel Watch-Dz4627,870,7,0.48%,0.20%,"1,052",7,0.43%,0.15%,95.85%,100.00%,0,0,0.00%,0.00%,₹0.00,₹0.00,0,0
B0BRKFP94K,B0BRKFP94K,"TONOR TD510 Dynamic Microphone, USB/XLR PC Microphone for Podcast, Recording, Live Streaming & Gaming, XLR Cardioid Studio Mic Music Voice-Over with Quick Mute, Headphone Output, Volume Control",262,11,0.14%,0.32%,408,13,0.17%,0.27%,2.87%,0.00%,0,0,0.00%,0.00%,₹0.00,₹0.00,0,0
B0BS4BFLZW,B0BS4BFLZW,Michael Kors Harlowe Analog Gold Dial Women's Watch-MK4709,93,2,0.05%,0.06%,118,5,0.05%,0.10%,83.64%,100.00%,0,0,0.00%,0.00%,₹0.00,₹0.00,0,0
B0C77PPS9S,B0C77PPS9S,Fossil Analog White Dial Women's Watch-Es5310 - Leather,927,7,0.51%,0.20%,"1,168",7,0.48%,0.15%,94.18%,100.00%,0,0,0.00%,0.00%,₹0.00,₹0.00,0,0
B0C77Q5TQ5,B0C77Q5TQ5,Fossil Analog Gray Dial Women's Watch-Es5303 - Leather,526,1,0.29%,0.03%,663,1,0.27%,0.02%,64.54%,0.00%,0,0,0.00%,0.00%,₹0.00,₹0.00,0,0
B0C7WKTMFC,B0C7WKTMFC,Michael Kors Analog Black Dial Men's Stainless Steel Watch-Mk9113,103,2,0.06%,0.06%,168,3,0.07%,0.06%,95.77%,0.00%,0,0,0.00%,0.00%,₹0.00,₹0.00,0,0
B0CBCWGTGR,B0CBCWGTGR,"Diesel Leather Analog Blue Dial Men Watch-Dz2189, Brown Band",52,1,0.03%,0.03%,61,1,0.02%,0.02%,89.47%,0.00%,0,0,0.00%,0.00%,₹0.00,₹0.00,0,0
B0CCHHGG9B,B0CCHHGG9B,Emporio Armani Silver Watch AR11575,80,1,0.04%,0.03%,97,3,0.04%,0.06%,97.70%,0.00%,0,0,0.00%,0.00%,₹0.00,₹0.00,0,0
B0CCHLL1ZJ,B0CCHLL1ZJ,Emporio Armani Analog Silver Dial Women's Watch-AR11568,9,0,0.00%,0.00%,16,0,0.01%,0.00%,100.00%,0.00%,0,0,0.00%,0.00%,₹0.00,₹0.00,0,0
B0CCHMD6QH,B0CCHMD6QH,Emporio Armani Gun-Metal Watch AR11561,24,1,0.01%,0.03%,30,1,0.01%,0.02%,100.00%,0.00%,0,0,0.00%,0.00%,₹0.00,₹0.00,0,0
B0CDQHYGLW,B0CDQHYGLW,Emporio Armani Analog Multicolor Dial Women's Watch-AR11558,29,3,0.02%,0.09%,40,7,0.02%,0.15%,100.00%,0.00%,0,0,0.00%,0.00%,₹0.00,₹0.00,0,0
B0CGSQGH17,B0CGSQGH17,Skagen Analog White Dial Women's Watch-SKW3121,117,1,0.06%,0.03%,157,2,0.06%,0.04%,100.00%,100.00%,0,0,0.00%,0.00%,₹0.00,₹0.00,0,0
B0CH4PMR8K,B0CH4PMR8K,"Audio Array AM-C41 Plug & Play AI Noise Cancellation USB Condenser Microphone | Mute Button/Echo/Volume Knob | Kit with Tripod, Mic Cover | Gaming, Streaming, Podcast | Mac/PC/Laptop/Mobile",106,2,0.06%,0.06%,165,5,0.07%,0.10%,2.78%,0.00%,0,0,0.00%,0.00%,₹0.00,₹0.00,0,0
B0CH4RNWJX,B0CH4RNWJX,"Audio Array AM-C43 XLR to 3.5mm Professional Condenser Microphone Kit | Boom Arm, 2M Cable & Foam Filter | Compatible with Audio Interface, Mixer | Recording, Podcast, Streaming, Home Studio (Black)","1,441",21,0.79%,0.61%,"2,148",37,0.88%,0.77%,0.00%,0.00%,0,0,0.00%,0.00%,₹0.00,₹0.00,0,0
B0CJ6ZHK1S,B0CJ6ZHK1S,"Fossil Stainless Steel Analog Brown Dial Women's Watch-Es5323, Band Color:Rose Gold",467,6,0.26%,0.17%,590,7,0.24%,0.15%,92.01%,100.00%,0,0,0.00%,0.00%,₹0.00,₹0.00,0,0
B0CM9L1QZG,B0CM9L1QZG,"Audio Array AM-W16 Solo Wireless Lapel Over Ear Mic|in-Built ANC,Plug N Play,LongBattery Life,Ultra-Low Latency,Upto 30M Range|Compatible with iPhone&Android|Vlogging,Streaming,Teaching,YouTube,Black",86,2,0.05%,0.06%,130,3,0.05%,0.06%,0.00%,0.00%,0,0,0.00%,0.00%,₹0.00,₹0.00,0,0
B0CQNSQ9BJ,B0CQNSQ9BJ,"Promate Screwdriver Set with 120 CR-V Steel Bits, Foldable Cylindrical Case and Durable Construction, ProTools-126M",2,1,0.00%,0.03%,4,1,0.00%,0.02%,100.00%,100.00%,0,0,0.00%,0.00%,₹0.00,₹0.00,0,0
B0CR5NKB4C,B0CR5NKB4C,"Armani Exchange Stainless Steel Analog Men's Watch-Ax1962, Dial-Color:Black, Band Color:Two-Tone",88,3,0.05%,0.09%,120,5,0.05%,0.10%,46.15%,0.00%,0,0,0.00%,0.00%,₹0.00,₹0.00,0,0
B0CR5PZRNY,B0CR5PZRNY,"Emporio Armani Stainless Steel Analog Blue Dial Men's Watch-Ar11582, Band Color:Silver",89,0,0.05%,0.00%,113,0,0.05%,0.00%,97.12%,0.00%,0,0,0.00%,0.00%,₹0.00,₹0.00,0,0
B0CR5RR8Z6,B0CR5RR8Z6,"Emporio Armani Stainless Steel Analog Multicolor Dial Women's Watch-Ar11596, Dial-Color:Silver, Band Color:Silver",16,0,0.01%,0.00%,20,0,0.01%,0.00%,100.00%,0.00%,0,0,0.00%,0.00%,₹0.00,₹0.00,0,0
B0CR5S175Y,B0CR5S175Y,"Armani Exchange Stainless Steel Analog Black Dial Men's Watch-Ax2454, Band Color:Grey",146,1,0.08%,0.03%,182,1,0.07%,0.02%,88.69%,0.00%,0,0,0.00%,0.00%,₹0.00,₹0.00,0,0
B0CRCTQH2C,B0CRCTQH2C,"Michael Kors Stainless Steel Analog White Dial Women's Watch-Mk4805, Band Color:Gold",35,0,0.02%,0.00%,47,0,0.02%,0.00%,100.00%,0.00%,0,0,0.00%,0.00%,₹0.00,₹0.00,0,0
B0CRCYMKY8,B0CRCYMKY8,Michael Kors Analog White Dial Silver Strap Women's Watch-Mk7474,13,0,0.01%,0.00%,17,0,0.01%,0.00%,93.33%,0.00%,0,0,0.00%,0.00%,₹0.00,₹0.00,0,0
B0CRD1DRXG,B0CRD1DRXG,"Fossil Men Townsman Silver Automatic Stainless Steel Analogue Watch Me3260, Blue Dial, Silver Band","2,360",47,1.29%,1.36%,"2,990",59,1.22%,1.23%,88.88%,96.55%,0,0,0.00%,0.00%,₹0.00,₹0.00,0,0
B0CRD3QWVJ,B0CRD3QWVJ,Fossil Carlie Analog Women Silver Quartz Stainless Steel Watch ES5331,128,3,0.07%,0.09%,167,4,0.07%,0.08%,71.63%,100.00%,0,0,0.00%,0.00%,₹0.00,₹0.00,0,0
B0CRD7DH79,B0CRD7DH79,"Fossil Men Sport Tourer Silver Quartz Stainless Steel Chronograph Watch Fs6045, Black Dial, Silver Band",124,0,0.07%,0.00%,156,0,0.06%,0.00%,52.14%,0.00%,0,0,0.00%,0.00%,₹0.00,₹0.00,0,0
B0CRSQDJJ5,B0CRSQDJJ5,"Michael Kors Analog Green Dial Men's Stainless Steel Watch-Mk9152, Band Color:Silver",197,7,0.11%,0.20%,251,9,0.10%,0.19%,96.46%,100.00%,0,0,0.00%,0.00%,₹0.00,₹0.00,0,0
B0CRT23BD5,B0CRT23BD5,"Michael Kors Stainless Steel Analog Blue Dial Men's Watch-Mk9153, Band Color:Gold",54,0,0.03%,0.00%,83,0,0.03%,0.00%,86.57%,0.00%,0,0,0.00%,0.00%,₹0.00,₹0.00,0,0
B0CSK4ZCQH,B0CSK4ZCQH,Michael Kors Analog White Dial Men's Metal Band Watch-MK9163,70,0,0.04%,0.00%,78,0,0.03%,0.00%,94.44%,0.00%,0,0,0.00%,0.00%,₹0.00,₹0.00,0,0
B0CSK63BKG,B0CSK63BKG,Michael Kors Analog Blue Dial Men's Metal Band Watch-MK9156,43,1,0.02%,0.03%,55,1,0.02%,0.02%,97.87%,100.00%,0,0,0.00%,0.00%,₹0.00,₹0.00,0,0
B0CZ8X8CBD,B0CZ8X8CBD,Fossil Everett Silver Watch FS6056,380,3,0.21%,0.09%,476,3,0.19%,0.06%,95.26%,100.00%,0,0,0.00%,0.00%,₹0.00,₹0.00,0,0
B0CZ91YKMP,B0CZ91YKMP,Fossil Blue Dive Gold Watch ES5350,81,6,0.04%,0.17%,118,13,0.05%,0.27%,49.49%,33.33%,0,0,0.00%,0.00%,₹0.00,₹0.00,0,0
B0CZ93JG5X,B0CZ93JG5X,Michael Kors Emery Silver Watch MK4829,101,3,0.06%,0.09%,126,4,0.05%,0.08%,97.30%,100.00%,0,0,0.00%,0.00%,₹0.00,₹0.00,0,0
B0CZ94B6QL,B0CZ94B6QL,"Michael Kors Stainless Steel Analog Multicolor Dial Women's Watch-Mk4822, Band Color-Gold",40,0,0.02%,0.00%,54,0,0.02%,0.00%,83.72%,0.00%,0,0,0.00%,0.00%,₹0.00,₹0.00,0,0
B0CZ9HTWNC,B0CZ9HTWNC,Michael Kors Sage Silver Watch MK4824,95,4,0.05%,0.12%,117,6,0.05%,0.12%,15.24%,0.00%,0,0,0.00%,0.00%,₹0.00,₹0.00,0,0
B0D84YY632,B0D84YY632,"Armani Exchange Stainless Steel Analog Black Dial Men's Watch-Ax4180, Band Color:Gold","1,439",26,0.79%,0.75%,"1,835",40,0.75%,0.83%,36.43%,68.75%,0,0,0.00%,0.00%,₹0.00,₹0.00,0,0
B0D858SPK4,B0D858SPK4,"Armani Exchange Stainless Steel Analog Silver Dial Women's Watch-Ax7161Set, Band Color:Multicolor",58,0,0.03%,0.00%,63,0,0.03%,0.00%,100.00%,0.00%,0,0,0.00%,0.00%,₹0.00,₹0.00,0,0
B0D933B79H,B0D933B79H,Fossil Everett Brown Watch FS6071,171,7,0.09%,0.20%,204,7,0.08%,0.15%,56.38%,75.00%,0,0,0.00%,0.00%,₹0.00,₹0.00,0,0
B0D9345QY7,B0D9345QY7,"Emporio Armani Stainless Steel Analog Green Dial Men's Watch-Ar60080, Band Color:Silver",122,1,0.07%,0.03%,166,1,0.07%,0.02%,100.00%,100.00%,0,0,0.00%,0.00%,₹0.00,₹0.00,0,0
B0D935CGMF,B0D935CGMF,"Emporio Armani Leather Analog Multicolor Dial Men's Watch-Ar11635, Band Color:Black",85,0,0.05%,0.00%,122,0,0.05%,0.00%,88.00%,0.00%,0,0,0.00%,0.00%,₹0.00,₹0.00,0,0
B0D935S1B3,B0D935S1B3,"Emporio Armani Stainless Steel Analog Multicolor Dial Men's Watch-Ar11636, Band Color:Silver",63,1,0.03%,0.03%,76,1,0.03%,0.02%,100.00%,100.00%,0,0,0.00%,0.00%,₹0.00,₹0.00,0,0
B0D935TKFD,B0D935TKFD,"Emporio Armani Stainless Steel Analog Multicolor Dial Women's Watch-Ar11625, Band Color:Silver",22,3,0.01%,0.09%,34,6,0.01%,0.12%,89.66%,0.00%,0,0,0.00%,0.00%,₹0.00,₹0.00,0,0
B0D935TWSR,B0D935TWSR,"Emporio Armani Stainless Steel Analog Multicolor Dial Men's Watch-Ar11637, Band Color:Silver",66,4,0.04%,0.12%,95,10,0.04%,0.21%,88.16%,100.00%,0,0,0.00%,0.00%,₹0.00,₹0.00,0,0
B0D935VW9J,B0D935VW9J,"Emporio Armani Stainless Steel Analog Multicolor Dial Women's Watch-Ar11626, Band Color:Multicolor",25,0,0.01%,0.00%,30,0,0.01%,0.00%,76.67%,0.00%,0,0,0.00%,0.00%,₹0.00,₹0.00,0,0
B0D9363BB2,B0D9363BB2,Emporio Armani Black Watch AR11623,69,0,0.04%,0.00%,82,0,0.03%,0.00%,98.63%,0.00%,0,0,0.00%,0.00%,₹0.00,₹0.00,0,0
B0D9369MTM,B0D9369MTM,Fossil Harlow Brown Watch ES5364,"1,311",12,0.72%,0.35%,"1,551",13,0.63%,0.27%,90.86%,100.00%,0,0,0.00%,0.00%,₹0.00,₹0.00,0,0
B0D936CMG1,B0D936CMG1,"Emporio Armani Stainless Steel Analog Green Dial Men's Watch-Ar11621, Band Color:Silver",52,0,0.03%,0.00%,62,0,0.03%,0.00%,87.04%,0.00%,0,0,0.00%,0.00%,₹0.00,₹0.00,0,0
B0D936FLK4,B0D936FLK4,"Emporio Armani Stainless Steel Analog Black Dial Men's Watch-Ar11622, Band Color:Silver",25,1,0.01%,0.03%,27,1,0.01%,0.02%,88.46%,0.00%,0,0,0.00%,0.00%,₹0.00,₹0.00,0,0
B0D936RRVB,B0D936RRVB,"Emporio Armani Stainless Steel Analog Blue Dial Men's Watch-Ar60079, Band Color:Silver",100,2,0.05%,0.06%,138,5,0.06%,0.10%,100.00%,100.00%,0,0,0.00%,0.00%,₹0.00,₹0.00,0,0
B0D936YHDH,B0D936YHDH,"Emporio Armani Leather Analog Silver Dial Women's Watch-Ar11624, Band Color:Black",34,0,0.02%,0.00%,43,0,0.02%,0.00%,100.00%,0.00%,0,0,0.00%,0.00%,₹0.00,₹0.00,0,0
B0D955B6SX,B0D955B6SX,Michael Kors Lexington Silver Watch MK4843,43,0,0.02%,0.00%,58,0,0.02%,0.00%,97.96%,0.00%,0,0,0.00%,0.00%,₹0.00,₹0.00,0,0
B0D955H882,B0D955H882,Michael Kors Analog Men Alek Black Watch MK9185,0,0,0.00%,0.00%,0,0,0.00%,0.00%,0.00%,0.00%,0,0,0.00%,0.00%,₹0.00,₹0.00,0,0
B0D955NZTN,B0D955NZTN,Michael Kors Accelerator 2.0 Gun-Metal Watch MK9178,21,1,0.01%,0.03%,22,1,0.01%,0.02%,100.00%,0.00%,0,0,0.00%,0.00%,₹0.00,₹0.00,0,0
B0D955VQ4S,B0D955VQ4S,Michael Kors Lennox Silver Watch MK7488,18,0,0.01%,0.00%,19,0,0.01%,0.00%,94.74%,0.00%,0,0,0.00%,0.00%,₹0.00,₹0.00,0,0
B0D9564Z9T,B0D9564Z9T,Michael Kors Accelerator 2.0 Silver Watch MK9176,106,3,0.06%,0.09%,130,3,0.05%,0.06%,98.36%,0.00%,0,0,0.00%,0.00%,₹0.00,₹0.00,0,0
B0D9568856,B0D9568856,Michael Kors Brynn Silver Watch MK7506,19,0,0.01%,0.00%,27,0,0.01%,0.00%,68.18%,0.00%,0,0,0.00%,0.00%,₹0.00,₹0.00,0,0
B0D9568SNM,B0D9568SNM,Michael Kors Alek Gold Watch MK9184,130,1,0.07%,0.03%,194,1,0.08%,0.02%,81.07%,0.00%,0,0,0.00%,0.00%,₹0.00,₹0.00,0,0
B0D9573TBX,B0D9573TBX,Michael Kors Accelerator 2.0 Black Watch MK9179,83,1,0.05%,0.03%,139,2,0.06%,0.04%,84.80%,0.00%,0,0,0.00%,0.00%,₹0.00,₹0.00,0,0
B0D9ZN5NBD,B0D9ZN5NBD,Fossil Men's Machine Brown Quartz Analog Leather Watch FS6085,27,0,0.01%,0.00%,35,0,0.01%,0.00%,33.33%,0.00%,0,0,0.00%,0.00%,₹0.00,₹0.00,0,0
B0DB1J1HST,B0DB1J1HST,"Emporio Armani Stainless Steel Analog Blue Dial Men's Watch-Ar11620, Band Color:Silver",38,1,0.02%,0.03%,57,1,0.02%,0.02%,83.64%,100.00%,0,0,0.00%,0.00%,₹0.00,₹0.00,0,0
B0DB5VG39T,B0DB5VG39T,White Mulberry |DIY| Economical Gas Spring Monitor Arm | Desk Mounted Monitor Stand for 15-32 Inch Monitors |9Kg Screen Capacity|VESA 75X75&100X100| Adjustable Metal Desk Monitor Mount-(Single Screen),"1,201",67,0.66%,1.94%,"1,694",95,0.69%,1.97%,0.07%,0.00%,0,0,0.00%,0.00%,₹0.00,₹0.00,0,0
B0DC674ZNR,B0DC674ZNR,Fossil Sport Tourer Black Quartz Silicone Watch FS6087,"1,464",22,0.80%,0.64%,"1,861",31,0.76%,0.64%,43.36%,52.63%,0,0,0.00%,0.00%,₹0.00,₹0.00,0,0
B0DCGHVN81,B0DCGHVN81,NexLev 2 in 1 Handheld & Stick Vacuum Cleaner | 17500 PA Suction | Dry Vacuuming for Home & Office | Washable HEPA Filter | 4 Adjustable Heads | Bagless| Deep Cleaning for Sofa Bed Window & more|VC-01,909,15,0.50%,0.43%,"1,297",21,0.53%,0.44%,4.21%,0.00%,0,0,0.00%,0.00%,₹0.00,₹0.00,0,0
B0DJ2W8W79,B0DJ2W8W79,Michael Kors Sage Silver Watch MK9191,399,15,0.22%,0.43%,553,18,0.23%,0.37%,92.59%,100.00%,0,0,0.00%,0.00%,₹0.00,₹0.00,0,0
B0DJ2WNH1Y,B0DJ2WNH1Y,Michael Kors Lexington Silver Watch MK4864,46,1,0.03%,0.03%,56,1,0.02%,0.02%,86.79%,100.00%,0,0,0.00%,0.00%,₹0.00,₹0.00,0,0
B0DJ2X1477,B0DJ2X1477,Fossil Women's Sloan Gold Analog Quartz Stainless Steel Watch ES5380,317,10,0.17%,0.29%,393,18,0.16%,0.37%,74.15%,100.00%,0,0,0.00%,0.00%,₹0.00,₹0.00,0,0
B0DJ2XCDJ1,B0DJ2XCDJ1,Emporio Armani Women's Stainless Steel Analog Green Dial Watch-AR11639,351,9,0.19%,0.26%,480,16,0.20%,0.33%,99.76%,100.00%,0,0,0.00%,0.00%,₹0.00,₹0.00,0,0
B0DJ2XDV59,B0DJ2XDV59,Michael Kors Rylee Silver Watch MK4873,80,3,0.04%,0.09%,86,3,0.04%,0.06%,100.00%,100.00%,0,0,0.00%,0.00%,₹0.00,₹0.00,0,0
B0DJ2XHK2N,B0DJ2XHK2N,Fossil Women's Scarlette Multicolor Analog Quartz Stainless Steel Watch ES5388,0,0,0.00%,0.00%,0,0,0.00%,0.00%,0.00%,0.00%,0,0,0.00%,0.00%,₹0.00,₹0.00,0,0
B0DJ2XWYX7,B0DJ2XWYX7,Michael Kors Sage Gold Watch MK9192,119,1,0.07%,0.03%,175,1,0.07%,0.02%,96.53%,100.00%,0,0,0.00%,0.00%,₹0.00,₹0.00,0,0
B0DJ2Y1BG6,B0DJ2Y1BG6,Fossil Women's Carlie Gold Analog Quartz Stainless Steel Watch ES5387Set,489,5,0.27%,0.14%,649,8,0.26%,0.17%,52.05%,0.00%,0,0,0.00%,0.00%,₹0.00,₹0.00,0,0
B0DJ2Y4J4Q,B0DJ2Y4J4Q,Fossil Men's Townsman Brown Analog Automatic Leather Watch ME3265,326,8,0.18%,0.23%,437,10,0.18%,0.21%,61.23%,66.67%,0,0,0.00%,0.00%,₹0.00,₹0.00,0,0
B0DJ2YM76K,B0DJ2YM76K,Fossil Women's Sloan Silver Quartz Stainless Steel Analog Watch ES5381,144,2,0.08%,0.06%,170,2,0.07%,0.04%,36.20%,50.00%,0,0,0.00%,0.00%,₹0.00,₹0.00,0,0
B0DJ2Z6JSW,B0DJ2Z6JSW,Fossil Men's Machine Brown Analog Quartz Leather Watch FS6081Set,36,1,0.02%,0.03%,40,1,0.02%,0.02%,74.36%,100.00%,0,0,0.00%,0.00%,₹0.00,₹0.00,0,0
B0DKJQDKPD,B0DKJQDKPD,Armani Exchange Analog Black Dial Men's Watch-AX1964,57,1,0.03%,0.03%,79,2,0.03%,0.04%,100.00%,100.00%,0,0,0.00%,0.00%,₹0.00,₹0.00,0,0
B0DP2VVRND,B0DP2VVRND,White Mulberry |DIY| Height Adjustable Monitor Stand Mount | Supports 17-32 Inch Screens| 10 Kg Screen Load | VESA 75X75 & 100X100 | Freestanding Monitor Mount | Black - (Single Screen),0,0,0.00%,0.00%,0,0,0.00%,0.00%,0.00%,0.00%,0,0,0.00%,0.00%,₹0.00,₹0.00,0,0
B0DP32F346,B0DP32F346,White Mulberry |DIY| Woodcraft - Premium Wooden Arm | Desk Mounted Monitor arm 15-32 Inch Monitor|9Kg Screen Capacity|Spring Assisted Premium Wooden Metal Desk Mount-(Single Screen),319,27,0.17%,0.78%,460,31,0.19%,0.64%,0.00%,0.00%,0,0,0.00%,0.00%,₹0.00,₹0.00,0,0
B0DP5HM2ZR,B0DP5HM2ZR,Michael Kors Emery Multicolor Quartz Stainless Steel Watch MK4882,23,0,0.01%,0.00%,24,0,0.01%,0.00%,81.82%,0.00%,0,0,0.00%,0.00%,₹0.00,₹0.00,0,0
B0DSBN63D1,B0DSBN63D1,Armani Exchange Silver Quartz Stainless Steel Watch AX1767,54,0,0.03%,0.00%,74,0,0.03%,0.00%,83.82%,0.00%,0,0,0.00%,0.00%,₹0.00,₹0.00,0,0
B0DSBPPPJ9,B0DSBPPPJ9,Fossil Womens Raquel Gold Quartz Stainless Steel White Dial Analog Watch ES5398,55,2,0.03%,0.06%,71,3,0.03%,0.06%,58.73%,100.00%,0,0,0.00%,0.00%,₹0.00,₹0.00,0,0
B0DSBPT3J3,B0DSBPT3J3,Fossil Mens Everett Brown Quartz Leather Dark Brown Dial Analog Watch FS6108,173,0,0.09%,0.00%,233,0,0.09%,0.00%,77.78%,0.00%,0,0,0.00%,0.00%,₹0.00,₹0.00,0,0
B0DSBQ8JV7,B0DSBQ8JV7,Michael Kors Lexington Blue Quartz Stainless Steel Watch MK7519LE,36,0,0.02%,0.00%,52,0,0.02%,0.00%,100.00%,0.00%,0,0,0.00%,0.00%,₹0.00,₹0.00,0,0
B0DSBQN2B9,B0DSBQN2B9,Fossil Men Everett Grey Quartz Stainless Steel Analog Watch FS6107,288,6,0.16%,0.17%,367,6,0.15%,0.12%,54.68%,100.00%,0,0,0.00%,0.00%,₹0.00,₹0.00,0,0
B0DSBQWH32,B0DSBQWH32,Fossil Womens Raquel Silver Quartz Stainless Steel White Dial Analog Watch ES5400,48,1,0.03%,0.03%,61,3,0.02%,0.06%,47.17%,100.00%,0,0,0.00%,0.00%,₹0.00,₹0.00,0,0
B0DSBQYVSM,B0DSBQYVSM,Fossil Men Neutra Multicolor Quartz Stainless Steel White Dial Analog Watch FS6112,690,13,0.38%,0.38%,850,17,0.35%,0.35%,89.60%,100.00%,0,0,0.00%,0.00%,₹0.00,₹0.00,0,0
B0DSBR8G7Y,B0DSBR8G7Y,Armani Exchange Multicolor Quartz Stainless Steel Watch AX5176,146,2,0.08%,0.06%,203,2,0.08%,0.04%,100.00%,100.00%,0,0,0.00%,0.00%,₹0.00,₹0.00,0,0
B0DSBRPS7R,B0DSBRPS7R,Armani Exchange Pink Quartz Stainless Steel Watch AX7167SET,31,2,0.02%,0.06%,34,3,0.01%,0.06%,97.06%,100.00%,0,0,0.00%,0.00%,₹0.00,₹0.00,0,0
B0DSBRQNM8,B0DSBRQNM8,Fossil Women Raquel Multicolor Quartz Stainless Steel White Dial Analog Watch ES5399,121,2,0.07%,0.06%,159,2,0.06%,0.04%,62.69%,50.00%,0,0,0.00%,0.00%,₹0.00,₹0.00,0,0
B0DSBS17RY,B0DSBS17RY,Armani Exchange Silver Quartz Stainless Steel Watch AX4186,243,5,0.13%,0.14%,366,5,0.15%,0.10%,92.28%,100.00%,0,0,0.00%,0.00%,₹0.00,₹0.00,0,0
B0DSBSVS4X,B0DSBSVS4X,Fossil Womens Raquel Silver Quartz Stainless Steel Blue Dial Analog Watch ES5402,284,6,0.16%,0.17%,381,8,0.16%,0.17%,62.69%,100.00%,0,0,0.00%,0.00%,₹0.00,₹0.00,0,0
B0DT2XZNK5,B0DT2XZNK5,Emporio Armani Silver Quartz Stainless Steel Watch AR11664,70,0,0.04%,0.00%,89,0,0.04%,0.00%,90.79%,0.00%,0,0,0.00%,0.00%,₹0.00,₹0.00,0,0
B0DT2ZQV18,B0DT2ZQV18,Emporio Armani Green Quartz Leather Watch AR11661,27,0,0.01%,0.00%,36,0,0.01%,0.00%,93.33%,0.00%,0,0,0.00%,0.00%,₹0.00,₹0.00,0,0
B0DT31Q99D,B0DT31Q99D,Emporio Armani Silver Quartz Stainless Steel Watch AR11669,2,0,0.00%,0.00%,2,0,0.00%,0.00%,50.00%,0.00%,0,0,0.00%,0.00%,₹0.00,₹0.00,0,0
B0DT322B7L,B0DT322B7L,Emporio Armani Silver Quartz Stainless Steel Watch AR11662,6,0,0.00%,0.00%,6,0,0.00%,0.00%,100.00%,0.00%,0,0,0.00%,0.00%,₹0.00,₹0.00,0,0
B0DT32JDPV,B0DT32JDPV,Emporio Armani Gold Quartz Stainless Steel Watch AR11663,6,0,0.00%,0.00%,7,0,0.00%,0.00%,71.43%,0.00%,0,0,0.00%,0.00%,₹0.00,₹0.00,0,0
B0DT34RQM2,B0DT34RQM2,Michael Kors Gramercy Pink Quartz Stainless Steel Watch MK7528,102,6,0.06%,0.17%,129,9,0.05%,0.19%,100.00%,100.00%,0,0,0.00%,0.00%,₹0.00,₹0.00,0,0
B0DT381WY9,B0DT381WY9,Emporio Armani Silver Quartz Stainless Steel Watch AR11674,44,4,0.02%,0.12%,68,6,0.03%,0.12%,96.67%,100.00%,0,0,0.00%,0.00%,₹0.00,₹0.00,0,0
B0DT3F8L97,B0DT3F8L97,Emporio Armani Black Quartz Leather Watch AR11660,6,0,0.00%,0.00%,7,0,0.00%,0.00%,85.71%,0.00%,0,0,0.00%,0.00%,₹0.00,₹0.00,0,0
B0DTYDTKN8,B0DTYDTKN8,NexLev Cordless Spin Mop|50 Min Runtime|2 Extra Mop Pads | Type C | For Home Kitchen & Office Use | Water Spray Function|Self Propelling|Mopping for All Floor Types|LED for Corners and Underbed|SPM-01,0,0,0.00%,0.00%,0,0,0.00%,0.00%,0.00%,0.00%,0,0,0.00%,0.00%,₹0.00,₹0.00,0,0
B0DVCBR11D,B0DVCBR11D,"nexlev Travel Neck Pillow | Orthopedic Premium Memory Foam | for Airplane, Car, Train, Office use & Cervical Pain | Machine Washable | 360 Support | Carry Pouch for Storage | NP-06",1,0,0.00%,0.00%,1,0,0.00%,0.00%,100.00%,0.00%,0,0,0.00%,0.00%,₹0.00,₹0.00,0,0
B0FCVBJX29,B0FCVBJX29,Fossil Neutra Brown Quartz Leather Watch FS6129,115,3,0.06%,0.09%,156,6,0.06%,0.12%,86.36%,100.00%,0,0,0.00%,0.00%,₹0.00,₹0.00,0,0
B0FCVBY986,B0FCVBY986,Fossil Raquel Gold Quartz Stainless Steel Watch ES5434,113,2,0.06%,0.06%,134,2,0.05%,0.04%,90.98%,0.00%,0,0,0.00%,0.00%,₹0.00,₹0.00,0,0
B0FCVFDZP7,B0FCVFDZP7,Fossil Grant Metallic Quartz Stainless Steel Watch FS6133,71,2,0.04%,0.06%,88,2,0.04%,0.04%,92.59%,100.00%,0,0,0.00%,0.00%,₹0.00,₹0.00,0,0
B0FCVGHVV7,B0FCVGHVV7,Fossil Gilmore Multicolor Quartz Stainless Steel Watch ES5422,27,1,0.01%,0.03%,29,1,0.01%,0.02%,67.86%,100.00%,0,0,0.00%,0.00%,₹0.00,₹0.00,0,0
B0FCVHPY4B,B0FCVHPY4B,Fossil Gilmore Gold Quartz Stainless Steel Watch ES5421,38,4,0.02%,0.12%,48,5,0.02%,0.10%,65.91%,100.00%,0,0,0.00%,0.00%,₹0.00,₹0.00,0,0
B0FCVKH4TS,B0FCVKH4TS,Fossil Raquel Gold Quartz Stainless Steel Watch ES5417,38,1,0.02%,0.03%,46,1,0.02%,0.02%,63.41%,100.00%,0,0,0.00%,0.00%,₹0.00,₹0.00,0,0
B0FCVLB3FG,B0FCVLB3FG,Fossil Gilmore Rose Gold Quartz Stainless Steel Watch ES5420,72,2,0.04%,0.06%,86,6,0.04%,0.12%,52.44%,100.00%,0,0,0.00%,0.00%,₹0.00,₹0.00,0,0
B0FCVLFLGF,B0FCVLFLGF,Fossil Gilmore Silver Quartz Stainless Steel Watch ES5419,42,1,0.02%,0.03%,56,1,0.02%,0.02%,62.50%,0.00%,0,0,0.00%,0.00%,₹0.00,₹0.00,0,0
B0FCVRKB8C,B0FCVRKB8C,Fossil Grant Multicolor Quartz Stainless Steel Watch FS6132,252,7,0.14%,0.20%,355,9,0.14%,0.19%,88.60%,100.00%,0,0,0.00%,0.00%,₹0.00,₹0.00,0,0
B0FFD8Q4K6,B0FFD8Q4K6,Armani Exchange Gold Quartz Stainless Steel Watch AX5735,22,1,0.01%,0.03%,35,2,0.01%,0.04%,100.00%,100.00%,0,0,0.00%,0.00%,₹0.00,₹0.00,0,0
B0FFDJHKR5,B0FFDJHKR5,Armani Exchange Silver Quartz Stainless Steel Watch AX2820,44,1,0.02%,0.03%,58,3,0.02%,0.06%,75.00%,100.00%,0,0,0.00%,0.00%,₹0.00,₹0.00,0,0
B0FFDJNB8T,B0FFDJNB8T,Armani Exchange Black Quartz Stainless Steel Watch AX5732,39,0,0.02%,0.00%,59,0,0.02%,0.00%,57.78%,0.00%,0,0,0.00%,0.00%,₹0.00,₹0.00,0,0
B0FFDLZV1H,B0FFDLZV1H,Armani Exchange Gold Quartz Stainless Steel Watch AX2822,151,6,0.08%,0.17%,201,7,0.08%,0.15%,86.21%,100.00%,0,0,0.00%,0.00%,₹0.00,₹0.00,0,0
B0FFDM5QJX,B0FFDM5QJX,Armani Exchange Metallic Quartz Stainless Steel Watch AX2823,55,1,0.03%,0.03%,73,1,0.03%,0.02%,90.91%,0.00%,0,0,0.00%,0.00%,₹0.00,₹0.00,0,0
B0FFDSN4S1,B0FFDSN4S1,Armani Exchange Multicolor Quartz Stainless Steel Watch AX2821,78,4,0.04%,0.12%,117,5,0.05%,0.10%,59.14%,75.00%,0,0,0.00%,0.00%,₹0.00,₹0.00,0,0
B0FFHXRJNS,B0FFHXRJNS,Emporio Armani Multicolor Quartz Plastic Watch AR11694,6,0,0.00%,0.00%,6,0,0.00%,0.00%,100.00%,0.00%,0,0,0.00%,0.00%,₹0.00,₹0.00,0,0
B0FFJ2583H,B0FFJ2583H,Emporio Armani Silver Quartz Stainless Steel Watch AR11706,9,0,0.00%,0.00%,12,0,0.00%,0.00%,90.00%,0.00%,0,0,0.00%,0.00%,₹0.00,₹0.00,0,0
B0FFJ6T8YY,B0FFJ6T8YY,Emporio Armani Silver Quartz Stainless Steel Watch AR11688,49,0,0.03%,0.00%,63,0,0.03%,0.00%,78.95%,0.00%,0,0,0.00%,0.00%,₹0.00,₹0.00,0,0
B0FFJ939GQ,B0FFJ939GQ,Emporio Armani Brown Quartz Leather Watch AR11708,33,0,0.02%,0.00%,39,0,0.02%,0.00%,97.30%,0.00%,0,0,0.00%,0.00%,₹0.00,₹0.00,0,0
B0FFJG71QJ,B0FFJG71QJ,Emporio Armani Silver Quartz Stainless Steel Watch AR11691,20,1,0.01%,0.03%,28,1,0.01%,0.02%,90.48%,100.00%,0,0,0.00%,0.00%,₹0.00,₹0.00,0,0
B0FFJJM7DS,B0FFJJM7DS,Emporio Armani Gold Quartz Stainless Steel Watch AR11707,68,2,0.04%,0.06%,89,6,0.04%,0.12%,77.78%,100.00%,0,0,0.00%,0.00%,₹0.00,₹0.00,0,0
B0FFJPKHZL,B0FFJPKHZL,Emporio Armani Black Quartz Leather Watch AR11690,34,1,0.02%,0.03%,43,1,0.02%,0.02%,97.30%,100.00%,0,0,0.00%,0.00%,₹0.00,₹0.00,0,0
B0FFJQB51R,B0FFJQB51R,Emporio Armani Green Quartz Rubber Watch AR11693,7,0,0.00%,0.00%,8,0,0.00%,0.00%,100.00%,0.00%,0,0,0.00%,0.00%,₹0.00,₹0.00,0,0
B0FJ2SQTNR,B0FJ2SQTNR,Fossil Everett Silver Quartz Stainless Steel Watch FS6128,124,3,0.07%,0.09%,170,3,0.07%,0.06%,91.95%,100.00%,0,0,0.00%,0.00%,₹0.00,₹0.00,0,0
B0FJ2SSSZR,B0FJ2SSSZR,Fossil Raquel Brown Quartz Leather Watch ES5418,76,0,0.04%,0.00%,100,0,0.04%,0.00%,39.13%,0.00%,0,0,0.00%,0.00%,₹0.00,₹0.00,0,0
B0FJZZ4X7Q,B0FJZZ4X7Q,Michael Kors Billie Multicolor Quartz Stainless Steel Watch MK9221,20,1,0.01%,0.03%,29,1,0.01%,0.02%,78.57%,100.00%,0,0,0.00%,0.00%,₹0.00,₹0.00,0,0
B0FJZZ6J3R,B0FJZZ6J3R,Michael Kors Billie Gold Quartz Stainless Steel Watch MK9220,18,0,0.01%,0.00%,32,0,0.01%,0.00%,80.77%,0.00%,0,0,0.00%,0.00%,₹0.00,₹0.00,0,0
B0FK1FC978,B0FK1FC978,Michael Kors Phoebe Gold Quartz Stainless Steel Watch MK4923,88,0,0.05%,0.00%,109,0,0.04%,0.00%,64.89%,0.00%,0,0,0.00%,0.00%,₹0.00,₹0.00,0,0
B0FK237HV4,B0FK237HV4,Michael Kors Billie Silver Quartz Stainless Steel Watch MK9222,35,2,0.02%,0.06%,48,2,0.02%,0.04%,78.95%,50.00%,0,0,0.00%,0.00%,₹0.00,₹0.00,0,0
B0FKBV3N4Y,B0FKBV3N4Y,Michael Kors Georgie Rose Gold Quartz Stainless Steel Watch MK4932,14,0,0.01%,0.00%,14,0,0.01%,0.00%,64.29%,0.00%,0,0,0.00%,0.00%,₹0.00,₹0.00,0,0
B0FKBV4H32,B0FKBV4H32,Michael Kors Billie Black Quartz Stainless Steel Watch MK9223,195,3,0.11%,0.09%,265,3,0.11%,0.06%,64.47%,100.00%,0,0,0.00%,0.00%,₹0.00,₹0.00,0,0
B0FKBVB3YH,B0FKBVB3YH,Michael Kors Georgie Multicolor Quartz Stainless Steel Watch MK4935,11,0,0.01%,0.00%,16,0,0.01%,0.00%,54.55%,0.00%,0,0,0.00%,0.00%,₹0.00,₹0.00,0,0
B0FKBVVZ7P,B0FKBVVZ7P,Michael Kors Georgie Silver Quartz Stainless Steel Watch MK4933,10,0,0.01%,0.00%,15,0,0.01%,0.00%,91.67%,0.00%,0,0,0.00%,0.00%,₹0.00,₹0.00,0,0
B0FKBW8L5H,B0FKBW8L5H,Michael Kors Georgie Gold Quartz Stainless Steel Watch MK4931,17,0,0.01%,0.00%,22,0,0.01%,0.00%,100.00%,0.00%,0,0,0.00%,0.00%,₹0.00,₹0.00,0,0
B0FKBWS861,B0FKBWS861,Michael Kors Georgie Gold Quartz Stainless Steel Watch MK4934,38,2,0.02%,0.06%,70,2,0.03%,0.04%,51.92%,100.00%,0,0,0.00%,0.00%,₹0.00,₹0.00,0,0
B0FQ7WTM8P,B0FQ7WTM8P,Michael Kors Phoebe Rose Gold Quartz Stainless Steel Watch MK4962,91,1,0.05%,0.03%,119,1,0.05%,0.02%,50.45%,0.00%,0,0,0.00%,0.00%,₹0.00,₹0.00,0,0
B0FQ8BFNPN,B0FQ8BFNPN,Michael Kors Phoebe Silver Quartz Stainless Steel Watch MK4963,18,1,0.01%,0.03%,25,1,0.01%,0.02%,94.74%,0.00%,0,0,0.00%,0.00%,₹0.00,₹0.00,0,0
B0FQ8K147H,B0FQ8K147H,Michael Kors Lexington Silver Quartz Stainless Steel Watch MK9242,47,1,0.03%,0.03%,54,1,0.02%,0.02%,96.23%,100.00%,0,0,0.00%,0.00%,₹0.00,₹0.00,0,0
B0FRV4KDN4,B0FRV4KDN4,Armani Exchange Sync Multicolor Quartz Stainless Steel Watch AX4199,71,1,0.04%,0.03%,100,8,0.04%,0.17%,96.67%,100.00%,0,0,0.00%,0.00%,₹0.00,₹0.00,0,0
B0FRVBBDM9,B0FRVBBDM9,Armani Exchange Black Watch AX4621,455,18,0.25%,0.52%,648,28,0.26%,0.58%,82.03%,76.47%,0,0,0.00%,0.00%,₹0.00,₹0.00,0,0
B0FRVG8SR6,B0FRVG8SR6,Armani Exchange Analog Green Dial Men's Watch-AX1970,41,1,0.02%,0.03%,51,1,0.02%,0.02%,100.00%,100.00%,0,0,0.00%,0.00%,₹0.00,₹0.00,0,0
B0FRVZ29NP,B0FRVZ29NP,Armani Exchange Silver Watch Set AX7176SET,235,2,0.13%,0.06%,309,4,0.13%,0.08%,57.76%,100.00%,0,0,0.00%,0.00%,₹0.00,₹0.00,0,0
B0FRVZCYH9,B0FRVZCYH9,Armani Exchange Black Quartz Rubber Watch AX1769,130,0,0.07%,0.00%,195,0,0.08%,0.00%,86.06%,0.00%,0,0,0.00%,0.00%,₹0.00,₹0.00,0,0
B0FRW51FQF,B0FRW51FQF,Armani Exchange Black Watch AX4173,31,0,0.02%,0.00%,43,0,0.02%,0.00%,73.68%,0.00%,0,0,0.00%,0.00%,₹0.00,₹0.00,0,0
B0FS6JY8XW,B0FS6JY8XW,Michael Kors Essex Nude Watch MK4964,30,3,0.02%,0.09%,40,4,0.02%,0.08%,86.67%,50.00%,0,0,0.00%,0.00%,₹0.00,₹0.00,0,0
B0FS6M8FSK,B0FS6M8FSK,Michael Kors Essex Red Watch MK4966,116,1,0.06%,0.03%,149,1,0.06%,0.02%,100.00%,0.00%,0,0,0.00%,0.00%,₹0.00,₹0.00,0,0
B0FTK3KCY6,B0FTK3KCY6,Fossil Campbell Silver Quartz Stainless Steel Watch FS6140,100,4,0.05%,0.12%,115,4,0.05%,0.08%,96.33%,100.00%,0,0,0.00%,0.00%,₹0.00,₹0.00,0,0
B0FTK7KQ1P,B0FTK7KQ1P,Fossil Machine Silver Quartz Stainless Steel Watch FS6144,101,5,0.06%,0.14%,133,8,0.05%,0.17%,92.24%,100.00%,0,0,0.00%,0.00%,₹0.00,₹0.00,0,0
B0FTKNBJY4,B0FTKNBJY4,Fossil Campbell Silver Quartz Stainless Steel Watch FS6139,61,2,0.03%,0.06%,70,2,0.03%,0.04%,90.91%,100.00%,0,0,0.00%,0.00%,₹0.00,₹0.00,0,0
B0FTKWD4HQ,B0FTKWD4HQ,Fossil Crosby Black Quartz Leather Watch FS6151,125,6,0.07%,0.17%,156,8,0.06%,0.17%,90.71%,80.00%,0,0,0.00%,0.00%,₹0.00,₹0.00,0,0
B0FTL6L4WG,B0FTL6L4WG,Michael Kors Rhys Multicolor Quartz Stainless Steel Watch MK9240,10,0,0.01%,0.00%,15,0,0.01%,0.00%,92.86%,0.00%,0,0,0.00%,0.00%,₹0.00,₹0.00,0,0
B0FTL6PH2Z,B0FTL6PH2Z,Fossil Machine Black Quartz Silicone Watch FS6145SET,341,3,0.19%,0.09%,447,3,0.18%,0.06%,74.47%,100.00%,0,0,0.00%,0.00%,₹0.00,₹0.00,0,0
B0FTL6QH21,B0FTL6QH21,Emporio Armani Multicolor Quartz Stainless Steel Watch AR11713,105,4,0.06%,0.12%,148,5,0.06%,0.10%,97.66%,100.00%,0,0,0.00%,0.00%,₹0.00,₹0.00,0,0
B0FTL71V28,B0FTL71V28,Michael Kors Essex Black Quartz Leather Watch MK4965,78,0,0.04%,0.00%,102,0,0.04%,0.00%,82.22%,0.00%,0,0,0.00%,0.00%,₹0.00,₹0.00,0,0
B0FTMKHR8H,B0FTMKHR8H,Emporio Armani Blue Quartz Leather Watch AR11718,32,0,0.02%,0.00%,35,0,0.01%,0.00%,87.88%,0.00%,0,0,0.00%,0.00%,₹0.00,₹0.00,0,0
B0FTMMBT5P,B0FTMMBT5P,Emporio Armani Multicolor Quartz Leather Watch AR80083SET,16,1,0.01%,0.03%,18,1,0.01%,0.02%,100.00%,100.00%,0,0,0.00%,0.00%,₹0.00,₹0.00,0,0
B0G12NY3R2,B0G12NY3R2,Audio Array Condenser Microphones (AM-C25 & AM-C41 & AM-C42),1,0,0.00%,0.00%,1,0,0.00%,0.00%,0.00%,0.00%,0,0,0.00%,0.00%,₹0.00,₹0.00,0,0